cpu_mean,cpu_std,cpu_max,mem_mean,mem_growth_rate,mem_std,disk_mean,disk_std,disk_max,process,label,anomaly_type
12.829013250736905,5.320974345804015,24.428103903147875,261.33053104263604,0.13182804724498093,1.3025615056944138,55.183579208131974,27.88350604047473,105.35561007108862,outlook.exe,0,none
17.904938183478905,5.163667175977693,34.877309583909835,241.77303559004218,0.06393320825389044,1.4869454361395036,44.92025497475543,20.827451018071546,98.77662807831399,code.exe,0,none
12.15734751795449,5.029782309619707,22.563229906777977,200.98443302948388,0.1617816396443582,2.128816497099812,29.97478754574733,14.819297401449319,62.40023616438373,slack.exe,0,none
8.041385982049764,2.7898700627329314,15.414274421485699,121.12905927070662,0.04670591818431925,0.5553076206179148,30.428167448977415,14.226686720943595,56.06425965122628,explorer.exe,0,none
6.222387890976885,1.9160042770320087,10.525462106369785,90.8663504500137,0.020457542887718696,0.47854057500787117,25.78789440132746,10.476757601231773,45.37521611990245,svchost.exe,0,none
16.431761890174876,6.534063628160871,32.71677450986778,182.56522855532864,0.07839086855377483,1.2977413920243728,37.02431728139277,18.537684860748595,73.94244998414061,python.exe,0,none
18.069387755196182,5.996670107679226,28.699648475968978,353.4495516347405,0.04243898552365219,1.687383537712488,63.576203640951846,28.966129171160606,108.83833638354778,edge.exe,0,none
16.823536342044147,6.354239818341212,28.382158490929406,179.12261183939506,-0.035879256725998704,0.8015513276729734,40.33625655198898,19.957184164850087,82.63712339891549,python.exe,0,none
24.222357120385222,12.513128700121282,57.99285400242605,418.2239186372994,0.05437796865439471,1.2006244490564564,76.49205695787505,30.16170491559817,135.41349342309204,chrome.exe,0,none
19.159138732553593,6.162981974427226,32.080714510599655,305.55943316256344,-0.2921883750264215,2.7885286107122074,61.79959834195302,25.960683830730883,118.26223776060762,teams.exe,0,none
13.17397841290625,4.3865751619444655,21.820929556331066,201.27644791784329,0.02752536025314972,1.2584052996780783,34.48020657938876,12.227842876866204,54.819927562324665,slack.exe,0,none
16.429861860395594,3.7447538111510696,22.849458427079917,239.81502184597602,-0.1523792804024197,3.4488044329890992,44.42662941816045,24.403173258206376,89.79116231647333,code.exe,0,none
13.569016872425077,3.9052368959917274,22.94302625496593,197.83772498887356,-0.03737055965464909,0.8285116175551138,32.67395513864635,14.5477084294126,55.07342471240969,slack.exe,0,none
19.538717293640502,7.429130031603896,31.40681578628311,348.87389180574877,-0.14567613139714125,1.6038858767363235,57.75663460468431,31.626195627382696,125.50851581542929,edge.exe,0,none
6.050679444715043,1.4462618939371672,9.487006810177688,89.25436515467976,-0.017247004041939816,0.27572377141657856,28.575465587133465,10.861860095883575,47.332450539588095,svchost.exe,0,none
21.55168902302118,6.814966425711853,34.16302000567824,418.008144951401,-0.15055145048294208,2.927116581259375,70.83033997821305,35.37736222898437,137.384412400168,chrome.exe,0,none
15.447367015941788,5.332893179426173,26.25959886891971,238.77841452018714,0.06242420538722892,1.608040396533926,37.74664098893694,20.66625846675049,74.67993851239267,code.exe,0,none
17.791572149440302,6.307809443263479,27.379289733783875,180.3095090746428,-0.06069299884848552,0.9564147005665878,36.81802338600068,19.74810409513561,75.90190469791756,python.exe,0,none
13.797013840224146,4.94487655710551,29.22165398846075,261.1701050428715,0.16208133595232918,2.1490557437607207,63.57063373185908,22.642641858129636,120.16031156883136,outlook.exe,0,none
24.210324055464525,6.91401733562095,37.892047365169525,418.7386396093048,0.20269522189527908,4.926133926950101,72.35902920331209,30.57685198706317,148.79065273472756,chrome.exe,0,none
5.247886332505956,1.7748318063454775,9.19447684923302,91.17171831781629,0.04142247631284685,0.619597469842445,25.61377321125391,11.49882054284893,52.62725768607784,svchost.exe,0,none
5.351166473988278,1.8047430327516296,10.59201526357987,90.61143229962141,0.021888387248188697,0.29151677976592516,23.499755877984413,11.432410218769984,54.70312100609398,svchost.exe,0,none
21.658221956853442,9.06440259790335,41.487066757681056,422.0139426623992,0.04624876984510896,1.6483347386328908,66.76197096637459,33.164722136496714,149.76831318410132,chrome.exe,0,none
20.158518240032475,7.613989264683976,35.00251853949587,426.49547526434657,0.32497180218182964,2.4195090140813456,71.09121332697357,35.20082582523631,180.20506025445502,chrome.exe,0,none
32.30106802354611,26.199132881486634,84.93287008362105,347.3495858557609,-0.2646965879533525,2.65466480062104,74.41513527485718,29.63258438895693,154.15525118066796,edge.exe,1,cpu_spike
12.73363326509512,4.209230138730313,20.13693950986321,201.71097515572217,0.05931694059936585,0.8486074233374181,33.43233252786821,13.008048341078034,68.75923340968896,slack.exe,0,none
19.792599061004086,5.092775870759373,30.004586917896333,312.7156451052326,0.053103806573831965,0.8702475202957477,59.290186807343574,25.61611136617226,108.25147062354267,teams.exe,0,none
6.352479699263943,2.003903656750855,10.500907295997886,89.79977162833424,-0.01917567114342707,0.5353273452923727,25.894761306549345,13.498719216731672,55.38085088454737,svchost.exe,0,none
20.462877382358624,23.622256343183643,100.0,197.66615964582695,-0.12989174568196138,1.385518072534705,33.91942447375529,16.04525686443741,67.36654336339672,slack.exe,1,cpu_spike
9.73780955420724,10.080165567387253,40.11695506116969,89.90513106664619,-0.030294344491852598,0.35899180547397247,27.041875429994985,10.440450471731758,41.13907236155842,svchost.exe,0,none
18.57957322073867,7.500589981571784,31.249284154141243,311.36250421840367,0.05517482147423417,1.2664530566956704,65.14251334203777,30.538835840578827,127.07518045868399,teams.exe,0,none
20.53494489902382,5.88302218692809,34.51607732764214,309.0145520975217,-0.09591525032768876,1.348364498500936,64.66027401566683,19.230562930774312,116.12076911205098,teams.exe,0,none
18.464501502119976,7.4098895321470755,32.32158716037979,307.72805064374074,0.015536012486702095,2.3386082725492936,145.30068268934676,261.1690167081007,877.3228926745073,teams.exe,1,disk_spike
6.127599523674996,2.2689727215196327,10.18907606977403,90.74552248067252,0.037177549531943535,0.3388644833284397,40.29067419925031,50.61354538908601,233.52180113919718,svchost.exe,1,disk_spike
14.11259760266151,4.948405263839694,25.257849568245028,200.18606599405842,-0.009944804598721173,1.1364676689435969,34.127964967300315,13.554800625642141,60.269364121496764,slack.exe,0,none
19.576040605842977,9.079059273275258,34.54366591503023,418.4945596568076,-0.09020044481126016,1.4287763855015234,65.66719183807066,26.085075260413397,134.73741037067634,chrome.exe,0,none
10.540644666584402,5.87268943096062,29.01606014313426,119.11980624081092,-0.04144006385740463,0.8419349346660732,28.87403165013647,11.939300617652494,51.972842598583355,explorer.exe,0,none
21.828239813916657,7.712270388868106,36.37151610509794,313.41114427346116,0.28230250022207126,2.306088313679135,55.02758214069093,24.18618797223266,100.25690382435283,teams.exe,0,none
19.21302626033514,5.452609341725267,31.65124091976373,346.74594480766757,-0.21620148874495537,2.2325148179728322,147.75992293188347,149.5512351892463,513.9287654323139,edge.exe,1,disk_spike
11.070264833934344,4.2563942447927365,20.501589546565025,199.2167115251282,-0.09912575486752076,0.7970141266763696,31.54498597444814,15.323522702859748,63.96055257241328,slack.exe,0,none
13.466708095832026,4.807668813391729,20.655688160086513,258.0280891383342,-0.10597973406734316,1.3171581926403024,53.63377291868221,19.467902481315754,86.84916511557846,outlook.exe,0,none
19.918416402005473,6.70765818387256,36.11632664801631,347.59377382875624,0.05556220669984858,1.0569950505691939,61.74426341558402,28.22886792384047,139.7159557020729,edge.exe,0,none
5.770865778086149,1.723545906916459,9.288137015526834,89.26870572072356,-0.03845318229410661,0.3809281951744148,24.248836203051717,12.083033286225245,52.6552405645363,svchost.exe,0,none
13.199737731276459,4.462589209896695,21.679743665511218,197.00493379613837,-0.195230852124007,1.7159968257778735,35.22095189744107,15.692202280534293,68.59727815855234,slack.exe,0,none
14.367945464136028,5.0566435152726985,29.17444271350476,260.1498833356043,-0.23724844267120868,2.666141003212927,59.85758860165722,25.446493118072084,107.86338101474267,outlook.exe,0,none
12.516026772504603,4.673151519989489,19.348300072500255,201.83641648055203,0.10483083335712137,0.9023603126434872,31.884519464212378,16.053362657391204,59.02768053468147,slack.exe,0,none
22.071068582594265,6.9301992693441266,34.44028030749501,420.4459299510416,0.1513704060727529,1.7666541273795728,67.60992425183862,28.981430773212292,152.32788374291678,chrome.exe,0,none
16.45093426201274,5.2977585039784225,29.34590012768316,354.92409013638644,7.9937353630972785,70.46535638017346,47.20104439098538,19.67389847501056,78.7401240178705,code.exe,1,memory_leak
13.564252170956909,4.718378015107365,23.853283118554437,257.1592964676948,-0.07529787950493964,1.0425707114394545,53.70463441645,24.256041256887915,100.26478128302342,outlook.exe,0,none
8.493024095894993,2.2335396992012058,13.21837624838405,118.64282791870143,-0.07514317156968578,0.6068651510903857,32.32824755263928,14.364136571455145,54.631834439859645,explorer.exe,0,none
18.385058986596327,7.506080706563152,32.41982897722326,262.07217251540067,5.3613491769100055,50.10262596006573,39.74654360406917,16.308435567889315,77.1777467087995,python.exe,1,memory_leak
14.99597485655644,5.636862953413181,26.939168917204285,364.5671264828986,10.588159255688776,99.298160760341,36.46092628640112,18.05195579121792,77.22468746262282,slack.exe,1,memory_leak
18.90983849679632,7.167014929161717,35.64409116852613,342.9338300065644,-0.25545825834450586,3.24800165615043,60.80982046702429,23.293280777934864,100.80838873552966,edge.exe,0,none
13.741296160202868,5.096538455212926,23.618794765864354,263.98313799015204,0.2613499529871774,3.2408366247458464,47.36723768809974,23.070331472550926,91.96708389941892,outlook.exe,0,none
6.068097479671119,1.9028771816342671,9.74032220791947,88.96732315150332,-0.04138898195121641,0.3404351368829139,27.364794586589234,11.173852501314583,56.30912506419453,svchost.exe,0,none
17.140095391036922,5.610078637986655,28.991346738971394,176.42085686212286,-0.23821221400247813,2.2545257923478683,41.283755099589875,14.693567277006954,70.7249339125505,python.exe,0,none
8.289634787161164,3.113520557302749,14.447182366701309,120.59513500857169,0.04427511890475984,0.9345932264411508,33.848792345254466,14.070023901560218,61.689981490658255,explorer.exe,0,none
20.47310050379989,6.5332112201215855,33.6998968094666,312.92856815681796,0.007512503693495394,1.5971160775119575,57.37463574389851,28.258786020110854,107.7169714301946,teams.exe,0,none
8.412270707181294,2.5085310544384667,14.10928471580981,121.24640300252334,0.08461755685709657,1.2025443009923533,32.145761037956525,16.109985051716553,67.87414333386673,explorer.exe,0,none
19.73210419554239,6.592506955533353,34.38445016055198,303.62592041325547,-0.455362147365624,3.853327853609133,58.76467661943684,25.69875222035327,104.72541073324189,teams.exe,0,none
10.885480940585941,4.7106210657642835,20.956710198812168,200.01409906193257,-0.0253428118351754,1.0166991665924867,35.55842938243674,16.685487663011887,64.37242944252407,slack.exe,0,none
16.09949642835538,5.462076888095615,28.68893438900334,241.96524243439623,0.17914478606018444,1.4801206698411655,42.995254305554354,18.46199520938731,82.04806542981314,code.exe,0,none
13.944055566398696,5.504626245906716,25.810341422846754,256.8575182664949,0.02784118305247413,1.6495094468515088,61.919563657902835,22.14639710936872,109.52074476582796,outlook.exe,0,none
22.823152402895904,7.290312916253446,42.93467602266442,420.70498987368774,0.20288285476834744,2.326031038647269,73.48684195027863,28.585824408029143,132.0131797293646,chrome.exe,0,none
8.707432079280261,2.1697817697938357,14.545966333682063,121.19882936959714,0.06128193203409087,0.44873198938438713,27.658160548993795,15.17839470185339,67.97076485122277,explorer.exe,0,none
15.692457424769907,5.715823583528744,29.907640682075932,243.66529283018426,0.2169869904233669,3.551908133522512,39.18849895690112,17.552053023470894,77.89687802165133,code.exe,0,none
22.064977174325026,6.984168714768342,36.07975942966294,310.79260311539264,-0.018826371872633748,1.6973328704363158,57.43696015447171,23.86172295197727,109.6049399004121,teams.exe,0,none
16.2029203872818,4.958441224265502,23.89606186622742,263.0210293039393,0.06056182051826227,1.0423991778602453,48.019075623040116,22.490443837762374,88.41120602935653,outlook.exe,0,none
22.257442893526697,7.37179448729775,35.57624097572841,421.0748421049661,0.1444566330893262,1.8702005675869835,63.54795821035858,27.187030396410066,137.9584768017697,chrome.exe,0,none
8.695070197676582,11.447296365922549,52.54868210685206,91.12876015462709,0.029600734166903446,0.5094112040104476,24.65421169664514,9.40059496338159,44.51510565317656,svchost.exe,1,cpu_spike
17.22425565725272,4.295150321541466,26.566527587996084,239.69666723130362,0.028250278778835045,1.0933991460163754,43.63374943876922,20.57398483001453,94.89831217586419,code.exe,0,none
10.683076906316728,9.613975326461071,40.42838891127184,119.55907917182681,-0.0772104717448452,0.7372946291406638,29.33578442032857,12.732279981244629,64.44704918941666,explorer.exe,0,none
13.572541796277575,4.7775496365432515,24.808827315182395,262.9121129087524,0.22569930497018617,2.2526863277377682,55.93440692560648,22.541890378385837,105.35822845417337,outlook.exe,0,none
19.882556605663364,8.824165903534576,45.77756654187547,310.2533687573505,-0.006691192360093131,0.8866174590117307,61.47240678955329,26.20918901596904,106.52663891309048,teams.exe,0,none
13.950714576223355,4.450512644576787,22.055672982100948,203.11154326443167,0.16013873703570974,1.1006905517653636,35.77569728258752,15.495757285648734,66.5171622908871,slack.exe,0,none
12.883971176144664,4.97320355407236,26.794440829943404,200.6849866266588,0.09876367029914945,1.3600093575982357,40.016447464401494,15.163177370694338,67.70475447687129,slack.exe,0,none
14.489092249099494,6.651051105869552,29.134716329521893,350.84287346293587,-0.20834902617193052,2.1694432755640394,57.636624216104536,31.560476676272437,127.77496258494166,edge.exe,0,none
21.11869497910831,5.799948860598887,35.243545185431365,309.16128309309465,-0.01526496801895784,1.7576149491579214,58.589440721315825,25.218008608435156,108.50036178322333,teams.exe,0,none
18.188721017417343,6.946159449301425,34.94571069260731,347.45557439431855,0.03572167083970423,2.1599504988222744,70.44006503671862,37.45767908550079,142.41945261018535,edge.exe,0,none
13.655609779361297,4.6692617156079175,21.00177056172469,257.32748013435634,-0.1291471719133521,1.3888131947095501,51.985861982228684,21.249762460800188,86.34046480295153,outlook.exe,0,none
16.64223028934199,6.646849469925831,29.34155667553538,181.525715389456,0.09635340221665084,1.0240784682690551,38.38212197243999,19.550122677064863,80.16790139233689,python.exe,0,none
21.464469020268893,5.794085684111751,37.664945359779594,420.6701839320663,-0.3810942058462748,5.067579662379784,67.13845804339073,35.17975228703439,138.845323823079,chrome.exe,0,none
10.844393770372994,3.9591636753728285,19.390321559708266,260.3539540880828,-0.0894606548294045,1.6019895008012486,58.35119002836796,24.277641009626045,104.52329004213253,outlook.exe,0,none
22.633711549086875,8.536788190240792,38.3213256851824,313.85879168616424,0.25927337934440026,3.1076305523197107,44.07806892273814,26.090862928065658,90.94934422489834,teams.exe,0,none
22.936970515962305,9.845026137726602,44.74997655599306,418.79575769355847,-0.03320096692221644,2.033980510953464,70.4588945724417,39.15037357824409,168.18275287364628,chrome.exe,0,none
24.518351392744183,6.727057730363571,39.72566342188958,420.7341419240627,0.20690948376702067,2.061613345595781,79.3852881938963,28.911812023288974,146.45399893589033,chrome.exe,0,none
12.281508821710027,4.82987725020939,20.65000178305357,199.77828879108563,-0.08700582946017903,1.5220715170822114,36.47406748078209,14.77123052166317,67.83698492096497,slack.exe,0,none
16.59951132775046,10.266551391807889,51.18245294935883,261.6361806942297,0.010679089252228853,2.2387507356828134,60.27563705687372,27.65646654550777,115.09768138800867,outlook.exe,0,none
20.88706774515324,11.188457914314833,59.70841600609651,351.33780584271256,0.23792208376102433,2.2694954136674497,68.87551433323482,28.240255225987273,121.89145054112062,edge.exe,1,cpu_spike
8.530441292848145,2.5076658929940647,13.460287819651672,118.047848804697,-0.12781549553712496,1.245624211999601,27.463094536509708,14.281557298957638,59.081342860809514,explorer.exe,0,none
11.316399078567768,4.863809884368224,19.664477762134602,203.4721425299633,0.0905781898849142,2.202925999688617,37.28258655669971,13.167639753987968,61.59120720838271,slack.exe,0,none
13.151948793162122,3.2819633741327676,18.797541843202882,203.43394226259338,0.11874141297746614,1.7631822200377945,34.917293302217004,16.372613912657975,66.6360463145503,slack.exe,0,none
15.882832161659044,6.767146577315871,34.70943763431774,181.5256428735753,0.023177163379948715,1.1428951686105235,37.395276608707874,17.856727867476263,74.12719539726953,python.exe,0,none
20.119470864534627,7.214521796962434,35.26187688721619,349.8672347445705,0.00735729854234819,1.4746016693962072,61.82773135769566,27.006331893130188,130.33576888203288,edge.exe,0,none
17.50039198518552,5.391852011879979,26.784709310578542,308.46453738588326,0.025017027757964647,1.4659033477008,55.838839376337575,20.411094528802078,94.6635199168961,teams.exe,0,none
23.726984792875946,24.025412989414995,83.84247858406047,201.76873250744472,0.09741843380940149,0.8999943883656042,32.266547765552204,14.506847656925276,60.975771291320925,slack.exe,1,cpu_spike
16.22194155702044,6.114819629997084,28.056969961619373,236.76240667788636,-0.13610065244184852,2.39905729859386,45.87699756690107,22.659541825464974,94.5766787478097,code.exe,0,none
13.819648868431095,3.982194197912949,23.698924294113713,260.47430599038427,-0.031295565811742185,1.563394541297797,54.26033983722222,23.619392826075305,106.83789628469933,outlook.exe,0,none
22.992683998864848,7.23914097729025,37.35591633931565,417.7600433256111,-0.2882736215528837,3.4147604926493202,68.46413369652299,34.30280441866552,132.31894089145356,chrome.exe,0,none
6.154549612299088,2.1518015796631005,9.859265824652187,90.83119773151536,0.05316227065880241,0.4450626769804685,21.753319314826104,8.70407901097306,43.32847766660002,svchost.exe,0,none
18.1804690313128,7.213085124139035,32.24143593711432,179.86955045607172,0.07029362526606822,0.8301855443486361,37.71040152403794,16.229002539986652,68.28002787340094,python.exe,0,none
6.116826184135468,2.3012946732630044,10.621596174370172,90.20317334356537,0.01006450317621983,0.2588129130428319,23.250867701889828,13.906357147327244,53.95911439083726,svchost.exe,0,none
16.138160378563594,5.322837069073442,25.22524150144981,235.508030390769,-0.08381454457709481,1.5728730399272104,44.95493914243904,18.584964922936187,70.79435298432416,code.exe,0,none
7.706439191087502,3.1418283646156744,12.928033368423282,121.35370695656518,0.06812941119512933,0.8374343683291628,32.73390814371308,15.365797754204577,62.48075541404342,explorer.exe,0,none
16.333955724001168,5.855732092676698,27.240393315750786,240.31649062871486,-0.04380457000427214,0.5882751666422669,47.06049938128432,25.710528090811454,146.3965134461572,code.exe,0,none
8.36103462935649,5.956859616827473,26.331585358260647,89.32269010596521,0.00510712298998565,0.5217762939711733,21.760226542530027,10.075684949152576,39.00198632642483,svchost.exe,0,none
20.281843461339804,7.576901254391742,35.44067717759059,310.21141900642004,-0.05479022474199458,1.073066621682969,52.20073054821994,26.375302940832423,102.25737352301383,teams.exe,0,none
14.428653155899987,4.202636102150908,25.89831955609834,202.30261644135953,0.05464365438648997,1.149375879600232,36.162052506715895,14.363986097827302,61.36519546664853,slack.exe,0,none
22.66712354756317,8.169963659819432,41.77670471545909,450.76357843099606,1.4921134190996648,25.63749705818257,74.433235816019,27.92717663035154,129.59303986223244,chrome.exe,1,memory_leak
19.75831513280999,5.187380165516662,28.559114732216397,180.85406846087352,0.019757956502842452,0.8828289974260739,39.48326090002104,16.38894025556436,75.3901693580211,python.exe,0,none
14.120947486253442,5.0977192915041165,23.84100542774957,258.00529289621306,-0.15428901002807247,1.4461219298449373,47.77114724853236,24.424041091416214,104.80409956719053,outlook.exe,0,none
7.152376603842557,2.683556502684018,12.490996711780127,119.29272349143585,-0.04193732631676426,0.5691456829518762,27.345602925537328,11.189008026335573,50.24680135335255,explorer.exe,0,none
8.034740493171002,2.808451959676609,15.695931619286888,120.63449886410015,0.0777919055473537,0.9955617273666656,31.472996463124186,12.342353314920752,55.41602402507378,explorer.exe,0,none
14.867871473948968,4.7891041410452555,28.023389031109915,264.0392627067659,0.37910369994105697,4.1815527752370265,56.359868572565105,24.345612867083826,104.78525566156821,outlook.exe,0,none
6.987894720738109,2.835710081159687,13.461940671560555,119.0771962233657,-0.02669323755793632,0.7157294639998033,28.037118666878378,12.350097188559804,56.087720554359905,explorer.exe,0,none
17.687571619290207,5.119077489742933,30.45531635685385,241.72650204139993,0.021205294633588778,1.1053403753153197,42.37000082464067,20.536140352075478,83.61862994732022,code.exe,0,none
20.493934556606536,6.80286533990551,33.45411673491586,347.06253505498603,-0.20435569665606673,2.201643499731234,65.5321555198864,30.12198464405347,127.25959728006194,edge.exe,0,none
15.672907661168782,5.119036366797058,25.587197636175524,236.5522575779956,-0.13791757390894474,3.043422641304109,44.63014736417543,20.315252731227506,97.81280461081306,code.exe,0,none
5.993002938893392,1.8641671361228402,10.003285435345349,88.93906253210012,-0.054420492664459155,0.5018220964930973,24.882208825881275,9.633252383581677,46.94858057838685,svchost.exe,0,none
17.06106639775909,5.434973709030437,30.59224852047947,183.48387396222955,0.10941967250915828,1.1417247483637156,45.59113039789496,20.313835822669212,83.9527877510939,python.exe,0,none
16.854920976920837,5.990149411366985,33.10110106597125,241.3635999199327,0.1920246204387297,1.3489011628248442,47.83715787422266,17.503244729444344,83.33189477377142,code.exe,0,none
19.78979313481148,6.298212017762853,39.64658623180144,348.3359403237015,0.24853596898360783,2.3483372748571494,69.36598896324463,29.000404740107363,133.5756712442397,edge.exe,0,none
30.16482381362818,22.085431438152906,85.61867549899056,419.71573891682084,0.026947373934461893,1.4425456066206783,65.87995066765245,28.864748796065513,140.09069665522802,chrome.exe,1,cpu_spike
11.875299156635808,3.633719195692469,18.746824306525976,202.86878993686648,0.09777852392090551,1.3071248208013442,33.788017948444484,15.026567004738078,67.03787289591477,slack.exe,0,none
20.11953648913048,6.255354510956471,34.233494219497445,349.25370183348053,-0.20531143162139642,2.2520380410117395,69.5751160611233,28.65786856150011,114.97615437914476,edge.exe,0,none
22.42487593136085,15.326556324792808,75.44668170853767,354.1558579902857,0.2475181236956492,2.881413313991547,62.85466824768267,36.50469217647394,126.53578019765206,edge.exe,1,cpu_spike
7.863278689408193,2.8842097313944204,12.203472919838763,118.62395241130463,-0.10833589713870377,1.1347281730632393,28.429141335947392,11.525639014225366,53.945348124043775,explorer.exe,0,none
25.56461950598022,18.376791793177,95.66607275043857,309.5184968983768,-0.11743380934428084,1.47778947333632,53.28227960753461,27.747869712660098,127.11047516072098,teams.exe,1,cpu_spike
18.813996750343275,5.359851512546766,30.0174949896879,311.5682123529314,0.03148033244456201,1.490285626300231,54.15129669565674,26.417747368758224,108.77381309489992,teams.exe,0,none
20.143578591881997,6.361115712013482,33.05875298086472,310.9800915648224,0.019741687368872364,1.1968907061111405,64.2378869277559,25.256059698488766,118.35971795428013,teams.exe,0,none
18.485037396735326,7.241465613033877,37.2633403115731,177.79648728367428,-0.14944325048819943,1.614979947113325,40.7096943234067,19.581173793483252,83.61099250970022,python.exe,0,none
15.340925564321195,9.953590241196352,41.61848252460318,198.84659655698786,0.08770756965772174,0.9998373695293964,32.713137518357215,14.511132045498499,75.57646126057071,slack.exe,0,none
16.808602063629984,5.2759042018232885,28.60934533690689,240.65797737745552,0.08497613492919433,1.0390359367122584,51.737925345526506,18.648561012721963,85.8367989929614,code.exe,0,none
21.59435472409898,9.78685770664176,44.50210437058361,306.5259796671391,-0.23935594927368317,1.6753332473216063,61.74283756405762,21.154986601173505,104.5596957609174,teams.exe,0,none
15.172482732136972,4.5664001205563105,23.35172968802511,259.3566292642545,-0.015042307259229422,0.7646349946699744,57.86987498231843,20.673370098430794,104.75366079780558,outlook.exe,0,none
12.541303859713105,4.419599977157375,22.714237549499188,200.40970605886812,0.042336988601979895,0.8525707107044683,35.419408220495406,17.422090647159788,73.39591070891754,slack.exe,0,none
6.928570193711702,2.667632451516216,12.370837346243018,117.29917521042988,-0.18623986753300367,1.7185289714667253,29.14782832827818,14.562652708548974,54.92806751341226,explorer.exe,0,none
16.750517675605714,6.48898331708121,28.68006028390991,237.03567534673428,-0.05363910823787421,2.56034631941762,41.55497555710899,15.42248115903502,74.66127834112926,code.exe,0,none
5.996343242608402,1.5646070368814669,9.008459989503503,88.04267963552256,-0.07722040902234634,0.847122073300174,25.462523010517312,13.64111288290115,54.7374760185002,svchost.exe,0,none
21.97945259906389,7.26005854137209,39.10190633285842,420.77955423588827,0.04709726048732061,1.1212855665009391,70.89678976499518,33.177479675865825,152.95826078698985,chrome.exe,0,none
20.33386773086703,5.506866005829817,30.51238660729561,178.88116012144442,-0.0561037370357648,0.7433821435553863,39.62748943360196,18.078876988848567,84.3937261959833,python.exe,0,none
6.15260663864862,2.0001729871018257,10.20614552260264,90.19498656631616,0.02021594009615247,0.378898084043486,26.601338201978525,8.942626827573301,41.82734416764849,svchost.exe,0,none
14.545584222944276,4.399936314095089,22.266078103802542,261.2621216909509,-0.04210430638124573,0.9530575538391786,76.79887761618994,93.04912546132363,425.53316515272684,outlook.exe,1,disk_spike
19.36277384821382,6.145165242995027,34.674777775464435,182.5934002974347,0.14858156339165116,1.4672760217150904,45.667117716932516,13.392898661105267,72.9452427339921,python.exe,0,none
10.679070694953419,7.670414517827329,32.9617767419831,120.63591971037347,0.03521638467520063,0.8546639526075777,28.773804184060893,12.554251298835922,62.564168363244875,explorer.exe,0,none
8.416936779668049,3.5452607487768093,15.883765158339479,119.65481803564803,0.027664274361177375,0.6899581751156605,29.279138634563807,13.635469567435903,59.92854188510462,explorer.exe,0,none
11.782933040339856,4.599416456937506,23.455386693816862,204.17214275573303,0.14200718497582349,1.7585465989028546,34.65622479641737,14.147919100215669,76.54088135327618,slack.exe,0,none
24.780083984923355,9.064397410468905,49.981476491782246,422.2483496153592,0.3060895930595374,2.502266367846691,66.25119220789678,27.82913382663127,117.08805368457246,chrome.exe,0,none
16.33363125113573,6.033271336108731,28.390609302760843,239.05266466850898,-0.20185865081765825,2.268618196786203,49.20120972157597,21.76710603066551,84.77306755678899,code.exe,0,none
18.838665383926408,7.724518917677142,33.45721972607447,312.5279468275004,0.15067656093388374,2.0841767031383003,65.81900850890995,23.978499144825822,112.05329198416402,teams.exe,0,none
20.68783184338945,9.435396856179644,39.03398520187851,421.4602428392009,-0.25436402532318425,3.704581796588627,70.44516316561388,29.85131484914856,133.14759155733682,chrome.exe,0,none
17.3362202669445,8.513851406879521,46.0046266509336,257.29807017137387,-0.13092843861564726,2.5365319217401896,60.472862578678935,23.43215058269148,104.29602252127037,outlook.exe,0,none
18.839563640993383,13.883819548268303,64.67573984992669,196.9369709629642,-0.17168360002781924,1.3119149378741939,36.18063475918732,13.939927967645616,60.166541732438375,slack.exe,1,cpu_spike
13.267973733675591,5.1950006240128355,22.046452615894058,201.25174643067092,0.23327285800611436,2.5455114645423844,145.68705286599612,289.95154248923814,945.2931994761855,slack.exe,1,disk_spike
6.1376136625491595,1.8812920484346114,10.993281424357786,90.2584803249359,0.018565884715741277,0.525839640631735,27.840032091765423,9.696131191392213,43.07420754254679,svchost.exe,0,none
19.399154369603004,6.736878674099337,30.907160600438708,181.33632443173738,0.02688867160874698,1.1517693834701952,39.237021339035664,14.561904782676317,65.87998491849632,python.exe,0,none
16.778493654364443,6.263058217069453,28.35387835463304,240.47088066674394,0.06736354818312407,1.3727176637414427,49.733474438625215,18.53574509730367,85.16315729042375,code.exe,0,none
9.001569266129302,3.5801303619274027,16.832885667860044,121.09710113503952,0.02876505846016689,0.6493720443787155,28.172266829509727,14.720415241788794,58.97602598172912,explorer.exe,0,none
14.436904825591125,4.898401278668897,21.460109380493986,257.77066122502293,-0.1330848926931272,1.8229062818699737,58.58728928924403,26.322857495707048,103.34437229556403,outlook.exe,0,none
5.92129303012456,2.0839689020444703,10.211471261317575,89.95221707700638,-0.02992838288108004,0.38017228057120417,25.307056895755483,9.871484049871189,53.558187606073005,svchost.exe,0,none
12.285694404558383,4.236104583320862,21.45499806964029,204.77668189610358,0.26715833739723394,3.334134624506546,38.195885378402146,12.821367561020462,70.0672811483634,slack.exe,0,none
19.75634461025904,5.706457277589511,35.02302678838531,308.2697756179038,-0.004989004994636541,0.9876791625955568,63.50191964872701,24.92613684158418,122.09420578085661,teams.exe,0,none
20.267573054518657,7.56793939329873,37.57487521733377,179.79023641716577,0.0032894430666942755,0.9656719642046946,37.17838839658288,18.264680428084787,71.73343063082118,python.exe,0,none
19.161456886398902,7.9370058596914905,32.39100248439641,348.94903778491357,-0.08335967762109817,1.2310509432630574,70.5873947951371,24.690135235221167,125.39282705583727,edge.exe,0,none
15.709537041329614,5.653065515496151,27.817689093984683,242.02491266970637,0.04473235538139022,1.298904882266617,49.61952857278961,20.573334263542957,97.46900890022548,code.exe,0,none
7.700889447791876,2.32444692564476,13.546202578520045,119.84747335543665,0.04173242301309301,0.9271808294165828,31.618195628268545,13.84324902876056,59.1928645750272,explorer.exe,0,none
5.484862008853943,2.384553268842581,10.606964674961716,89.1123848872712,-0.05955176136255839,0.7198310690774447,25.49898830512813,10.494310520588872,46.42716664415971,svchost.exe,0,none
8.167097779298908,3.41384497811364,15.283486321854843,121.7165442327104,0.09837973912640904,0.6082344116571756,31.48135496713577,10.379472443117006,47.56738904240393,explorer.exe,0,none
18.0684877672753,6.867147948643045,30.04624502036149,180.49209904538807,0.08450243645938921,1.6096859328451967,37.22621684896153,16.43984200000618,62.37537441033994,python.exe,0,none
16.31787481182711,3.958791617277337,26.23455872967216,238.7876158479438,-0.10835752667403635,1.0780585767272475,39.959900951221435,19.866385040897157,71.27105734749556,code.exe,0,none
24.156678241671866,8.666990682338282,37.94745452574587,420.97144510909106,0.027565215298964555,2.2857801867646805,69.59097670704321,33.297731466329154,123.97661497634857,chrome.exe,0,none
13.834891925501209,4.841265508608189,22.538794707953926,200.31114029542684,0.09637132885030344,1.790179376617505,39.00204076653441,16.66883369990877,67.71188711118006,slack.exe,0,none
16.496442021570264,6.432186101550481,30.028702056384365,179.91324397036058,-0.0566495605976229,0.9925872439131856,40.24141355851305,20.857190168615986,71.23170891259213,python.exe,0,none
19.135211101592215,6.706816388213755,34.240486832957814,308.6145229986252,-0.1656083513619251,2.4127439177621115,60.457517912730445,29.113173228889266,129.27869608212745,teams.exe,0,none
15.904418769960824,5.3435805809800705,26.446158843369574,236.47680003368325,-0.14400151895607582,1.5892733183828234,48.81371340213124,19.447803784808382,91.1300232605091,code.exe,0,none
17.80081152241125,7.365848741123137,32.1143962488155,352.3224547017135,0.08793165229232423,1.1317458632004176,66.9793430855865,31.992138910060127,147.93029362544377,edge.exe,0,none
16.418813053176844,5.696683949835069,24.733490718413904,238.8699228017497,-0.2343495002928203,2.8774226351438155,46.65079125190858,13.525032163296592,75.4082829539936,code.exe,0,none
17.499258790152954,10.706922612306759,52.930598403819594,260.8590750650303,0.1365234924842298,1.7822299254747593,56.40711783233935,20.393561160758445,110.41224604880884,outlook.exe,0,none
6.379084070651176,1.7315834494391142,10.31548131057281,90.26375957213818,0.05051967251651301,0.5761832428167165,24.28226404901037,9.199447542669764,40.77844959367447,svchost.exe,0,none
15.114562926096673,5.00551370988644,22.87706433381312,243.52133302899722,0.31661156399771834,2.2956166672804725,45.72174029456134,19.81757103751227,86.0761968674135,code.exe,0,none
24.51444202852533,8.524964483705954,42.72483364969581,479.0694341127173,4.679984270846529,44.146167306086774,61.94163376231118,25.13118490864727,113.52102138808287,chrome.exe,1,memory_leak
16.491878310705598,5.208530723069933,26.5061622299172,180.26696543184775,-0.034227923104622464,0.8779069814785211,38.14421651628645,14.892368033500562,70.58609695606283,python.exe,0,none
12.835557946583062,4.134049361069118,24.491587849385603,201.1448828660006,0.0952875240534297,1.3444146798283674,35.080660370910905,16.294885942808122,70.50101566561165,slack.exe,0,none
20.451298135972937,6.456257391532413,34.67936816044188,344.8116874900401,-0.19746496839006794,2.5250996793465204,59.230570472044555,24.05065933720616,122.74958471732404,edge.exe,0,none
8.059578011101689,3.5499331945816075,14.80007869940631,119.39483927622277,0.004297705487758681,0.8166696856621438,29.625879024831487,10.538733570921025,61.13831122623675,explorer.exe,0,none
18.099884495407608,5.445753279733603,27.975316263547462,357.57310713124167,0.25443137595473975,2.294422033278488,65.60122405520801,30.802970937056024,140.2881229443963,edge.exe,0,none
17.258464099284037,7.056024878761822,32.76319164875096,310.28577858002376,-0.020785653002832305,1.118200864755208,57.01420278202393,27.924583616503575,126.89529886267454,teams.exe,0,none
19.187709554879387,5.3985477278488725,30.010539386907112,178.1698047624458,-0.11395392721064562,2.1200745514172237,38.524866831200804,14.263684609917009,69.94558760652568,python.exe,0,none
16.29823855317741,6.572414986154809,28.078430182644396,236.2881387712642,-0.2624025390266894,2.4412765548803157,39.52053970584466,19.936786390267013,70.9075565767633,code.exe,0,none
20.549665473994544,6.910683739536229,38.92256215512417,417.5167261672784,-0.04185017689161441,1.8021364699914793,65.86225470485775,29.423152434621013,123.03185018700414,chrome.exe,0,none
18.043251248173423,6.866521896567616,33.614847906085274,182.33681657623234,0.07892301491341983,1.239250281395235,39.43036575614732,17.8706697006436,82.72243344791661,python.exe,0,none
17.8679365082072,5.3824797101818325,29.123433217328277,181.85362197532484,0.1630581265422279,1.7258559103365776,40.97195896396335,19.27003328260506,69.41329261543184,python.exe,0,none
17.355933361763675,4.955330580171289,26.168461697625617,240.05783475429763,0.08260208237662615,1.0992462407878165,43.118745232224136,19.31047954265217,84.24702136335722,code.exe,0,none
16.174630364374412,12.13485022548956,59.224039143504186,258.942271244453,-0.08564778451820795,1.534320565225985,51.38897484070465,25.104858078887926,126.49855252551384,outlook.exe,1,cpu_spike
18.23045455763714,6.105984800484204,30.74425988073101,315.4150624530259,0.06315052887742732,2.2710872859001308,63.27177025993156,24.42115583345725,108.02550008639685,teams.exe,0,none
19.11294469931577,5.7451987346909466,30.583060384927833,180.74243355418446,0.0416159302907469,1.118636977924587,43.30491483459066,17.41567717478793,89.90975962292725,python.exe,0,none
21.67735112947007,7.097698243974424,40.93550532297613,313.077565789414,0.20922533216332984,3.20588120626839,63.47764422020471,27.21870583079881,112.92242998343323,teams.exe,0,none
22.491512096143758,8.922014562216152,37.56481659642968,417.37000474239017,-0.14299219261981572,2.284772424195721,60.628700840577984,26.393494864441635,110.29667430380835,chrome.exe,0,none
18.07494246579627,5.665320109544229,30.844088464219237,178.7186542184234,-0.10881369407505873,1.1082108546223362,35.07680639878334,16.834803662410426,78.48145939584433,python.exe,0,none
13.838417208202008,5.451884641789479,22.204535971572994,254.54559617225357,-0.3273210274636568,2.6269348150043994,56.32782488450114,21.3100248239452,97.24781677246827,outlook.exe,0,none
8.024470188662017,3.0049344840983974,14.557144752557416,121.77392040055241,0.029688231423661667,0.663864536741479,29.72699815986233,14.11753352192156,59.16400829296083,explorer.exe,0,none
8.367545969066983,2.6003319183382336,13.008037810223897,119.66098229737901,0.02285507075898939,0.8936251663803628,29.41396506846956,16.073623970324217,57.51032677312082,explorer.exe,0,none
5.829490561326652,1.873109005541665,9.754420435242423,91.16531189914075,0.009471291242371175,0.5327075965917957,25.751536146162156,12.292054216367147,60.11732642575975,svchost.exe,0,none
8.594383757830341,2.7294790989248945,15.332176166544258,120.03825571583242,0.03703924551281261,0.7129505714947881,29.28175209263697,14.189753014788128,60.860099403056005,explorer.exe,0,none
5.938745796212541,2.1318165662731805,11.802336504902758,89.64028620452078,-0.021348545121114646,0.4092928485920081,24.997106720038484,10.712665901207021,40.38107594155747,svchost.exe,0,none
16.446018222757473,7.872531841480389,36.060141717507705,239.36023782247804,-0.09525742109023554,1.299465001884118,43.569802992485165,20.73546760949679,78.3928002059018,code.exe,0,none
12.448753200707841,3.0444263539029346,17.863342150200506,201.08912306672258,0.011472153779315401,0.8592393968188116,37.045855761247964,16.303465345193096,78.08449725465266,slack.exe,0,none
5.812780054809703,2.5092098822187228,12.463118336681715,88.13073930055586,-0.06878205583335557,0.6357425020874881,27.22963539552741,10.483344702315044,45.27076924605872,svchost.exe,0,none
13.824679506535462,5.790308443968851,28.430925798027264,262.2236077651893,0.134041208529563,2.687607230439267,65.98428042629605,20.5036524438603,102.06767464578553,outlook.exe,0,none
14.999246895419217,4.566576845755745,23.11807404710845,259.9928249853774,-0.0004713378074844362,1.7450484158118693,53.78603580003934,26.81536252932108,96.89802969029051,outlook.exe,0,none
13.633772474992329,5.016168162231779,23.039686370972273,258.029546721475,0.05299692970246307,1.3641670924572844,56.93740357440475,24.8751854629234,96.42209404977207,outlook.exe,0,none
20.207666762511394,6.474918417370858,32.29381798457982,420.9977819850895,0.21001921020469466,1.8029742060132983,72.95181847434348,27.369657480784653,122.7670016378471,chrome.exe,0,none
17.9931055503359,5.426148792663834,31.544983729511156,240.05943356016644,0.067868451844213,1.3281274788239386,39.72971082362641,17.27435688088754,79.23022922537712,code.exe,0,none
7.838331414954797,2.9564301838703226,14.15044688034937,116.77510443094843,-0.15451283552290343,1.567769056176936,32.56147201135435,11.391478398963748,56.39118385513052,explorer.exe,0,none
15.141151445844939,4.7191292418276145,23.760651811694913,262.65786494793394,0.1565059379662595,1.8338396902358263,57.20920808787215,19.2719392692185,94.9571049767429,outlook.exe,0,none
19.29019990631816,7.679067536659331,35.69506007859033,303.9865435843925,-0.190017485001772,2.6677668529675094,61.028570871872745,30.01977905890839,120.22017807971142,teams.exe,0,none
18.359479068340974,5.277425514325424,28.393677171978602,181.51782708550016,0.05353997269525053,0.9788401568721815,90.53807249662712,151.4280917972696,650.0370772963169,python.exe,1,disk_spike
18.84214394076322,4.732005969741453,27.457785942111425,179.15376549150525,-0.01056147010022433,1.1322197396260216,41.1440666937459,16.768390976423337,76.2384361863028,python.exe,0,none
20.623631982159903,5.245747372047232,31.83754720595071,182.68135242117395,0.029996699490911282,1.0630772801998278,39.461546476493304,17.25787528713193,68.89910570757232,python.exe,0,none
18.90130316788103,5.302645326982178,33.88741662879694,182.82611243572674,0.08638932740416863,1.7670862846225035,44.56474298703824,19.790185212880925,87.19867019992842,python.exe,0,none
14.295102566322276,4.9322107157730875,25.27628854005646,198.2069157108817,-0.06652710305442232,0.7696321704354843,33.952986063702355,14.689813368310755,63.51448636746128,slack.exe,0,none
17.734300238237516,5.307123073014298,27.86402739468689,180.56494876510158,0.10767968665976278,1.4175173284596188,38.72830595806516,20.74523297734373,82.18662336269375,python.exe,0,none
23.886374930528397,7.716366847082495,50.844957301552824,727.2222379159515,19.39200761165314,177.58525738753613,65.10831871930922,30.095879818721734,140.23131862321708,chrome.exe,1,memory_leak
22.112467910307313,11.7863967381717,52.98711131271753,351.95183754472515,0.27274344936113837,3.374331836179535,67.86840873093034,30.07377252165956,127.6803887431997,edge.exe,0,none
23.929154210296826,6.624708270840017,34.5296110022652,424.74746644991734,0.05494647948637521,1.7238354892718986,65.28910871565678,29.5956207989206,135.34025312173753,chrome.exe,0,none
6.269220786591832,1.7457701088638162,9.909667150811794,90.63918699788759,0.004949450890494233,0.503726132487882,26.441261745617183,9.175135479761119,46.1993642946681,svchost.exe,0,none
14.14757062447497,4.446497961300487,24.213247190447063,200.66562873069444,0.0016749597421693353,1.154758275161258,36.50055941802429,16.62027588672271,72.42752960163185,slack.exe,0,none
21.758593903092063,11.214996875163264,52.14936694460552,314.62282713329915,0.21540869788662462,2.483215582012925,57.739419907522006,27.21751588771788,133.95526047547872,teams.exe,0,none
16.685139808266424,5.582144053155021,25.835791273555188,179.38823350555612,0.015547702409636106,0.8835167020133342,41.22918202776229,15.341412986416213,77.69051851998208,python.exe,0,none
7.682542458442978,3.2789179336361096,13.08280557579848,118.96634284172598,-0.05211150319633617,0.783537197490705,32.83335032582457,11.326474542202275,58.457938958087055,explorer.exe,0,none
5.967275897502186,1.6661472139986997,11.3856684316289,92.18087993957843,0.10511620891216229,1.181811970677167,22.318556689562644,9.92175677267606,39.84646669073745,svchost.exe,0,none
23.359956788067343,7.690133757031133,40.22471279368048,429.0869567900914,0.532301491321194,3.7134827624078595,74.05698314812652,31.65512229386459,124.01439789989311,chrome.exe,0,none
21.96462968919256,7.929376360128184,43.248356420909786,415.9321576224896,-0.11230670058787572,2.8451212675842545,75.17114449691597,30.772933423772386,130.08086995104773,chrome.exe,0,none
17.697819183572424,6.679204150117144,31.58439376564884,324.3964160029688,5.933003296905128,51.51465700007876,47.766339808248155,18.611881863932062,82.33688763255925,code.exe,1,memory_leak
6.440791488079895,2.146756535651867,9.760215570541778,88.93567289485185,-0.08537340351331721,0.8289137842113419,25.7576873144347,12.206599610836733,52.17597167215794,svchost.exe,0,none
21.438729807140394,7.518919316757366,39.87062851485321,412.4592986632915,0.05245963573539143,3.0155863984008904,75.88883811345173,23.110813828220262,111.59301046887609,chrome.exe,0,none
20.3321785039145,7.224853866906563,35.59355026966831,414.45501385038267,-0.22555582656589385,2.780718683701651,76.63719122240177,28.736959616109967,141.01461905951754,chrome.exe,0,none
14.639775244854333,5.2368595733265115,24.79382581773954,197.79549818195704,-0.07281535742588213,0.8795937661467811,37.117190997985844,14.06655464559397,60.59409326587729,slack.exe,0,none
5.789024897345022,2.147101934507677,10.453610532790517,90.04653671053751,-0.0036407209052290077,0.530828846139896,27.65682661616807,10.73526433531981,54.13253271858962,svchost.exe,0,none
5.639781077835803,2.2269941236502344,10.111909865288418,89.09916511370531,-0.045074682491511454,0.5254480766210858,53.24127377538738,111.66747862215841,477.633689927489,svchost.exe,1,disk_spike
14.084563455205426,4.296327965536467,22.22824956203457,201.860164040224,0.19293226207800843,1.5668004429967646,32.14513141694642,15.325822184266567,69.23777836465136,slack.exe,0,none
18.064168810229628,6.728444307183355,39.22949109791513,313.2989091221521,0.05340876759038527,1.3759051593260758,63.3941640657739,25.431139987669756,110.26341566052118,teams.exe,0,none
17.044288379970673,5.657095495882166,32.30265042388773,236.47275616727978,-0.25870700380007555,3.0168494691321537,43.2968302251977,22.204856926323465,96.85403133330323,code.exe,0,none
8.436343628891388,2.7769501272732144,13.26733863900082,120.17334821395698,0.022005840456112463,0.4949624630535184,35.88436426691085,14.096230693274862,75.73282907159088,explorer.exe,0,none
17.829504050722484,5.791804042593003,28.763429052708666,178.41152698657842,-0.03288060867918527,1.1320578696778667,40.94786323061212,17.758426339688558,75.69745581903112,python.exe,0,none
11.882317863549515,3.969010959964197,21.668773752307764,201.2348394543523,0.14977979381398826,1.3436802173407911,34.82215093200958,14.218851264800248,68.99444886643431,slack.exe,0,none
19.053240057102112,7.435449498645396,38.619148084172906,347.73470452025737,0.010955409619180045,1.8701362423168333,60.36806608994045,24.907188466685156,120.21089849093,edge.exe,0,none
18.85831398907284,6.046921299401569,34.59635135886466,348.25180696197134,-0.12200220306764702,2.8129530584090667,65.5960968464578,23.057323191690912,115.88397679847628,edge.exe,0,none
16.550033207125775,6.123584812747749,27.349505174203006,242.45452035623805,0.22402153227240926,2.7394094946771,40.116636107397014,20.299145281840293,95.89064480418963,code.exe,0,none
25.189697849826548,10.797016865697874,60.612692827240735,420.7962122088017,-0.004483765457579617,2.0179934301217113,63.4619968916184,32.14771199557025,119.78278631104754,chrome.exe,1,cpu_spike
19.58576674827583,18.688990142475028,81.02986975337899,255.18716423941385,-0.2745022247132994,2.5218356201669985,59.08667853287545,20.60477899407762,99.58307550999504,outlook.exe,1,cpu_spike
20.18530676834924,8.70761410876213,34.42515955692621,421.7619315715539,0.007185614468039603,2.2691842239616817,80.56328081884372,28.380096734546836,153.47758574133172,chrome.exe,0,none
18.218778674885776,6.294837954502898,29.580049216490206,177.49772343891016,-0.1299320310671533,1.9249674185322232,40.42076341044995,18.792747243018272,79.73915258777092,python.exe,0,none
20.06627338951783,6.372957649789463,35.012170934408395,348.61464894010095,-0.1439460837084501,2.673060067016861,63.977803599078555,29.031643145757055,130.0610378491894,edge.exe,0,none
12.280783828582903,4.525052006934722,20.28590144074622,196.5992461625311,-0.1823280308239191,2.033696162337914,34.904490182954106,15.502395485326147,62.87482597748655,slack.exe,0,none
7.186365159927181,3.542062971598011,14.514535930526712,119.98928561130106,0.012430994296600299,0.8834391800497385,29.558952778403693,14.914492441852536,52.65342857728534,explorer.exe,0,none
22.61127381228062,7.49768080373817,39.23594184857251,424.542389454027,0.13672739945891219,1.8424023744153537,65.77414497924613,33.04729096293624,134.64337791357798,chrome.exe,0,none
13.084990989377435,4.373532609934059,22.566507646797177,263.3877015609363,0.06909010185784913,2.532725088636235,57.45573263298546,21.431819865294102,98.74685059216804,outlook.exe,0,none
12.243166678717271,4.4128023222561055,21.770062887186235,194.84106409258712,-0.22315253840482588,1.7885783598392937,30.865283309850206,16.623994240212056,69.08610757748704,slack.exe,0,none
12.87356813190285,4.4735895249710955,24.60967761138111,199.73095220402737,-0.08084805219525416,0.9937284823719648,37.91007607802205,13.722025783096738,65.88617033472153,slack.exe,0,none
18.123254486915748,5.705190008402378,32.35192884197798,353.30621951410933,0.29528465096510104,2.769614247220273,66.88908639815233,33.36778222683819,136.51749874866468,edge.exe,0,none
13.481545941779633,4.626038914819814,22.227337067435943,198.04859693552012,-0.05671547435262596,1.3521664474466562,37.33639503059438,14.24212422665686,70.0184118125594,slack.exe,0,none
20.982661430252183,5.022994977082357,33.86524999201539,314.8296121706256,0.425026473202386,5.052766614866369,66.09482878870391,20.115006497489283,115.5350631855118,teams.exe,0,none
18.51329319687861,6.901466741613228,32.497768304438004,181.34223730550366,0.026234516956060362,1.3915495142436964,40.333266939736895,18.59100865196868,67.71761232004732,python.exe,0,none
13.838829422554474,5.234044021337072,23.390417602653336,199.40297120855732,-0.04983064073713403,1.808790316054024,36.529308304680875,16.43060247598758,65.19042025286676,slack.exe,0,none
18.51581147508878,7.364976984324573,32.92589483635395,352.6081126046236,0.11150859181419719,1.134845054131033,59.12147449801062,22.552222835032612,100.47471583668502,edge.exe,0,none
7.721527806188247,2.4737768734691303,13.028423041313282,117.84376802440478,-0.05847655553207289,0.8369024590595362,41.57432806079175,13.397462714034448,65.53781505832254,explorer.exe,0,none
23.535790619675183,7.958125768559302,38.51297280506704,418.4858507970666,0.06960601484728386,2.6186752041118293,65.7394471411415,25.492130517531645,113.42329996492543,chrome.exe,0,none
12.278951208691446,4.173490131344389,19.57406588030389,197.57201300483868,0.020196610656318132,1.1213609083929115,34.78785419741992,10.791984951804073,52.099186756630786,slack.exe,0,none
14.222133671836884,5.350861087127463,24.451264200298112,260.3825109358333,-0.13662412873349392,1.373231500443197,58.4197236958695,25.353823939743986,107.0896568156711,outlook.exe,0,none
18.777321660404574,5.629490472763325,31.854934153654817,308.4548622686872,-0.2082217226786118,1.8766124951170429,66.50661394449729,24.49340210978319,125.9774850116874,teams.exe,0,none
5.383548895484307,2.1016550034554715,9.359931562369788,89.5229563151099,-0.017892280259180875,0.35128028667880595,23.903426586784043,12.602024950615258,56.66399798907895,svchost.exe,0,none
5.967623771958042,2.37164066289286,12.002321512698792,88.74292512215932,-0.04741603509228298,0.8295119377648308,124.93186244144711,296.14206277566,1112.3826420192777,svchost.exe,1,disk_spike
8.399770003394478,2.29320889569435,12.959755478349514,119.25604483874675,0.013605403782469239,0.5883884855407896,25.438369799256296,13.325570504229361,63.17522524302454,explorer.exe,0,none
18.003849196787193,7.128659772054062,33.79443999810232,343.51191436725577,-0.19386009783261215,2.193372888060893,63.442562159841465,30.04715497677592,130.7318388310253,edge.exe,0,none
5.614974785063562,2.0293579870781016,10.363288884595836,90.32062571928076,0.0004710417818335107,0.32076825488256844,22.41315697845383,10.065092943907532,42.35075675268087,svchost.exe,0,none
9.263987080910654,2.2679044469212104,13.29854990448311,119.80459130579571,-0.022218210806688413,0.4276107914475819,30.581069275191396,12.38249941957283,52.24382407359462,explorer.exe,0,none
15.040836629713398,2.937014064136505,21.436218848484817,257.4973756053142,-0.15152704441909084,1.7524646332681977,43.79756345795697,21.15879015327441,84.06515837895932,outlook.exe,0,none
17.824180105738897,5.968970554866372,31.410506511006567,241.50115067888845,0.07965959866106781,0.9487237237991147,51.32935350830325,13.775888204420236,74.37199534185991,code.exe,0,none
21.31106278611725,7.39216916348518,34.394843827680305,308.74628128681854,0.09123008464291994,1.8205919923037994,60.71454578385759,31.513248110740943,143.07558879982068,teams.exe,0,none
22.51657444541117,6.827278494658267,37.01203481825473,527.9629069310957,8.407119393820361,72.0816590191329,74.21683719241487,43.00715482333775,162.6330313556403,chrome.exe,1,memory_leak
23.181108233058417,9.359400488481104,41.47936935383965,539.7929681330023,17.019013117214577,144.64591554418286,59.32802951553609,29.861665243973764,137.79708438918922,teams.exe,1,memory_leak
6.271011018155445,2.1570548037510475,11.002953743865913,89.3051012774986,0.00249951799423845,0.4470394308601082,26.03639130920165,11.701329173594317,52.84507445495242,svchost.exe,0,none
20.452676544148307,6.246515397850903,32.539888637604406,308.36435683769537,-0.2689079017039603,3.0885966850508613,63.6464452010157,27.978055283325574,125.3078716040344,teams.exe,0,none
17.71781624944185,5.803466752347598,27.349543226012457,181.52853809767572,0.1046650479397897,1.5015135970101472,45.20763433351746,16.793543514115168,75.06094643172321,python.exe,0,none
20.662330813502425,6.723455140363672,34.06944745172434,420.5060453557599,-0.013838166448094096,1.32877499040121,62.50911466126234,32.31080419500603,144.9219683402266,chrome.exe,0,none
19.957327196974074,6.924949925500511,32.84193629869009,311.11550135132836,-0.004509606039512922,1.1468744421584829,55.890733914443814,24.197653075824764,97.19254171895861,teams.exe,0,none
14.396889568701846,5.529192728941424,27.121630285231284,256.70799609810064,-0.03944001876663492,1.3834139066659195,56.89001339714317,20.931245202919303,113.00610948701186,outlook.exe,0,none
21.6804490255364,7.410676124280087,37.40913111187172,417.15654673883785,-0.2615319143868002,4.097748790813207,74.70784462580134,29.95179071586344,124.85202045732402,chrome.exe,0,none
6.018992195671108,2.401002020912892,12.969596646579705,91.1761015692048,0.07030860547909773,1.2720699246660918,27.140752531044903,11.23179543939074,57.792790223094336,svchost.exe,0,none
8.73457036946537,2.636866979187338,12.336770477068317,120.35038359634532,0.01345723326468639,0.39554306368506786,33.40947716917044,12.128422066388357,59.04731169954431,explorer.exe,0,none
25.29546800940422,6.827476276362704,41.90580305243867,425.9315754575397,0.5059230817667867,5.477251770199973,63.74526618635643,27.768137553019876,129.85612556688835,chrome.exe,0,none
21.953577463516535,12.962822382910973,67.26669242258072,352.7425294105722,0.020846691863740337,1.91577251659938,62.212348176459166,24.408648686951107,119.38714179622329,edge.exe,0,none
11.778788762783137,5.313137994950222,25.390388961182182,203.55180689435764,0.12387277499761164,1.5803255277082349,38.070333533488366,18.88227247548678,80.03235176908743,slack.exe,0,none
8.553202569839932,3.1447330552496613,13.437284464451945,121.95428652952066,0.13227476147047526,0.9839474134922256,28.790890033356227,12.737627448850317,48.95613955446058,explorer.exe,0,none
6.290694378187085,2.08374169418573,10.698804003691626,89.24774934844282,-0.01991889883559471,0.4170666511913244,25.420964459846573,9.226107262892937,50.99567535834983,svchost.exe,0,none
15.88938155481949,5.103278343213548,26.214611047631177,245.25169164497393,0.2636295886720518,3.278167510381735,47.819064222913845,22.28891510131036,100.20463824279763,code.exe,0,none
19.55882755405948,6.048535473623003,30.123707046476184,352.4405813425227,0.13617385628654688,2.777409159890033,64.73892223168842,29.6303115875929,133.19320982605916,edge.exe,0,none
18.7924727479165,7.81941614044749,33.68680510367182,348.9161596780312,-0.19561854026321915,2.4436362479003235,67.76396729213968,24.536040731513562,123.68113377042812,edge.exe,0,none
7.555510318807271,3.1566498156047316,14.916193699025001,118.46930998150334,-0.08967263282253034,0.7241367482115789,29.178244730589526,12.274877398614526,49.434510048052786,explorer.exe,0,none
7.70659007556579,2.583050381365405,13.816999529354401,120.87856411416938,-0.02461169577854605,0.5393111844473175,24.164310986576364,9.622372908916551,47.17291647014227,explorer.exe,0,none
13.560659267046695,4.638699108121461,23.526910474277308,197.0167546467636,-0.13634410468517236,1.166765076232438,30.46513515269885,15.217650224419176,53.01217627260333,slack.exe,0,none
13.800079533472168,4.032571380973151,22.52624950748458,263.78448473430825,-0.07926838615883298,1.4583959113106888,53.554626241772525,25.507982360850637,108.31348744212497,outlook.exe,0,none
14.23932295300242,4.04857276883677,20.9960913602656,262.1101449648997,0.08038251422609997,1.5931853839357901,53.892064864051136,19.747292151436888,85.47273164245729,outlook.exe,0,none
14.604998762864824,3.9894032221208637,23.524237220431374,199.62443120607048,-0.04800948203036152,0.7688206925185614,33.436302876586154,15.942293195995708,63.29542074163913,slack.exe,0,none
12.919335335578864,6.769548238385634,25.292569569907357,253.3509568070498,2.935934782000148,33.94616961006027,36.25485291162806,16.197078245691117,71.07498429981715,slack.exe,1,memory_leak
20.897862508051443,19.684098281035734,85.8787503641086,235.78100252706642,-0.21832532307603666,2.0658317810521156,43.60543572406493,16.55941229876199,78.8218017153509,code.exe,1,cpu_spike
15.112034278099541,4.392399111534967,24.558430925609393,236.44959161797084,-0.23259219895282304,2.292000385126972,40.22249373718058,16.90949220589535,73.78119184597996,code.exe,0,none
21.856276261698635,6.888607361225194,40.09050416467014,427.4861512422669,0.5528787684351736,5.040103844821509,76.24340115993914,29.42305835395157,132.08675991588686,chrome.exe,0,none
20.96245539420753,6.383329045536291,39.51125167088615,177.01589027701854,-0.06515470222747695,1.120076896923856,46.590408977109604,18.079010350580546,88.28027725037069,python.exe,0,none
12.970141072991204,4.660543234290746,25.638911109193884,198.40587299935396,-0.02785358328403428,0.7640495333114539,32.93761753075766,14.957531677197155,59.553765439720905,slack.exe,0,none
14.031157128999185,4.065241590907109,21.33962480256357,198.2958164241705,0.031612249127763906,0.9250238278996367,35.84899999133595,13.538216929347646,61.169255641500456,slack.exe,0,none
19.986549166368853,7.011688215538765,32.829571426556626,354.55351182219164,0.24299699250467105,3.1902391688024174,68.8016185425373,26.18064201728282,110.06793421801083,edge.exe,0,none
19.860418948703508,6.233567987751971,33.396516047809584,181.30563259767462,0.11177671916144619,0.7919986147523458,170.73802649714142,259.0526546866502,850.0390525991968,python.exe,1,disk_spike
15.484355995504563,5.710272919849574,31.834733713588754,239.3386248328072,-0.0034249445733621543,1.3094732470401806,47.222257609939724,19.361936690926694,80.69086956018035,code.exe,0,none
18.469424376855304,5.814497255447866,30.99247251115301,345.1592939496777,-0.36334742362761857,2.6706018668315554,55.0646868888905,24.089977516205987,101.52395651871473,edge.exe,0,none
20.964334661892334,7.557005271266558,35.149145741039504,350.568221794632,0.09843017401363076,1.4967417856211427,67.03566752695511,36.12838402048508,154.4417450848847,edge.exe,0,none
18.84043116514592,7.018344671936381,31.944870399686746,308.2128564406593,-0.14753287126446063,2.223441465892503,69.49450568965776,26.501155511924964,129.0828922576647,teams.exe,0,none
21.265317870772513,13.665598408816694,70.53628955584422,308.01019962868565,0.0358554533673896,1.9476077240336254,60.4707448730031,25.91283107758431,122.69292100621885,teams.exe,1,cpu_spike
8.501015747383711,2.8909326940742357,14.428177141489297,119.66126162788962,-0.09398572946676562,1.1990411025775376,26.66462556473758,9.060023099124138,41.480188933821324,explorer.exe,0,none
27.560050505566156,20.004764583867495,69.53424486926615,177.10478596006251,-0.22670651700607228,2.301715242016271,38.86657316356244,12.805374907059074,63.63551367528347,python.exe,1,cpu_spike
21.352420329212585,7.965630868293792,40.44087739325872,346.3887145665179,-0.08745459649244557,1.7606789270368592,72.64745450202423,29.687365571571238,150.4187825167156,edge.exe,0,none
8.010680499032556,2.925614166191033,13.12672265541891,119.24446785398304,-0.025500502232825777,0.7160678292567645,32.81218053902312,16.302641177103187,66.51386763526891,explorer.exe,0,none
13.078227170261746,3.9630614413950047,24.184266575152463,201.09669181779682,0.11298303259802177,1.388181610627244,35.812997541309656,12.940066825488136,61.19529776993022,slack.exe,0,none
20.11176483814003,12.279900408294557,61.017913031420335,181.96759944369722,0.08587554840896985,0.9577005733342467,42.28160594596598,16.37069569980288,64.64475751154004,python.exe,0,none
21.09885052592871,7.717335366415004,34.459827562218514,422.8698496022587,0.09533706722643463,1.351277129570653,71.48439267924432,28.759120844896785,128.8104809349796,chrome.exe,0,none
19.303059192112503,5.824103422169328,29.62745706188432,346.1260683643558,-0.11915431609794117,1.6104684808546463,55.50105859596998,30.3899277720265,117.49034435182436,edge.exe,0,none
15.73366515524702,5.077995055153747,30.98235847806051,242.32207402640964,0.07465543507679419,0.9760676597950129,46.8921678614739,19.789584833973922,95.88900872210118,code.exe,0,none
16.988231116078225,6.361488949945757,28.669387670087715,354.0452210983733,-0.04355627699849075,1.6718047223827852,67.24161235684477,24.483865054877487,111.10772659268896,edge.exe,0,none
20.795696686714177,8.12647493937238,35.19099345732998,414.84590929060676,-0.16328331515253655,1.9401968377316576,73.93504609384966,29.34968436674457,122.65410565465137,chrome.exe,0,none
19.849717998381482,7.958531661563808,36.56902768340488,308.2508240065239,-0.06575531198912661,1.223525276443266,60.80766376096981,25.86342114467805,108.78055549954394,teams.exe,0,none
13.538331304058522,5.118004905675025,23.530466740579257,198.83253085695506,-0.10933709699162364,1.1884129525720109,33.92787947953765,15.216124101709497,70.54909229100198,slack.exe,0,none
19.067995491801963,6.01147398240256,30.26279811644967,181.3964087321737,0.04943000926424001,1.16674920997576,38.02753199075017,18.01677888991615,72.61078972216956,python.exe,0,none
17.17136492103591,5.02963116307589,29.08554871802188,242.5009783398307,0.19473306439135266,2.3797633972323027,47.8389535992784,18.577888334055526,95.13648059843592,code.exe,0,none
13.960670710514934,4.842964112497423,22.93719183090286,261.69979429379566,0.09504229234685227,1.0636424773776405,64.64920572560024,19.741229993179214,115.80957489256451,outlook.exe,0,none
14.367138901734759,6.488983442180223,28.334295404843132,263.72872560461497,0.11925218120899407,1.1575899755321026,51.44303524727227,20.67330450198997,111.60394607234957,outlook.exe,0,none
18.616270550255727,6.869935575259864,33.63431640442411,311.67155590123156,-0.11552428854953216,1.3999852241982955,55.05116099795097,20.89882965427336,92.30353527180345,teams.exe,0,none
17.516038145490125,6.58754991190648,30.235991954701323,353.00001489360676,0.17518946760908422,1.4781695376780792,67.72389912413713,30.03710882574026,129.9757176592599,edge.exe,0,none
22.05699547931434,8.598608405196238,38.22478021333602,418.2076900896279,-0.23581047827049323,2.506731855540255,63.487303830868164,30.915173576361905,136.754373427965,chrome.exe,0,none
17.351440262669954,6.913402438351832,35.8089614794484,242.78045658173716,0.14193450927814316,1.8465749026471605,46.278271078050366,20.15324276224739,85.7424319702441,code.exe,0,none
15.7681075780825,4.809106393697166,24.72568327383317,263.6049188212279,0.12787397030663025,1.4271450168657516,56.32265623731257,22.003124560276117,96.9481229270711,outlook.exe,0,none
13.210073065842721,3.518602636259417,20.6808678550944,257.1497471221972,-0.15869780667623085,1.3673290067846005,50.63434631419914,23.577672378116276,112.16327942375028,outlook.exe,0,none
8.707946310588962,3.151752835748297,15.793426080096879,116.79495026026238,-0.14281692030236617,1.1184359846569658,33.38507615270102,14.010001341705106,66.73716632766235,explorer.exe,0,none
21.77174158121657,7.011991942876003,33.39370332668289,419.3712289815797,-0.04379287433544429,2.5583651078678034,65.79057814539941,30.745774146138302,121.81819076863242,chrome.exe,0,none
23.13624699340293,8.463663150581576,41.29090882217939,420.33477506256014,0.05821145088186578,2.937178020945631,64.26231809154294,29.569810826685348,111.06810918201018,chrome.exe,0,none
6.198414042757319,1.8537164665213817,10.732749124687437,90.39727573401782,0.03198526926854299,0.495130898416561,26.419901022314466,8.650038035983854,48.20346180567404,svchost.exe,0,none
18.950100709691764,18.34925790348352,80.48312593332972,202.34470512307158,0.18707896985154662,1.2630801063996926,30.292912012239277,13.439368652939676,54.201830769000345,slack.exe,1,cpu_spike
21.940830804339612,7.293036002779641,38.24774176531955,418.8793992801808,-0.04577400326427892,1.7322595805220675,70.94245704196017,24.192661023126096,116.24149364081717,chrome.exe,0,none
21.232514135781095,5.596999939438052,33.25710373112611,305.4658990303934,-0.15195939923662347,2.63801763532092,65.02335070234442,29.699758796266636,131.08852394836703,teams.exe,0,none
21.884607629120634,7.117797498218892,37.26847091342067,306.4991356459104,-0.05826530387994732,1.66439760833648,62.34749319623229,24.539258078599982,106.2255192604644,teams.exe,0,none
14.264355167627008,4.590615066427901,23.195835616309402,258.66451157590717,0.00823482636392517,1.771497871056266,55.002209530740494,20.287898292401056,86.02677123610269,outlook.exe,0,none
20.448857963236954,6.939287713060364,33.06883372340196,419.50363299541004,-0.08404844064824032,1.7254680202731543,71.76812237654357,36.186803375227385,164.50796171572716,chrome.exe,0,none
7.301355516713636,2.2148128791702253,11.635325199912563,119.46695986922363,-0.024018138981324454,0.48528305693548884,30.178517591420626,13.521882848145468,52.41052438452678,explorer.exe,0,none
14.368810269547055,5.1123544448088865,26.433441996617894,256.47016575709125,-0.2720975751609747,2.228432346638792,58.560480333846996,25.549433131598796,103.61554975876005,outlook.exe,0,none
31.027300746388885,23.23972398980817,98.73513540773895,416.6879479549505,-0.19728679476538105,2.53774902802738,65.41156862084301,26.383172501630078,138.31502107682255,chrome.exe,1,cpu_spike
6.677119725309341,2.023803146508314,9.864781041298516,91.13231957568996,0.025091974403037415,0.34636873686213115,26.55252703599577,10.402695174857504,50.90506148812217,svchost.exe,0,none
16.798215932479188,5.66069440667549,28.77667126410239,236.7888137725853,-0.17363610889575512,1.8195737632763695,48.345006250395286,15.735437530277968,72.72428439293809,code.exe,0,none
5.8985849329132405,1.6821741116242463,10.544914308808483,89.02224890185225,-0.08108999602982674,0.704473419465567,25.111541347863906,12.389477801355072,53.244634775842655,svchost.exe,0,none
16.660776277323723,6.167430956213599,31.369916703691047,181.17139018532714,0.1187638889337876,1.849237882565181,37.57532020549839,17.358655023030792,71.37108266324432,python.exe,0,none
16.04891751714388,5.275914520278333,28.050525158468666,241.32062598206346,0.07695002391337862,1.938481748705293,45.063726317601855,21.53766340657997,84.09246440763575,code.exe,0,none
17.00598311837239,5.18640041820129,27.640092211833654,348.9295635889033,-0.1452096185042289,2.4861042888043885,55.89436065816561,30.88426388552764,109.33340055480815,edge.exe,0,none
21.225448121199914,6.047624712726214,39.275040509713364,311.895638420403,0.06825168113517938,0.8807418230168566,60.45422651587908,29.651519896690836,120.63037448415812,teams.exe,0,none
9.340385033569687,3.1554911656957776,18.86280741946006,118.62281785794842,-0.08290511924229757,0.7051541237646544,34.078723901281485,10.57713867561765,53.455049384813066,explorer.exe,0,none
17.356542518153507,5.45685737938235,28.590254711288917,180.3994184153943,0.10845940692227979,1.4685787205761391,45.893251493278434,19.09722816684628,94.44838225115872,python.exe,0,none
15.798473013673085,5.179947798988224,23.42003258943192,262.7561537390797,0.1539538579305751,1.3592392218578557,51.45892367421511,21.681749678362355,86.37874614561673,outlook.exe,0,none
8.097774923005606,3.1468534935305,14.551072323523872,118.65118125916074,-0.05326202645323785,0.8109282446576861,27.363931539917456,13.318287240711602,50.7505868736835,explorer.exe,0,none
18.75208482447302,7.097749480519581,30.647828654399852,418.6838597814895,-0.11670305275032623,1.993653868657887,65.07439706347004,30.762086485502415,152.0142284106379,chrome.exe,0,none
19.623612427515805,5.475596686540853,31.12302005248496,307.3553712161716,0.03234265324292854,1.6862379140830728,59.97718192543154,24.507453183976764,111.61646007669336,teams.exe,0,none
20.0904024252687,6.374732530489238,33.55472931112658,305.6726185414836,-0.14048789595958244,2.0546521605457944,57.088025090060455,24.985086433768426,105.55213446918901,teams.exe,0,none
14.126483714396636,3.901355683124445,21.223295687663523,200.77439664379213,0.056519370435973805,1.468932250193524,36.99177987378032,11.560636336293,60.483741358523346,slack.exe,0,none
20.12887462014685,5.733409035295663,28.701930703827365,342.67025448312563,-0.4461552441309834,5.541221663494875,74.80829296299567,28.758209266017747,136.3617438631332,edge.exe,0,none
14.779710224620926,5.371117174888689,29.139973488344673,259.7149069307401,-0.10667877276499856,1.115846702332931,51.64133101069535,28.24097417737585,111.41754614358175,outlook.exe,0,none
5.779919645562931,2.0279277154123663,9.702791718472264,89.94532745939178,-0.010904925526411565,0.5689597086762141,25.435255897046805,8.64934809893206,39.55882344129789,svchost.exe,0,none
24.918151819044525,7.230550696814794,40.56646310142969,418.7802866563108,-0.22707463602464106,2.0295549640493,69.59744182326362,39.46779474217741,147.8946345160877,chrome.exe,0,none
22.618858597130135,9.884111398618343,40.37811550794002,422.7861457160398,0.22992306109291955,2.323756970432432,75.07898936057342,31.179384220547487,131.28520289051295,chrome.exe,0,none
8.327607996725,2.7937913782299013,14.716161436060863,120.40148548020282,0.02327654121480549,0.4899238489584425,28.203857144711897,15.689930615375463,70.93975845830386,explorer.exe,0,none
8.237332759108392,2.3243607991049458,13.684915068019905,118.04246613111076,-0.029382044405733155,0.8732177013216483,30.49367950788495,11.627404195909984,48.760190820571985,explorer.exe,0,none
14.296801733020684,4.240027402039899,23.531182309013143,260.1229724303605,-0.020911966897203153,1.138858478815052,55.649321012889956,25.083523696884345,99.77194732694203,outlook.exe,0,none
23.45399801819109,6.667215851002536,39.067340744756976,417.0798811495927,-0.3417188905587182,3.578259671870839,71.38695392227436,30.160706509786202,118.32163408120059,chrome.exe,0,none
13.421731969027459,3.4092583065730424,21.60486016448047,201.7238654133283,0.0911597203070149,1.8769057756455652,37.396632062213925,16.884257535693497,82.73433825344097,slack.exe,0,none
13.141392892359622,4.693645746953231,26.921461021345454,198.0057556179915,-0.12562440322113463,0.9051730432344857,34.30503218437992,15.226723183365278,67.0278626290409,slack.exe,0,none
18.426055567263727,6.554417425044946,34.78500667313344,307.01130033908913,-0.24243950705926523,2.8018683587455655,52.48274485099623,24.938169775275806,107.03450695441316,teams.exe,0,none
15.160274554638137,5.001393798486904,25.823179647350024,263.5762529368956,0.18526003560416485,1.578101771885372,55.18692353680819,20.728316276258955,101.38273448424127,outlook.exe,0,none
8.849376715936387,3.2554372308750006,14.69062414080076,121.39832404074748,-0.005748872400028897,0.6110426813107832,31.490496513389136,11.719588599352363,56.19813614699895,explorer.exe,0,none
20.824261420169883,6.716474444190165,34.25432016343596,350.83540248197306,-0.0844700310609672,2.1505839212348024,64.1734578317101,27.9586867667443,142.5114207063022,edge.exe,0,none
15.64691817792056,5.504763083010088,29.260733538494897,239.30242305948005,-0.0712821026859378,1.4586371710249417,43.347037262091824,17.23631780641188,82.89364851530243,code.exe,0,none
15.789984077923416,4.333910660442293,23.064189773403594,261.7555819011571,3.087806615045464,37.80114393953713,36.51831349156692,15.967388538832365,67.14623094270719,slack.exe,1,memory_leak
6.2681779109467834,1.528560623903488,9.293411094413583,89.72512373649222,-0.02164780838787929,0.7122515131701793,24.224561430257083,12.007313940121268,48.452288903750244,svchost.exe,0,none
5.594401046736224,2.1527218972496485,9.453625444286331,91.14731575145376,-0.011132697389257847,0.7475130313186525,25.459253835006095,9.735758689381163,42.297069716872706,svchost.exe,0,none
5.946322713388212,2.3946582396649423,13.785357936562011,89.20209306375045,-0.05792157536439599,0.665174004071554,27.59527635545951,9.946710280714568,56.49521828180872,svchost.exe,0,none
24.41768871676911,7.0022344115484465,39.24719425166735,418.43775271665703,-0.11144799219345221,1.638481414156518,75.1009218963574,37.77407304070462,148.47788789767947,chrome.exe,0,none
22.506173105313188,8.315341206305268,39.66028220832122,389.94212887302,2.6814204569404354,31.343266719609005,58.151654899780524,15.379783299654157,85.19563523618595,edge.exe,1,memory_leak
16.501144495228452,5.82283475702829,29.9740232232325,238.86861169127536,-0.05382396489701572,1.0439096104081729,39.42536689198086,17.526455450108696,67.54051424517446,code.exe,0,none
7.724321767079153,2.8439692357898463,15.180637291219721,122.34510584346044,0.10622708472466229,1.2360750852946922,29.950814719341864,13.004378412398662,58.005093829927674,explorer.exe,0,none
12.774891885604822,3.952924598477392,24.629822807341064,200.86032193392631,0.09240836056534836,0.6614504358011497,30.925301002459626,15.068700203456098,64.42902919889112,slack.exe,0,none
21.179314395780843,7.14095003049772,34.90471622660822,309.00703266489734,-0.052787813468055826,1.8777158144326458,64.55890888655242,26.2081127908028,128.83997416856306,teams.exe,0,none
13.557782630544287,4.864240588792199,24.5609887626476,197.52998009563905,-0.09170022424470403,1.0735332060744027,31.703400157618542,13.01502343592474,54.49589750440748,slack.exe,0,none
19.71553199125747,7.964077981112537,37.17658705033081,313.3951951940323,0.12720059727037664,2.1842331746488854,62.793811998937414,21.07960640513211,100.91809039384003,teams.exe,0,none
15.021607925987473,5.402092936773115,25.6516716843366,259.07212219525996,-0.13461218635837896,2.4947798389384053,62.881925636438105,20.332029474416288,104.38020121789734,outlook.exe,0,none
8.80678423377981,2.3277346948051405,15.273979921833483,120.37426343744953,0.10378783455736358,1.0022456268195112,31.06176228907857,14.147103666916815,76.08037603972664,explorer.exe,0,none
21.958362803920984,8.180911895679358,45.90932317872543,427.6473329045388,0.2810408414282828,2.2548438939395488,75.59784780142546,33.68852197302295,146.22734857826373,chrome.exe,0,none
14.91317713816856,5.06893833791689,28.737299548581944,238.00339583097679,-0.034378974821857845,1.100668367099102,41.6560912156983,15.308473500189066,79.54025624582735,code.exe,0,none
11.485678016476408,4.80138294344204,20.250149961228722,202.47437864032528,0.13162838844856803,1.219100391837306,36.504835799180704,16.68841323482483,70.64246154668217,slack.exe,0,none
6.380718876458659,1.997617516675452,12.528582400201577,90.80379250616765,0.019061670714528134,0.3947395055815658,24.266107745982353,10.201073216284989,53.986167641846066,svchost.exe,0,none
5.773734018313647,1.8127507167955175,8.69683897144494,91.3038655265198,0.07576199276844449,0.8889090381742123,27.570138152699492,8.373162699648875,41.576531510692945,svchost.exe,0,none
12.428867278114385,5.228179595414469,26.853842039025118,263.6460600403828,0.11160020873333375,1.7538421527970307,57.61287094378244,22.994923861675343,102.92997807383242,outlook.exe,0,none
6.188552408667546,2.0797021436380096,11.238649755124387,91.58366735468363,0.13528685913730765,1.1135140825052203,22.692970744862425,10.50333928914859,44.18802798745412,svchost.exe,0,none
17.9767318801382,9.539634263286285,44.53659034600894,261.2273861392885,-0.04088681045936937,2.105339144736473,53.71537907496274,27.92764795609415,106.9704630639479,outlook.exe,0,none
13.624987759682591,4.261469869859339,21.74775524601246,205.05831959015705,0.24655657027847536,2.494644842671748,28.79267461822814,14.413042150846614,59.80025346613183,slack.exe,0,none
15.298453979788915,5.86254141936902,26.046335688624985,244.49365089415488,0.3222860821758805,2.523981827577061,47.63157566421184,18.593875077871107,88.42259858265228,code.exe,0,none
11.288568763522706,4.970302642426191,23.857142747160793,201.25409526458841,0.06606390530531978,0.876614331152844,37.482802175379085,13.639860621790696,67.98976083864699,slack.exe,0,none
19.82412425002762,6.057073004536071,35.8534489157459,347.7791110213902,-0.3129293511758741,4.883555089438434,61.40979349780763,33.44399523359149,129.41117171687443,edge.exe,0,none
14.071576779416032,4.279792597495141,21.73383677981257,257.25491427911385,-0.06867788914282755,2.0704750306634097,60.68357988754679,21.424046136848936,105.20478679629531,outlook.exe,0,none
20.970868894518496,6.662045158965962,37.84173472522745,416.2698518305422,-0.024172398331865,1.6167592939273998,68.44227083109104,32.488806221109996,151.17076590814384,chrome.exe,0,none
6.215952531095894,2.1510234040016347,10.157764721920193,90.63707907144712,0.018744289104324234,0.3103950578536147,26.58321363788515,10.81846008238307,51.11523763304707,svchost.exe,0,none
14.895582513928177,5.845475986399515,28.0265288583065,239.31349533770208,0.1027450996614173,1.66828382546332,46.2409235148311,19.728145709472017,83.10430653262625,code.exe,0,none
8.56738348742763,2.673301771326705,12.536297190484202,119.54389908864833,-0.03313379738557008,0.5258059312025688,28.77569119334258,14.661409422943946,61.828939605355984,explorer.exe,0,none
5.808720764988233,1.8468816705335234,8.894389162135504,90.56627831460511,0.029111189204418034,0.4350551542601401,112.42139516237066,259.1581745278424,903.8113727141168,svchost.exe,1,disk_spike
19.635450332040985,8.62084124583624,37.24557106409301,307.2707357668883,-0.1917251423499162,1.4495374965216936,63.97104866632192,23.570791150370628,128.06317738553042,teams.exe,0,none
15.575909893826774,6.992162639993119,31.986022137052252,181.04443016138657,0.06042275234104864,0.743386187377873,32.071129057611564,15.194023459356142,62.101473462034065,python.exe,0,none
18.782493484515467,5.6384675872348735,30.401593753468013,179.31525482256373,-0.07119034175234068,0.9685156654702938,42.49283862024796,18.55486870023992,87.1056552443321,python.exe,0,none
12.83317064115123,4.113208810729053,21.546594082278286,261.4496268937252,0.03913175234345658,1.3257848592338088,54.38747029445915,22.131930862834015,96.6783546264681,outlook.exe,0,none
18.617498039638086,6.266340723551168,34.351723842850426,307.3859608714132,-0.09834894715088846,1.166922504679138,65.00013392918757,25.1742397211912,107.40448110631965,teams.exe,0,none
20.362982567748166,7.66813703252391,32.74652298665818,310.2143455703707,-0.06415534459747695,2.0921079989734204,62.4405825516408,24.182314301348136,108.56924227084593,teams.exe,0,none
21.602353830108104,6.683329202326829,39.114354611217315,352.95483201349447,0.0586543876187856,1.2446765298761053,68.9038263683794,31.077603969889893,118.5773210549784,edge.exe,0,none
14.50389558516706,3.768505040671347,22.71720247039501,259.02138479724533,-0.1415685243599228,1.486840106364313,84.03466983044638,70.65674460413592,289.59861330814385,outlook.exe,1,disk_spike
15.658439527233242,9.322055485172772,45.48555276281318,202.4523290042801,0.11849013568513365,1.4222815737372427,32.24628342230637,14.132409200308489,59.707473440557294,slack.exe,0,none
15.54417553753071,7.816003596551012,34.563981854909365,182.31604524519423,-0.020028411005946132,0.8051048242584269,39.278278978923474,17.086533743789616,82.82429092599612,python.exe,0,none
12.944426117134958,4.496656429509819,23.372490411386018,200.63791601763972,0.025477788285300562,0.577315432630706,160.65049762181033,324.62272294997865,1270.1607078362147,slack.exe,1,disk_spike
20.69137174141789,7.176895003154906,33.2477366160678,310.7624248997125,-0.08631508257298985,1.959081734780467,58.29270080186497,24.97014373583564,117.49544760664992,teams.exe,0,none
20.84546677551475,9.59721301910019,59.73133147160077,237.54420689184934,-0.06825889676244495,1.3524570924208994,49.519714299550216,16.71752673484267,81.94130375806728,code.exe,0,none
8.198293484454773,3.318711687782293,15.900886135881375,122.60690980413786,0.20160031077031135,1.9948342249110202,29.98785266657268,12.00084905859036,55.08951388283116,explorer.exe,0,none
21.852056110931684,7.112922992608587,32.1373845853079,348.65960177563,-0.03827221726167143,1.0047316578569951,59.67299864111272,31.376217482947958,144.38263903263947,edge.exe,0,none
5.806393826665454,1.775799134468095,9.998655562300147,88.72326671708942,-0.044851657543455305,0.61590484787578,22.544824701709434,11.205574597755055,41.226679650886766,svchost.exe,0,none
18.981432469019797,8.439508829592855,34.6598644630627,419.16287609690966,0.15945977324275115,2.9525988992117274,70.22454650245281,29.848831981478618,124.55684461596707,chrome.exe,0,none
20.49736271562327,6.345350888793656,33.30882200566706,349.86310994270247,0.05224842985442516,2.0704945658051654,66.9445662306507,25.574448910109908,127.49813766362747,edge.exe,0,none
7.301809565053967,2.5883661932556854,11.358425257217618,119.94644918501707,0.014166535580424976,0.5765707362885257,26.419502085804943,10.667214561256118,45.468293301484394,explorer.exe,0,none
21.654203528881336,9.522755362101812,43.43483854224451,351.845549873852,0.154221430288239,1.4953810165653831,65.2444131886122,34.89307508596918,160.34008123131184,edge.exe,0,none
8.110203684844004,2.68975434469076,15.68983776966908,122.24890216449073,0.1120858858937685,1.3336867524495213,25.455183403660108,12.211179025888251,57.241263650015696,explorer.exe,0,none
20.229321152606847,5.002873548281754,28.609995605000318,346.36570942427375,-0.2807854503293167,2.7813438418883196,69.83747563845279,31.946980507934466,127.10006075187772,edge.exe,0,none
5.732028313232635,1.8927034610076565,10.447921396167814,90.17101351746179,-0.012050446544817817,0.5097680145087052,26.56737411606853,12.652644446870264,53.51552079864368,svchost.exe,0,none
23.463353798806242,8.414568485902064,41.20397568614068,416.1142253815744,-0.25021277215127496,3.3735642860456343,62.60843715929296,33.81901052575039,158.34056852118653,chrome.exe,0,none
9.06647129164011,2.382517742080106,14.029723023244927,120.11879105230012,0.0575644446264756,0.8487724714634411,31.15270563557808,14.084456251004458,59.803856702347716,explorer.exe,0,none
21.93038425133496,7.406730120798125,34.236455362910625,303.53611918861094,-0.21015662696178386,2.662092108905867,58.38762688197745,26.2459250445343,115.33291293610043,teams.exe,0,none
16.294240293505368,4.347789492620819,27.798533574160047,242.03241619817453,0.09713284457039512,0.9761203417818148,39.16084356890382,19.822507399030016,82.46266295707925,code.exe,0,none
6.37904708656694,2.3327693333918513,10.043068647311255,91.26803637662475,0.0686987812590805,0.7027591496702665,23.890268973502128,12.183569465320899,46.16240269484905,svchost.exe,0,none
21.643119917144418,13.00890525087985,66.97581107946064,350.9720935069532,0.011771997700727373,1.0261924432476823,65.18699876258331,23.055952618612448,115.82248008422232,edge.exe,0,none
22.146698371907107,8.133780752883952,36.599280469447706,692.4629813085444,19.17776357169787,162.16108850087699,73.48336700637238,27.386039226934546,159.7016023518004,chrome.exe,1,memory_leak
22.932448523380472,7.87207145633321,37.35972522030339,423.720992235944,-0.0738002304556043,3.620067903974392,61.522261334148794,31.848731614023677,141.33792175083866,chrome.exe,0,none
22.046137029254925,5.802759186982787,37.3279269771856,313.99943690526186,-0.17588738926674333,2.666245207913794,60.02115565393012,25.98549761703779,108.72695929891049,teams.exe,0,none
13.681052987406678,4.010446856946528,19.317233652699542,198.7036202964743,-0.14617657430768058,1.2506449498450847,38.7659410125875,14.141893391303794,61.257264051960576,slack.exe,0,none
14.342584324310677,4.165499004408062,24.42381768307836,200.06495015530334,-0.04160706734796141,0.9573845130211509,37.169266173503296,16.942168733817844,62.510810875342216,slack.exe,0,none
13.806549360682993,5.6921995020549305,26.064903998119576,261.3095406817448,0.04366437379970497,1.0630549165806753,60.82024770162772,21.157060562933815,100.76333757973893,outlook.exe,0,none
7.875296084435911,3.1226268548540363,14.843116726414111,117.9940570025943,-0.09399375541485,0.9980060300479895,27.717085633484274,11.41800672404694,55.92334439446381,explorer.exe,0,none
22.06208583272144,32.81266466341011,100.0,119.5008034195192,-0.019112111674055635,0.5504418966880049,31.9770934984466,11.493370452915316,48.27138112194396,explorer.exe,1,cpu_spike
14.491432302437682,4.911613160089098,30.664962057193666,266.2915879006863,0.32595046950708784,3.1664437091020448,53.17762202890718,25.24589167266402,92.97121106338992,outlook.exe,0,none
20.597514204903188,7.529088096443518,32.71510845194362,416.4918920896954,-0.04640820271840577,1.745338318809543,75.34640637364018,30.60380562367073,127.3906333254757,chrome.exe,0,none
14.252278678618108,4.710693859318983,23.140007959537286,260.84000966044124,0.24813625427966787,3.3397781388847556,55.43974491533816,23.588717398145178,103.5210983306563,outlook.exe,0,none
11.677278271364315,5.453537500361983,23.87725469901868,199.3908254889992,0.013518872916902562,1.0554746608198817,35.039027170967216,16.696513769380353,75.27548536472452,slack.exe,0,none
19.83282910406034,6.678427403675555,31.090043811332883,308.2132718611173,-0.35078760538650994,3.472330822650956,63.244600514912925,25.020593157453874,109.02988180742673,teams.exe,0,none
19.951535483444307,5.89132393031267,32.52227805815985,311.68475435096934,0.05363066623111763,1.6446806617699985,58.93662771490343,23.406459429261115,99.18031207476557,teams.exe,0,none
20.3718116211341,11.921855008021458,59.88709716742419,411.6415699591718,-0.4776979664483444,4.803844873043845,72.37034727432423,34.42260833020072,137.66238658744868,chrome.exe,0,none
22.867756323825002,6.139364768572437,34.94075946484159,313.3032375409802,0.09711971969427964,2.0498014130507816,69.50585853807098,21.36267279711522,123.36242990429122,teams.exe,0,none
7.671181093236799,2.6068083386090932,12.298054176362655,119.80769243321318,0.0289823449516471,0.6583985769629273,32.102505423696954,14.217317660669275,69.0626812220546,explorer.exe,0,none
7.862876812127278,2.851442203460129,13.230055718142022,119.93105953999198,-0.027802449921511634,0.4985019044431382,31.546779685244612,12.32428375808898,50.39860239109147,explorer.exe,0,none
11.147235058051859,4.019283394459173,18.107775838056398,202.32575203858002,0.2843971442028296,2.4929580417645694,33.66777663883615,16.73412603044916,67.95616156876696,slack.exe,0,none
20.181906731062703,8.103404526554005,35.974449026557664,305.8048177246826,-0.17595230738723255,2.0529166268340777,54.87733272334834,30.078058074121824,111.18015413646246,teams.exe,0,none
21.49379984093647,7.126928138815633,36.92198154504733,220.83671828632936,2.7712457492231217,27.781183822869007,45.27212480445639,19.45780161126075,87.09035098884638,python.exe,1,memory_leak
23.128483284681568,22.598259018843425,91.20158281782203,239.56978187824754,-0.1472726434630971,1.5684832476430672,39.11540732666991,16.778570157632746,87.24830962928533,code.exe,1,cpu_spike
25.40276651201187,24.25748933057547,88.41795486057148,241.5831891515218,0.05768782361975866,0.877118219778454,43.215906131166854,18.663113292615826,86.440939629821,code.exe,1,cpu_spike
17.259177578253915,5.04659101010559,26.054825052681124,178.44374862304846,-0.11825397713469102,0.7923394603442192,35.9040228019685,17.296556375749727,73.34905217959661,python.exe,0,none
18.383858314702447,6.472927050239529,31.06837168603107,353.8312262887663,0.11265568418403783,3.5191449690125656,66.52616123743485,31.67430302368087,143.44364421456186,edge.exe,0,none
8.158173087431058,4.154868603412256,17.787807225564393,120.11667321520392,-0.00844249611535588,0.31930308266565954,30.27204262737629,14.726940964898974,69.1519801653117,explorer.exe,0,none
22.995320782034263,8.65822581961796,41.298518813059964,419.1069447823768,0.022389290295948664,1.2215300672514318,65.68398711889655,28.56390490813424,119.26041762040788,chrome.exe,0,none
6.616972490058193,1.622223597200131,9.731813653366457,92.18530846443902,0.11222161084131889,1.0013493222847627,22.73439423804864,10.728048769048765,49.46294815511486,svchost.exe,0,none
15.347247468337796,5.6716311402824715,27.150461974500473,238.35925981050167,-0.04913832287431887,1.0190781371621103,48.36192056728866,17.235578830577754,85.3548652107858,code.exe,0,none
20.590860930775865,6.892033752952093,32.98457541504438,308.48235532314993,-0.147255943868322,3.1795554469317535,55.51284146602087,19.683885094325294,101.86129328609279,teams.exe,0,none
12.65904241055882,3.729396374162077,19.075269198934784,200.80075222384772,-0.00935267229365498,0.8438152076875337,36.36499673434259,16.934719350442386,78.23007445612849,slack.exe,0,none
15.95190047491446,6.212708920811091,27.025447753223386,178.473362040063,-0.17311873996007326,2.3867596157674673,41.45482976008968,16.11377966673072,75.6025284378625,python.exe,0,none
20.10870213847806,8.00182765363543,37.6576741795925,426.84569900786835,0.5107708503885324,5.2615564703547895,70.80489411750484,35.84338753377723,139.15021463222237,chrome.exe,0,none
20.239843690606982,8.595600860437244,42.26882945689856,182.8748377380102,0.14051763202573303,1.5515670951227747,37.09078414508505,17.574783389790426,70.66544572453158,python.exe,0,none
21.094001002854256,6.010425758710915,34.029555692054274,351.3846160729354,0.12999013054748237,1.4824329694903688,62.12331893611699,34.108473918748516,136.15438570083262,edge.exe,0,none
13.758622718235808,4.189137839764573,23.76653623433286,264.5384122154938,0.2698559535517006,2.4777174766782832,55.84173181396057,21.45392506918201,100.89165540329768,outlook.exe,0,none
5.81339536987384,2.2333200216523563,9.523115537712378,89.09110357689502,-0.025934547318672684,0.6540665728312527,25.524909490767023,10.222526473569786,47.76246601275404,svchost.exe,0,none
8.704370523608928,2.6490408670385763,13.903681628024984,120.84592970751626,0.07265824934990756,0.853333672638782,33.23250596432641,12.952085369701988,65.340484332422,explorer.exe,0,none
24.01197299586208,27.423084541569278,82.57170087067163,119.87774080269146,0.0007734975906908896,0.6068357513920257,29.424649045978082,13.408406854664381,58.995642528570116,explorer.exe,1,cpu_spike
17.843318501311487,6.341821348682486,33.0183245392858,178.6008882565689,-0.07240761029822333,0.9406634445231551,42.64178028443516,16.67327220552545,80.29896999545963,python.exe,0,none
19.868731337730303,8.246509039891617,42.541482370851725,312.8317560183589,0.2074333225276746,1.9846363966611986,54.91095270194816,24.756057219268506,106.71267896108213,teams.exe,0,none
18.042988140293883,7.461118490670755,32.263757936277855,180.3336457726487,0.11922293672275544,1.1459719417801681,40.33569595709333,16.23924773964207,66.98597340210337,python.exe,0,none
14.52762209595358,5.687124430726826,27.086683010055246,259.3558004286637,-0.1152207019363838,1.9129020539011699,56.61051471426909,23.709217167236915,102.04782327588651,outlook.exe,0,none
14.064518549310202,4.565474868145482,22.022840219939724,264.1617308369038,0.2402980824692558,1.6978773726597733,60.068768007545295,25.2026709788678,102.69505568463259,outlook.exe,0,none
17.65795070349874,7.700127477345309,40.130600117074906,183.02521144401283,0.2641399793360061,2.5230427553702968,40.959164210317525,20.386336216276682,81.35337314514923,python.exe,0,none
8.177813545796413,2.815130837758178,13.839847013396533,120.39388868909435,-0.016749310785242718,0.5676921499536361,31.067367503600547,13.090749271739124,54.330976410220714,explorer.exe,0,none
22.023548073497857,6.3155515370142155,32.564342874375825,305.3520331562441,-0.0915942825646558,2.489395988715118,62.0586193265171,24.384366155353973,105.99384484381015,teams.exe,0,none
21.106351652887206,9.555212402498544,50.53716908791516,181.37403114007293,0.08642612699005099,1.1539531177655384,41.46331995980393,14.30358476479354,74.50061362480581,python.exe,0,none
16.042384000118144,4.839308295616481,29.819667101759762,240.73391748597606,0.11006954105014112,1.3090348404770336,46.35090218154182,19.990071861794362,100.0485117305587,code.exe,0,none
13.56853069661168,4.0783427545701185,22.739503889705915,255.93023972485827,-0.15415068919153707,2.1988932399933336,53.97812902746565,21.298495244076086,93.20287442284405,outlook.exe,0,none
14.038806677247832,4.714034062994696,24.228644299237327,263.58607296087894,0.21929028037879258,2.1321686050320023,53.62157419788121,21.913635505997057,119.08830851344604,outlook.exe,0,none
6.397374638340489,1.8789521580986903,9.96664263077362,89.37102675570186,-0.03819874726678639,0.39692587625688486,26.58514341978686,10.956305137810297,60.187512763382834,svchost.exe,0,none
15.848726082671096,6.78758067922059,30.70134663681345,178.94604445363467,-0.07891308933450981,1.6203107885321386,35.44071910306643,16.69995440918676,69.64630954156985,python.exe,0,none
7.320980428358608,2.9250929212141554,13.342670898342647,121.00819285677106,0.04820214853348972,0.7615038570402974,31.55215852287098,14.931079399919286,59.54220801135842,explorer.exe,0,none
17.751495707052307,5.70670422321735,26.869609280509565,179.5158153859033,0.06977070962187118,0.831048469062455,33.429137255955816,15.964894652088164,66.15305888116995,python.exe,0,none
13.833039466371616,4.262434302361681,22.79214773968858,255.56186375621107,-0.23588727655342534,1.7610718196013186,50.396731804250265,21.11188164407203,97.85027917030185,outlook.exe,0,none
20.96034030444729,7.47291522870993,38.764011695301605,311.9227184615568,-0.041816472620250046,1.5487317617557026,64.02838964081651,28.45847865345331,127.3817518340078,teams.exe,0,none
14.398716212591884,4.437067536013195,23.046507049284358,258.6587576726191,0.06342790675529196,1.5054488957146597,50.50690663668206,26.3389532812142,108.06120677633137,outlook.exe,0,none
20.74156332327318,7.831326137892315,41.16647016835674,305.4220348098855,-0.26750837240264785,3.0192448987707743,55.96208347706841,30.199835494066473,112.5085804165632,teams.exe,0,none
19.94690191069432,4.680353869732979,27.406423164347224,313.05719712840465,0.2715810978760184,2.908156479316738,59.983097194574825,26.970313311799174,109.31871836415937,teams.exe,0,none
6.4629947762440345,2.31467299992786,13.61670883149312,89.1755471279085,-0.07101886318386809,0.8188940989225805,26.695489802847604,11.17030540508509,50.46525948382792,svchost.exe,0,none
5.953969341686805,2.061314543115026,9.469338334670747,89.81563889488422,-0.04579443337743025,0.49890929194104866,25.415884238530566,10.538813420574352,42.35385313033126,svchost.exe,0,none
21.43738223068704,5.091140785081939,32.20662009211756,415.73112555612755,-0.42042407914238616,4.201466743167777,71.30035526119474,26.07789460806479,133.74903624702247,chrome.exe,0,none
21.053555847026466,7.500613592228799,36.83759820021925,304.00050520247964,-0.3109575533040186,3.458279827878075,58.85571953297676,19.567970895359743,83.18301498919462,teams.exe,0,none
19.21650045282557,5.353363071607139,31.221388157673516,176.85078450503866,-0.20366974418857733,2.1420056091951625,39.39082981927999,17.80092811131876,86.5685582422874,python.exe,0,none
22.46191867528213,7.292418519993216,32.106895826799956,418.54147727763467,-0.056858048402913634,1.7184051456747689,82.32806859321504,28.161215756352586,133.13546664533843,chrome.exe,0,none
14.755327639210511,5.464025051152388,25.247385251137274,239.91764856684614,-0.003846050209925996,1.4209362715489933,45.04122839860137,20.938649002318,86.39535636293047,code.exe,0,none
16.95034826277831,3.9575747687353413,25.463006674469685,239.90718752214244,-0.03485260002467972,1.4592915436065919,40.87113407830384,14.247749894952443,65.29114786453252,code.exe,0,none
18.00718278241703,7.029011181500334,36.40226748962112,178.68763608328635,-0.1543914841608294,1.4431610922330809,42.35465371172912,18.247713458119318,68.67445107762015,python.exe,0,none
13.766546717845792,4.793275642957277,23.88452014977451,261.0455623589274,0.09885161683174033,1.2653339508660255,61.87653442475319,23.5002357344048,115.42155712248885,outlook.exe,0,none
19.290875951909076,6.540526793518361,34.225179092049274,348.5123536842547,-0.16499335864720593,2.7345798923576816,63.974925866224794,29.31243100944211,114.32888528503806,edge.exe,0,none
6.361533562942194,1.9361470370710256,11.143133191619619,90.29043053375162,-0.00923955118911266,0.29040548462749105,22.92814463092491,11.144768136688441,45.72735266729019,svchost.exe,0,none
18.152609867875878,4.89001997731325,28.82743791049716,181.46321843942854,0.057026705103261105,1.166285081967475,43.57197270221262,15.063388441893418,75.98527590508786,python.exe,0,none
18.165876082635116,6.887270727028632,33.712838269478084,351.2381250614911,0.052112617123651714,1.629257318095601,64.66111382446431,27.11888975283068,119.33473556660016,edge.exe,0,none
16.482485603144845,5.484541027293548,29.695394053486925,348.8421740369397,-0.13499216258431185,3.425350278457152,76.05689249023575,24.78816538253866,114.8484828380349,edge.exe,0,none
22.57540257012692,7.2945682858121055,38.694551209556344,425.48819091300516,0.1327234226597246,3.645882146049871,59.02733321423622,33.838075584549,154.75381031523693,chrome.exe,0,none
16.76477273393573,6.408583147564736,29.424948436516864,241.94168393882404,0.09812469608791427,1.340327521622028,45.789179197202884,17.57326944496844,79.49107069776613,code.exe,0,none
13.063607923116269,4.952625798770785,24.501520679294885,200.82291482181847,-0.012504331829007734,0.5836037970684237,35.39317295374945,12.56650290966239,59.41672886661345,slack.exe,0,none
8.32596314512359,2.766858860618441,15.715848215428778,121.81832072277093,0.1042239881859525,1.1383678561794845,27.542332126810276,12.740743242314926,49.06729166542166,explorer.exe,0,none
15.624405119532424,10.190912348519104,46.873955514925235,260.79406725837094,0.030926001390834776,0.9550889957078657,48.16456710509166,23.600873841361782,93.67029169438739,outlook.exe,0,none
15.722520123454357,4.7199823374482195,25.802303893674686,255.63576707728708,-0.3553948879109195,4.1860793940759535,58.93562406731805,26.734161963583862,110.36726584000532,outlook.exe,0,none
7.982113470868025,2.9093082421669347,15.013609536362395,119.64328079613759,-0.011571367621777521,0.5281296914931202,29.167348652101754,13.798976793874198,56.183568352470516,explorer.exe,0,none
20.200656678465936,6.969764031967248,35.35840219748521,350.38472670503063,0.042280361042149175,1.2149206619693806,97.2908057301844,95.89336660079417,421.31162953108816,edge.exe,1,disk_spike
18.196611184992193,6.935542928797418,30.716372519333746,179.92592848143593,0.04783766440619388,0.744805244501348,33.66251162048997,17.618178937951843,65.24574200050736,python.exe,0,none
17.743776761730867,6.277141785741784,29.264115760273448,238.35293751160876,-0.035643339381465466,0.8980078203804206,47.35794906272496,23.432087121913714,90.94161442186393,code.exe,0,none
12.264728232683943,4.810108557286348,20.85075436583366,198.99893498820356,-0.08650641905986257,0.9362491274502382,35.640549358199,13.803155939081876,70.70190517532681,slack.exe,0,none
12.834788878159008,4.925970537660873,25.842822065796206,200.12512541251,0.03201278284720483,0.49003368719607276,36.179135454555485,17.13765404643328,72.56448077269332,slack.exe,0,none
19.82837332912208,6.646602627917691,33.02552457791971,346.84674473890544,-0.29476154304697955,2.7574800449621817,75.6964601154518,28.573975205124004,138.43820087039057,edge.exe,0,none
5.673224828577422,2.001872250929837,10.822763214785406,89.92255473678348,-0.004148540856688499,0.28928910957653214,27.24925202917861,11.231385722440901,52.423084156215765,svchost.exe,0,none
14.72946886139422,4.571829249562178,22.707131279049072,264.1978836336596,0.18324640895491104,0.9295814475948079,54.24551068558613,20.94358001592998,99.54881876952243,outlook.exe,0,none
20.140700112978923,6.999643269284883,35.68827391891918,422.385417993999,0.23145228334141166,2.491580262496563,68.51223256273201,29.257696384259457,135.7333077054251,chrome.exe,0,none
8.041317442209703,2.9308494022271643,14.758581511141639,117.75410855793967,-0.159346118278899,1.5815480203842678,26.95496820643276,14.605431753568668,62.14953943305394,explorer.exe,0,none
17.873917383960418,13.296470440738391,61.59333169155616,260.11256150405165,-0.006144215747337966,1.106070577088702,55.66797530759528,22.40337976330672,105.18212748424138,outlook.exe,1,cpu_spike
8.860472408748736,8.846526230041453,35.83992532503098,90.45375056203288,-0.018706504615861756,0.6350661026679892,27.264409861041656,10.065503887486308,49.969425720966825,svchost.exe,0,none
23.05948020400982,8.239961802499343,41.15704368091428,413.8164553336515,-0.4131926284242089,4.909675826140164,67.28670652653497,20.36058468059472,115.77104005310053,chrome.exe,0,none
5.973854469604382,2.7068451100748403,11.770558418260249,89.98474090450708,0.020381268714412214,0.4807861294796827,21.040524832260814,9.624413122865338,47.168636775535106,svchost.exe,0,none
14.966479892550216,5.873301964553438,27.993828779932542,299.9738008303317,3.7894882857409056,30.205764081147958,54.19228232801716,28.44508021397584,109.9421250504291,outlook.exe,1,memory_leak
15.357020960427624,5.936155582065357,29.175850091964595,255.13216256517782,-0.10897022937569052,2.2454279204198477,57.547597545141166,15.951178842606884,91.15999092428311,outlook.exe,0,none
20.487856141005626,7.262959396311254,37.078338039598805,423.750185226271,0.2223363405720382,3.4796385896515467,69.05740990274963,32.02618374662918,137.3358272734058,chrome.exe,0,none
15.696751638358508,5.8567294156384,24.52436853146623,240.0270903214798,-0.07594168236352251,0.9468957042389401,46.92646333832296,19.7551994231585,88.38907973423929,code.exe,0,none
9.00700643121054,9.958290270408556,40.90373723059376,90.74105876435219,0.025772820428760213,0.42606106594834897,25.376172676967805,13.22110236652537,53.689702278296494,svchost.exe,0,none
16.827520715192737,7.185600509231463,35.82670638432795,349.0210094333209,-0.29415178013350857,4.1202665076766065,52.64965220333954,27.639275771728506,99.77070940290074,edge.exe,0,none
13.243513269331611,4.652067158036966,23.33990046485934,261.9335659288966,0.16809408976249832,2.00464829505332,60.5640604176529,23.683371591597595,113.95439357110332,outlook.exe,0,none
13.134238475575538,4.801330271455407,24.484466855708206,201.27849254528016,0.0032944355364463718,0.7202386196477297,32.52138316535481,15.23516407310293,82.34987848995925,slack.exe,0,none
6.110415421350385,1.9017947042715735,9.99028203180328,89.51940050721214,-0.038049448347276874,0.5315171419380944,23.64470271094702,12.719669416463345,54.080798521627756,svchost.exe,0,none
20.977055840504082,8.035766167941702,35.47271877866255,181.3713085484706,0.1310300507768697,1.1458706721275906,40.943677558587446,17.210451025097708,72.15822740423886,python.exe,0,none
11.341300212860663,4.018204428185174,21.988388950530343,202.61624631241165,0.16085630066636156,1.6840982611297899,33.54426476159081,19.219404112700218,74.42359461204545,slack.exe,0,none
13.714912900994538,4.373253435978886,22.46680425502437,258.9805752206194,-0.11186020045671133,1.233260882966071,54.07740648576709,21.94155091222075,102.6649834184027,outlook.exe,0,none
16.103854707583736,4.76567590254492,24.192477885422598,243.0209195879128,0.15965863599846083,2.113043505827556,43.85949198562817,21.010090866704473,84.86928389322728,code.exe,0,none
6.320432282825805,2.1653724912626573,10.03669737803996,229.1739952331761,9.258497602649523,83.92540205586802,27.74362277983649,11.781487665229577,52.65288407473673,svchost.exe,1,memory_leak
8.781310860428118,2.330770688897674,13.639768116527899,120.6783706622268,0.0043506039255490235,0.4840398079034912,125.18955452771179,200.77373959097548,635.7554570220956,explorer.exe,1,disk_spike
19.484196870451054,25.932621054318787,84.23103010591446,119.32392628160821,-0.10180132154793568,1.4177146361558166,26.828845578359676,13.585838091834471,59.32902274427309,explorer.exe,1,cpu_spike
8.394297504080681,2.8974879867119414,14.675941705951608,120.1425607529789,-0.020857001852517005,0.6005350437618704,33.90421755135682,12.402464048755924,56.83959421982513,explorer.exe,0,none
16.05972305962266,5.079223387057051,25.192325036155008,236.5170635561423,-0.12053373344493441,2.0090220954269267,43.33629693059267,20.809618258766193,87.79424178006445,code.exe,0,none
19.580363449982812,8.16089242158586,36.913737475764606,311.9112968257927,-0.16458658156565775,2.2988846980703066,66.87582270893371,26.255926161672306,133.41588281387317,teams.exe,0,none
17.569203218099137,6.204614924202253,30.77729518887982,355.0380181658527,0.2324596337746622,2.41086886401692,56.57143978778889,29.65826539265104,117.15634943808138,edge.exe,0,none
14.446512166911509,5.197011309785474,23.300173316224125,261.11424684844485,-0.04369142137053359,1.4019838606507198,50.97708914577567,26.184650379753467,116.49766848183953,outlook.exe,0,none
7.764068852568544,2.7907437477443104,13.382931158588839,120.30250131340573,0.024317393270832592,0.49793199044519226,30.783260453062304,13.23239257022645,54.32613409526881,explorer.exe,0,none
19.011427454718678,6.06062722411747,30.73089697471299,345.06970356363297,-0.39064786858295214,3.5737553211950925,153.32247958888087,234.329653630043,954.9821687122404,edge.exe,1,disk_spike
6.09534727364271,1.7144790308472315,9.86565663411459,91.52261718730139,0.06813807008588242,0.6617457372219668,24.48397268092986,9.509351069277491,47.040921613340714,svchost.exe,0,none
18.70277004695236,7.279859964930528,33.76517159972369,348.5566334265381,-0.023237353113789064,2.268632276533989,57.84216812709989,26.150748303755254,125.9964007652529,edge.exe,0,none
21.233929387656826,5.778190931998232,32.72256226172558,311.300268043173,0.19774835987444325,2.17438511075117,70.94276266652335,28.481354492041685,127.84015660029897,teams.exe,0,none
5.574628781833324,2.2916825556067524,11.546803152235475,91.68445267889845,0.005733100788716191,0.6016654620268194,19.616755325299206,9.148202473787915,38.341770670873956,svchost.exe,0,none
7.672869335406081,2.8397792593720386,12.737905556455758,118.61510799756381,-0.10019891505242716,1.317987132825597,181.82012427528315,346.13396860154216,1032.942587152291,explorer.exe,1,disk_spike
13.693234250253283,4.099170451394216,22.143215454055017,241.16776286418875,0.08833967419023452,1.6445473686529617,42.87957747566836,23.162791479635654,80.93861903120175,code.exe,0,none
16.61253191582548,6.495896636706343,31.43173801982816,241.12004039202372,-0.005607988989171039,1.33716239837612,47.06382924983855,22.501314295855227,98.40762882480983,code.exe,0,none
5.815511260982689,2.04886486863657,10.455433582220014,89.51611261593796,-0.04025524305451711,0.47169187444962063,24.9800028657922,10.833677342189718,41.459667959232384,svchost.exe,0,none
15.089752493461495,5.173613613531527,23.26457786289591,265.8170092825027,0.37459395057175016,2.7486669145827065,50.58081338253243,23.466781885360316,110.18742910107554,outlook.exe,0,none
21.104030881550788,6.708936396241653,34.57283428150822,347.222926393448,-0.2035222600424485,1.6941434028841862,139.01204233061156,154.0752191147583,537.9407058165212,edge.exe,1,disk_spike
21.63044762106278,5.820820792525114,34.836431898598036,419.47236538884005,-0.11256891357421069,3.3141539530479682,69.07371644331047,32.84239644420654,125.09563020775484,chrome.exe,0,none
19.320241905454875,6.409156640844895,30.986967354304213,315.0150939149971,0.2265579626206204,2.6426528852269184,70.17947380652384,23.81191491407937,115.35173615208711,teams.exe,0,none
8.050731966291263,2.769141702465808,16.73127691739453,119.96123309661591,0.0332929187161857,0.7209801339468483,29.886483072773153,12.349438869068265,55.566069625393915,explorer.exe,0,none
7.272994880645418,3.336311860259756,14.23033449900973,119.839709837338,-0.01929680918855657,0.47359617957794975,30.348126432096443,12.889608106477041,62.3459140562759,explorer.exe,0,none
13.840186253698002,3.961808411728619,21.61519689368575,201.15232833508534,0.05607823538573863,1.245456675620393,32.556310825229026,10.283832226634601,49.440972729418846,slack.exe,0,none
15.525309153592767,5.486322396589896,26.25095974162369,457.90341087429897,13.542405310563119,116.88924394650006,50.56425341454037,23.675734271914415,109.20440399913284,outlook.exe,1,memory_leak
6.40932856586633,1.9818576687470295,10.516536473426456,90.04702194802441,0.010313920704744817,0.3470385746383073,24.076187754703316,12.471353329874118,56.23005341899831,svchost.exe,0,none
13.1037671031388,5.354129440115164,22.096130781795587,256.4879483654249,-0.1912405809007036,1.7147677396033112,63.41292841816892,22.800959908423717,106.67195535480634,outlook.exe,0,none
21.429875075299535,6.793872000195874,37.46942811564214,419.60972168935695,-0.14930335774220302,2.898252928411245,64.85124891824378,35.17721522600409,136.34435511943616,chrome.exe,0,none
18.374610398050383,5.78596742731919,27.60790847281006,354.232869787045,0.2622164771091377,3.487217536894986,69.08805417257115,25.385759411641867,115.60405830438941,edge.exe,0,none
16.507959703281944,5.091819686064075,26.932153804025653,547.4924421885036,20.163771595992404,186.8028155486367,43.057804815979516,18.77145378497129,77.72005392246427,code.exe,1,memory_leak
18.82693108881824,5.6983409500481415,29.00152428039715,355.46138338081414,0.21804324424916027,4.051809156093603,62.54134543693163,26.865575856202874,127.75582335796685,edge.exe,0,none
17.64868492752772,7.003671687778166,31.558516665813926,354.03825001861094,0.18927572972403367,1.7581503005910704,62.606331766665434,26.87103479900533,128.02454336787326,edge.exe,0,none
18.08811602619686,22.047939089321247,81.17704455689334,121.3514789855322,0.06409546891661032,0.9637953522608692,34.41226874596694,12.865850408554254,58.08836014502653,explorer.exe,1,cpu_spike
18.402504267231382,7.41162817383295,34.152997739964995,343.1018007781478,-0.30221680418995334,2.8432938142503974,66.63609916854529,24.569694169668733,133.98677215854565,edge.exe,0,none
20.396151361351404,5.807361352788723,30.345998387383815,321.6630680795687,0.6916262886613425,6.428079086982012,62.393910592652134,21.228963962713017,109.57695334420578,teams.exe,0,none
13.04896094091817,4.541909615615203,22.59809797499308,197.12836829042382,-0.058948160265934274,0.9945525853079558,40.20629020878941,14.60499669174366,72.93775537918398,slack.exe,0,none
24.43430618304687,7.7193515610772385,39.095443064489174,538.6499445373635,6.518836487174752,77.42814757782499,66.94854198331728,33.12503892297855,120.64059109329733,chrome.exe,1,memory_leak
17.94348853870565,30.75267031448753,100.0,90.35051612675949,0.02209630685202768,0.5281011845772956,27.73216466601743,12.136152314636831,51.70072509074285,svchost.exe,1,cpu_spike
23.270115232054888,9.531906313179276,40.86931098219639,422.5959035312717,0.019232554819852036,1.4821122678504168,69.22061614456088,31.184265582368948,117.77794412315492,chrome.exe,0,none
19.596536117346716,6.172169248171137,32.91039946369257,305.5444405547089,-0.22009488104107314,2.169885487727381,63.09635190963002,25.595364535381428,114.76453339940039,teams.exe,0,none
21.059722949131768,6.035370589603388,36.681830702518724,422.12340546175267,0.15679192621614296,1.5283137203588413,75.59557310937247,25.654558131310054,123.9970295024196,chrome.exe,0,none
15.65204826316628,5.866126130495674,27.686181701618327,236.76749386031642,-0.1559401012991259,1.298035686023726,46.706061185013176,22.499672649327476,109.19031145724928,code.exe,0,none
11.508214544221383,4.654580926167637,23.000478029497295,257.90338678299275,-0.029998678205618034,2.6890841284590805,60.331227884937775,21.652696626329718,109.20715378088273,outlook.exe,0,none
21.42475535495968,7.828783506702396,34.73953876629383,421.0714110431224,-7.199409085198264e-05,1.4817806281813,64.45523454054768,30.342953463284307,136.77657439477457,chrome.exe,0,none
15.086145016861373,4.401319302923228,24.692800941713465,261.80342241067257,0.11701177633965851,1.8379717804763904,65.31870649857123,27.989544031219474,116.97248873754239,outlook.exe,0,none
13.786351699281584,4.703531570168848,24.2761992081173,201.3063597088239,-0.023147949563950002,1.268103850932944,33.79618407550714,14.602906601892688,69.5327724614717,slack.exe,0,none
16.22083164673233,4.989246138625947,27.114210087987644,394.00028868631125,8.808073036746816,78.93251728398096,52.430838277814395,16.397687217511784,96.84095928439064,outlook.exe,1,memory_leak
6.434513701720748,1.7675658905184908,9.72523321473167,135.97339703406078,3.27140078956031,27.49835603233852,24.085052497725087,9.72624073893435,49.87464303424284,svchost.exe,1,memory_leak
6.569234935137525,2.072862869606662,11.053239110412633,89.44914195910854,-0.1385891536742231,1.5458722507037468,23.996632830473406,12.623153477900031,53.067528198953944,svchost.exe,0,none
9.77788945494074,9.139605613322434,37.19845354502994,89.97370395438001,0.02214913014025844,0.31617777522440516,26.853626357597797,11.547572365516563,44.51538602960272,svchost.exe,0,none
17.184835477100407,5.782448649017591,33.61575811709764,240.34744982441404,-0.10644113252894935,1.658990892520446,48.1957598027517,18.45538464414391,79.91744071066304,code.exe,0,none
14.03355948527237,4.418560976399209,26.652907283611825,260.89284826320215,0.1475356149303688,1.349667613027157,58.1819838022576,23.119881346195246,94.870812204778,outlook.exe,0,none
20.855367705165133,6.283866494121213,37.0363832633457,312.00634476720467,0.03092076993881771,0.8911926892791677,197.33438157422174,314.21809074921094,973.7210192743838,teams.exe,1,disk_spike
18.69036858115098,7.205524673495377,30.79707485517423,178.7957006161995,0.010360131568658441,0.6408508659665855,37.732636226138744,12.073076105984246,64.55893026401681,python.exe,0,none
22.539437322836594,7.600036670204935,39.74499364734269,407.0487124289414,3.062138790103927,33.987638949154274,60.30613810932837,25.110165498464248,121.90071200559373,edge.exe,1,memory_leak
8.180394596228437,2.724197377579026,14.653360368365657,120.89564125985484,0.06678685478297647,0.6146620597602055,30.110950170758148,14.14899818209573,55.26015855416226,explorer.exe,0,none
14.088543257040358,4.609993636482066,23.761986459247158,258.3740753445657,-0.10016743416623324,1.4135926933932543,55.105222703652046,26.938534693349066,109.43977622624227,outlook.exe,0,none
12.012324208244788,4.934521095791136,21.375100165658083,200.016644633267,0.0041197435906004404,0.8574544613492671,44.688273253740654,17.51550991210186,80.39445800911987,slack.exe,0,none
14.532777772151574,4.749921042545503,24.18427277357224,256.1059674011921,-0.14999618826130265,2.002226917815928,58.915309502396525,29.822163360293796,108.90735677367924,outlook.exe,0,none
13.943950988275759,5.005829402404795,25.259914808408205,262.64385735662364,0.2874938717448155,4.12540140957856,54.277749371045324,24.898725808595145,109.76022253434454,outlook.exe,0,none
6.247216072248453,2.1366059531581474,9.063274061318888,89.30883508317599,-0.03448869040467836,0.3380983761706738,23.496533186926772,10.791247221521111,42.83437653431798,svchost.exe,0,none
11.605856870623471,3.868854924134475,18.412780124058777,197.70759595073503,-0.0064719653834714565,0.9212586383801231,34.94036287084366,18.699168515650342,80.89935321254285,slack.exe,0,none
20.37158737673654,6.7585434507227635,34.82213323718022,307.4891792435898,-0.03230576151999192,1.1293104273706018,62.42001896052481,26.419022017969805,129.35502056736397,teams.exe,0,none
5.541984820073181,2.1788496803740305,9.771475304443,89.01761101340733,-0.08976423438845606,1.2708370477878137,22.848271705833927,12.324127468733824,46.46184824351693,svchost.exe,0,none
15.938893014754118,8.923033209365556,41.781823147691775,265.2872611404098,0.31009837077698044,3.2044664285899156,50.941079984273934,23.651656411860916,92.01261022419843,outlook.exe,0,none
17.265353764139114,5.567913807949452,24.943379948597688,178.21369114159975,0.00282297777109477,1.0102506318892281,35.789626962096555,18.611225551779754,66.5773578802289,python.exe,0,none
19.991050630965585,7.353645599569434,38.20968701761804,351.0902840418324,0.089143693425054,1.5988125701696685,65.73860170015392,30.40780113802097,125.75074621092139,edge.exe,0,none
15.560649638621072,3.799352600454153,25.063743336023027,258.57989014877575,-0.10628853061948955,1.1418812210418376,53.72686115039589,20.787695069959153,91.97922865357984,outlook.exe,0,none
24.775050674471377,32.811970531637414,95.67939232888936,119.0818152848705,-0.0867243663978788,1.4246766205934638,32.24627536838469,11.668894183405893,55.78225351968002,explorer.exe,1,cpu_spike
15.239098068906722,6.031487829799047,28.692599391013978,238.89787618361368,0.11071375973607568,2.036914714358421,38.12845868128988,15.677069781731777,67.09867699554137,code.exe,0,none
18.583680529413947,5.453239971254093,29.800070381700337,348.1280170714704,-0.09882161904457311,2.4169740683485603,65.04402587208727,21.936255397278295,120.44453712306941,edge.exe,0,none
19.020015843354827,7.460855909574836,33.08898380538767,306.9339782321031,-0.20447226552664688,2.331134107320717,63.94081163443488,23.361864371650366,95.87207761509663,teams.exe,0,none
13.422589663201643,4.096751237462022,23.64704053351759,196.9282220663298,-0.2162113578850987,1.724757984390542,34.49964419672924,12.25503581460647,54.434858009062935,slack.exe,0,none
20.925921974386743,5.8107453541029805,31.13145219233054,307.7051011038497,-0.14073628718826778,1.1506648065770473,52.917411148915996,26.124179467451835,106.64641580271729,teams.exe,0,none
14.278789708190889,5.213202353973848,27.66243401860165,262.2318662053299,-0.06808469490889972,2.364449215280816,50.991452571894435,29.92415238428269,113.29638391895833,outlook.exe,0,none
5.109922728903742,2.1567717148406294,9.081152350548106,90.20510586270282,0.002399914821682595,0.3103613622825714,22.869643000820997,9.06103310126391,38.247975589287805,svchost.exe,0,none
13.234713082491412,3.5255922477772215,23.377888510352562,202.61585733871974,0.05326075028438311,1.6682064382797772,37.23168405558922,14.907348515325916,63.233505491330064,slack.exe,0,none
21.401129067562728,9.770513079237652,43.6033468398755,420.9195411029572,0.022241372666172765,1.7195202496633184,76.49378097532401,34.55739865902034,166.04088024881474,chrome.exe,0,none
17.809301550776876,5.984511718932333,28.681262894705338,346.0159366704228,-0.30887152522302774,3.746824109045085,66.07785149799611,26.94781767208774,114.75080005442803,edge.exe,0,none
13.384795014534193,4.487043645812861,23.245461362103526,255.60002251152804,-0.2974442390374691,2.311478966846976,58.91050724913535,20.475312168724255,101.56943530158688,outlook.exe,0,none
18.336855244439413,5.2933663174682755,28.423641168815927,345.9224338462411,-0.14329707094533622,1.9712083407584795,67.07274921291952,25.38357162319773,116.82279173742722,edge.exe,0,none
26.08690962038334,16.355377165388767,76.05503647226652,311.297109906211,0.16422694098143134,1.9493500122169318,57.095236654421484,29.075677626116534,118.26613847807478,teams.exe,1,cpu_spike
17.35384424056051,6.535821210444251,28.849796037655224,241.15913502449592,-0.055348851152865565,1.1114559139677147,45.21884225042873,20.860482199894093,72.93513764036004,code.exe,0,none
8.667237918724958,2.6018687579642865,13.562958360346592,119.4354090062731,0.012833228915406399,0.9291952229619336,28.163986194874244,13.761404215839683,65.41778630777543,explorer.exe,0,none
22.484333249322738,8.372775638065646,41.859281442731884,414.25930387252606,-0.12028221473941775,1.8684996820569546,64.22196681048491,31.23887969489857,125.96644180600791,chrome.exe,0,none
23.34667998218949,6.891733406323043,40.777583275022884,427.5491593931045,0.32953797464476603,3.0067023237501016,71.09354867971993,34.76714227315252,144.38490773447916,chrome.exe,0,none
20.378696655198176,7.529563003642656,36.26962366738125,421.71750555801265,0.23572605899532467,2.5898840438542416,67.31829686500178,24.258479443087772,103.8587864904733,chrome.exe,0,none
8.231890216277778,2.647070545759949,12.768907503919312,121.5411161211949,-0.023335515796850833,0.9206575274209915,28.355124495966248,11.275749096641936,52.5515180607112,explorer.exe,0,none
12.394939205275447,4.2351536733086705,20.815749784256518,198.92961200075294,-0.009684462351221631,0.7698971620176946,35.441888553097456,14.278306896639243,66.14681369284875,slack.exe,0,none
21.765374588646527,6.764541756653247,33.30969301561745,420.06710209577614,0.15447808542315897,2.3053619869464765,54.927240400246276,31.90720427654062,111.87869380974294,chrome.exe,0,none
13.810971247418628,5.10801739055476,27.07323056684239,261.2375297493538,0.07265495571676486,1.097612963440325,55.593036298666235,20.18668905693082,91.88878588189182,outlook.exe,0,none
16.44660538720318,4.670157193071727,24.416378208128844,180.22361555548864,-0.0575569337228122,0.6475079591429219,39.84780537685131,18.357247663100022,79.53228121217967,python.exe,0,none
13.806345752026392,4.846380765962614,26.793356968273745,201.5003215324581,0.0038098733746191253,0.9033046517755173,34.951790590363686,12.901559607233938,56.650258295956476,slack.exe,0,none
12.962745784646472,4.045466348078602,20.201642212799392,197.19541565046933,-0.1793206097045309,2.009821887998373,35.31024353349122,15.310346920220024,63.413888695667836,slack.exe,0,none
17.770148819358862,7.000414603239623,36.99301698190152,179.38101899221957,0.015074178952629799,0.8768383267201353,34.90972403743624,16.55037488669677,81.88671132309042,python.exe,0,none
6.98140379038483,2.6456707519291434,13.562027987931623,241.00035266871416,10.618822975401994,90.99991106207163,22.075702986937653,11.57216732451992,50.6845474308262,svchost.exe,1,memory_leak
6.32462414860357,1.6026222596702964,9.131705965539759,89.45466412764694,-0.03346147444908496,1.2739823440843143,23.81246860267007,11.205607148796249,51.575519371980405,svchost.exe,0,none
7.262254249580734,2.9062093727214786,13.420510928661628,116.50670236637984,-0.08827698494448223,0.9594919387491038,31.470024994664996,11.923699629695006,57.94992971265562,explorer.exe,0,none
21.83358198231374,6.942640153172073,37.701230540419566,417.99087625278213,0.02592454433325315,1.6450552052773755,78.90037894684659,28.922033631766627,133.56697470812185,chrome.exe,0,none
14.61812697683161,5.43457801212265,25.339054433168997,263.9069684490964,0.14088601338742895,1.8207686741997982,59.17146565837511,21.47666450517748,111.05606434354425,outlook.exe,0,none
17.098625871442014,6.093006387415056,30.369413007475124,347.8288601131523,-0.08163335074341187,1.5325744838515014,72.09934217063073,28.533904281715838,127.34941548228933,edge.exe,0,none
19.86378526685995,5.516880220107339,29.45379644189901,346.3278513045997,-0.23610235902039184,2.6129763387591414,54.61893837579389,29.219868352798624,125.9295833857862,edge.exe,0,none
13.053319702889551,4.002576950492758,22.209278420480853,254.1424281680753,-0.14455622531080223,1.887424204320198,59.44259039892347,27.460785771298347,108.32052832936954,outlook.exe,0,none
5.522545044561486,1.98574211746894,9.254236791459547,90.06501843489859,0.0630123809444972,0.8942323886036713,25.635810705854805,12.966200786298632,51.31752816421728,svchost.exe,0,none
7.706737643583906,2.4948017384141217,12.519518984468565,119.87768992399063,-0.036876766025205635,0.472491679877076,28.714910384406757,12.849809498318752,60.26481030014831,explorer.exe,0,none
14.974224250570556,5.549816424548182,25.260995383633087,242.79508238233564,0.055320459830785276,1.20382129071593,44.27305106380275,22.21030125632781,83.14252432085692,code.exe,0,none
5.594078521056986,2.3105909407197354,10.729370831049103,91.15641680315181,0.06250974578049977,0.7255563438180812,25.143189621405636,11.203712615298583,44.05834387016213,svchost.exe,0,none
22.939462689124912,6.009673544127274,32.503649680603374,420.46854185971057,0.03234047792205388,2.3273165779858136,69.12251403090703,30.944366288595056,116.10678336150052,chrome.exe,0,none
12.844437525120583,4.450707909281457,23.507420530178386,201.7928160739746,0.12428046016355551,1.420686087442692,36.22221313636591,14.706582551620626,71.34090925326535,slack.exe,0,none
17.54122455290807,7.5566353874266445,34.017662840701135,180.42308578244698,0.12943705066730427,1.9805208192412502,37.74314499298666,16.216559207719524,78.28999129286623,python.exe,0,none
6.050795265252847,1.7503102200224796,9.188205390742596,89.72435080209513,-0.07282809945866026,0.7566083035812455,23.292565878436246,11.145137657014358,49.56422375955112,svchost.exe,0,none
18.377454376082063,6.449704969184367,29.62093617441225,351.79571908993006,0.14177187966169147,1.757225216015643,63.610364043329426,30.130851197639764,122.04619230695656,edge.exe,0,none
19.260486101061495,8.351503259751919,40.48907146687277,181.02061208400335,-0.018593537753040814,0.5979821121972483,35.66106296155212,17.129033510837363,62.028739017520664,python.exe,0,none
21.95946571911311,9.898137788132102,51.2894514064163,354.07937982621314,0.3280650470467227,3.2573158490138696,72.70802250245522,26.839479439053395,122.47931163764449,edge.exe,0,none
12.605817183149274,4.822845382509421,21.462511397423313,200.81383609496297,-0.0045941932135756735,1.0182638755530349,36.63518850721882,14.923707476623157,66.86326472962867,slack.exe,0,none
14.422412458108852,4.680930121345402,21.205831837178323,201.8426637827765,0.05271606520156429,0.811637029557738,34.012541118085046,17.067193499130312,69.27828980792128,slack.exe,0,none
23.091965820583383,7.092483899392428,33.354927203673995,420.74839015847067,0.23035297745032987,2.375382154027586,74.5896761747127,27.274348676022733,136.82774178268545,chrome.exe,0,none
19.594863876678453,5.9122725321297835,29.85781425735518,180.83586924076414,0.0682641160103079,1.0675970879376073,42.7041560282177,15.910239136854202,65.82500721854491,python.exe,0,none
23.69614270376173,12.202835510362068,65.73969566132953,423.95268792868046,0.26421256658404674,2.8577188498370036,64.18534046242924,24.203550584549934,110.87080842429428,chrome.exe,0,none
14.68714063218731,4.8646568309288485,27.525391289426466,242.59460244808145,0.14318683300474883,2.61511962335398,48.20685811167166,18.47544339643254,80.98662618077711,code.exe,0,none
22.165205716862275,7.994432555489482,40.62950501525143,353.3902021037609,-0.02440488143470058,2.1724919844628543,57.63331625259794,26.183176385151086,108.91611076971577,edge.exe,0,none
12.95676040173902,4.610315970801587,23.81638289116374,201.89598279031128,0.1486416956267855,1.2814611761062193,32.30623469195929,15.833104809321615,59.807610443594996,slack.exe,0,none
17.88575191861237,5.964254667830057,33.62286356542879,352.2684426713691,0.10145595592568953,1.6142662895984292,66.59874595138639,27.688491965661143,135.3539196801126,edge.exe,0,none
13.593100062621287,4.360152598691394,25.159572550414115,201.8305458110609,0.1455129977965015,1.512046753960514,36.59640554648624,17.767126507593506,74.78437880932067,slack.exe,0,none
21.41855186527945,9.6984895616071,48.42800344227872,177.78550866899386,0.04053096360869309,0.8435834829601423,38.05884852247004,18.438789711857336,82.40838572482802,python.exe,0,none
22.869485958652895,8.683230240034462,36.86785497277687,413.54097728728647,-0.3616241758113972,4.518255178619388,77.98630715407744,31.26882666400295,137.16455377494447,chrome.exe,0,none
19.68398690272318,6.273877507534232,32.39305096217322,310.7104825390316,0.14906110355047986,1.617645241446312,55.4509567777408,24.888820835213227,121.62169264341573,teams.exe,0,none
18.595949109948478,5.292561182212425,29.03173383423641,180.95276156781281,0.11060897839322953,1.2371796658914502,43.198462913980705,17.898334060054903,73.09039468613167,python.exe,0,none
8.533119914189054,2.50415119358662,13.100251246972181,118.56875981586705,-0.102931613008703,0.9395560977600862,26.61281073914397,11.303154329526189,54.591361852745194,explorer.exe,0,none
8.511895067656251,2.3789349272239475,13.700850994079227,122.97374575519989,0.13868481372361477,1.407247475545411,34.044821533902024,15.917589290041718,70.90281824977393,explorer.exe,0,none
14.377685375854082,4.8235422543888555,24.925239103740573,200.1635138690968,0.0719939377114353,0.8746743586662993,34.946807779302716,10.183716674503101,58.42507765563469,slack.exe,0,none
17.003512475629694,5.110163812076152,25.359848694292477,237.36853314847656,-0.002144121199509641,0.8474799917245135,48.38710577575524,22.424682605344238,98.02770026338139,code.exe,0,none
8.277751803043337,2.0063175809116864,13.270975408436744,120.53120892433505,0.01863959786106619,0.4550074312356686,67.74370718614085,116.0215768160228,462.0158255917033,explorer.exe,1,disk_spike
12.844211013342358,5.661306707805588,28.434595322427104,256.21006055633086,-0.13734096599648257,2.276487877813798,56.54665822361553,18.37991309710588,105.02997230057463,outlook.exe,0,none
28.386844139621655,30.374830705355066,100.0,240.6892048328223,-0.02066241645207564,1.8982767981822757,35.90949544834944,23.986060912308982,87.528014091542,code.exe,1,cpu_spike
8.075991866164959,3.163311343890847,13.197406388706797,122.18124512518119,0.11094685823645468,0.8175427916180737,27.584722084619006,10.984187583057544,47.49551911688574,explorer.exe,0,none
21.324152389797923,7.255207904783987,39.913175993191295,352.4866361174451,-0.022181737014868,2.016629201477952,64.53879638599722,31.021562575370986,120.33058063660303,edge.exe,0,none
13.0619333506294,4.564217319705202,24.78368963440436,201.9287312660757,0.17843886000591927,1.886664154854535,34.67194220101036,17.56185728891693,76.76258690153294,slack.exe,0,none
5.876078044200509,2.111292242984505,9.814447932833165,89.20538650139301,-0.015093020123114325,0.6022326986315527,23.52358562273618,9.10249300610594,48.31263969427771,svchost.exe,0,none
21.21586583618416,6.794146027272759,31.09419981409264,312.63643719766264,0.04018289868927619,1.9755109554816448,67.4694344921621,18.46746135048248,113.18058271356375,teams.exe,0,none
17.377932645744643,6.395148233164863,31.456230042770926,240.56248678834956,0.0009425973618543064,1.0388711611774006,45.73190782406447,19.871660550665492,77.88054728252322,code.exe,0,none
16.19424218908277,4.501926096053995,28.697343945930875,239.67489112395663,-0.17079551815789387,2.358502322194354,44.38143893336798,19.653398990824634,71.237227070959,code.exe,0,none
19.614787829100596,6.066191341430732,28.63670860349439,421.03475250201234,-0.07168419988537002,3.5376711027575807,66.24326024340444,32.96226011444337,151.69766656180897,chrome.exe,0,none
31.296321462523217,27.909468698855985,96.67999041233925,306.6216542367491,-0.18966114162014946,1.3815372452666583,63.75383874062473,26.803096949847678,114.48358390334158,teams.exe,1,cpu_spike
14.971308371675084,5.5409171555935535,28.336396829903798,240.07368649028663,0.013143251145590777,1.345847959030263,48.569949242471615,18.82927625153117,89.76962296543594,code.exe,0,none
13.559897040021614,4.029929201902147,22.85413107188099,198.32225435702398,-0.08276549299094617,2.043784706034869,32.36511927279338,13.301130747787337,61.362844664831485,slack.exe,0,none
13.17749799885811,5.3710719237798195,24.609560216816167,263.7563796320993,0.11317915272606077,1.3631143158250019,62.58982961437337,25.638689373525878,106.46990858138253,outlook.exe,0,none
23.78002479116997,34.62430857946948,100.0,90.09969320735429,0.010417306409975425,0.38955186784947626,23.08067984347465,9.31186067184898,41.68852789073516,svchost.exe,1,cpu_spike
19.511484536463495,6.729637525229276,32.430421802714534,313.16315577400076,0.20715678411735514,2.820786956809046,109.44703117096816,143.33921654827955,498.36862123493177,teams.exe,1,disk_spike
18.7092938169909,7.466982173412943,29.85067065068819,304.4034608217652,-0.2398916374635102,2.2653153970601787,51.65659651609246,28.256913610232424,106.19136704094316,teams.exe,0,none
18.745705756870063,5.530544853580441,30.68619955909348,183.08159125669494,0.11195765355149472,1.2069943386751552,41.03861123664411,16.309133239137534,68.99315970286484,python.exe,0,none
19.51026598403525,7.768850038447282,32.96201960374667,305.7585095828196,-0.43497578545006754,4.9784300876677525,60.87316670585263,27.654563257419717,100.05900607903521,teams.exe,0,none
16.039839772877944,5.428235964825914,26.574782581852105,235.76481258915783,-0.2891655419945124,2.8936920332750993,42.20662774999395,13.953595840602606,68.59128385253189,code.exe,0,none
24.86850584304593,8.395520150403172,38.61162981808248,414.61173274346294,-0.3596465982907944,3.6611124592766857,61.909841399899314,35.179838176149325,130.2440527695761,chrome.exe,0,none
20.148737974581827,6.889173024506254,36.55568640101221,355.2711054135621,0.2262545843054795,3.980660378271973,65.7914321828213,32.37546282033676,125.69918270258091,edge.exe,0,none
7.320269577183445,2.2566616825801615,11.979465744580292,120.12902844774352,0.012654021490937358,0.6398525941017549,25.30811974360379,12.149957352543836,46.51947507475167,explorer.exe,0,none
16.913334800849427,6.196232582963783,29.600405365930776,182.02169208736083,0.1295394113953459,0.9647274673924462,43.764760437378534,17.82549435685391,84.15112011958726,python.exe,0,none
5.643291730162642,1.9503024979962622,9.279886233792205,88.69301975720796,-0.09446188512703108,1.0130979779786211,24.45018107094516,10.274787498885342,39.386509326517505,svchost.exe,0,none
14.328638693012472,4.22395668082551,24.68815018845799,199.63832600190412,-0.006281116173699767,0.7360493713105343,34.29776484241763,16.96677384852134,77.3350054077626,slack.exe,0,none
17.850271902946403,4.753803030750845,31.611185197833187,179.64593895323875,-0.05970208150883802,0.7789211676337064,32.85460010933081,19.020075512858174,76.11073077951433,python.exe,0,none
15.854485702219895,5.085350349459059,24.62686007281645,242.0778942268704,0.15845835020725949,1.588182333037534,46.16530054168024,21.90411961032169,92.95041473763246,code.exe,0,none
14.310240586495496,4.675427209312477,23.565644793607216,258.55856618253205,0.021994098087390057,0.9942316369828547,55.78394175783295,21.18598389076984,104.18690370556769,outlook.exe,0,none
15.912443798360234,5.112923919642949,28.40489648383609,236.83508556994022,-0.10007460195161476,1.1957570223274947,43.039979948705614,16.081764492406272,90.17642648825407,code.exe,0,none
19.332814806103116,6.55917808078172,36.3952079333586,179.8930589878014,0.015450555815859465,0.4793694902212518,48.68876675152236,17.527946227602477,73.30626213017527,python.exe,0,none
18.877821464412342,6.744180544364655,36.04837848316549,306.33520940865,-0.31503676778037665,2.4952340094887915,66.98883343837596,29.380131742375415,120.13569964184619,teams.exe,0,none
18.025221914617518,9.763144400270198,42.43579061485953,241.21218291262332,-0.022545782676544945,1.7946162715310503,43.525859827756655,16.71712461082218,77.75173176254114,code.exe,0,none
5.774874068462223,2.19819536540939,9.94284873670691,89.86112857827422,-0.029225598879195996,0.35161471576129677,25.678391563313657,10.682628623906414,48.761589897516814,svchost.exe,0,none
16.388468700855444,3.585970137059909,24.83687638935465,239.1983854662263,-0.06154082772078008,1.5065713549825515,45.41920617006009,18.281904220544885,80.15438056941903,code.exe,0,none
10.502304299177322,12.079529726568438,46.41949735626591,89.73334693960088,-0.014871432371062572,0.4494496909195992,25.88923148030119,10.407694860239125,52.26463536097255,svchost.exe,1,cpu_spike
15.045834364385373,5.388861314297001,24.40276828418565,260.4614812750836,0.014854994515432433,0.8935740523993224,54.115260917441745,21.994358497369998,106.6786623603901,outlook.exe,0,none
12.744395380669385,4.657976152210056,21.907917122421793,196.95371872724292,-0.18963188665062394,2.8799884704368846,36.019928244875054,16.649782057477093,69.74873726704877,slack.exe,0,none
14.795574315185629,5.887514208454677,23.04436639227486,240.52480711862574,-0.05234520577978211,0.8299820423047287,41.609709986186495,17.858033949936427,77.5118699988159,code.exe,0,none
21.6349015258077,8.351980418140759,44.082675717672956,417.80787953819225,-0.31716274058960986,3.1597321868878194,66.42389272252974,28.750663727377248,120.44595531232483,chrome.exe,0,none
20.612887103007136,6.615374781554204,31.460823965189174,420.61235292226957,-0.05367874941043548,1.6302954839273376,187.78213769967815,243.3620840933391,741.4395653389208,chrome.exe,1,disk_spike
19.397149563579514,7.776658132051266,35.59045207226611,314.10105322171665,0.08955441589135754,1.57269687792107,64.22471156142171,24.237608325776293,105.85078659117005,teams.exe,0,none
13.652095469846932,4.50802592659054,23.841767625449172,257.96722583765205,-0.17100229750704823,2.2130162352534994,59.10701102369206,24.44649105713964,112.90305604959161,outlook.exe,0,none
5.8732629782011365,2.0635700419411886,10.10206592203962,89.29968485513314,-0.019585382125226165,0.35541048086949006,25.93177201770491,10.123260990907688,44.419313721745254,svchost.exe,0,none
19.51381083363967,7.068406778497665,33.037114856084166,312.959193399777,0.17458334861662858,3.123274650755344,179.27892352254412,303.7625362636795,1096.5579839134896,teams.exe,1,disk_spike
23.8796469862932,6.6897776635699575,37.329657481680414,416.9025506953793,-0.1898959064154307,2.930578227961058,164.99870996488212,216.92619694504697,695.0261406815247,chrome.exe,1,disk_spike
19.527897293768948,6.413304036015962,28.50921087160014,354.78724229375445,0.2893343298682263,3.3624999878244797,57.181736870659144,26.602780915275435,101.87471867383476,edge.exe,0,none
20.051235026584298,8.026692145855112,36.96164526570021,308.3080243792687,-0.10856855440366266,1.8158159130271538,57.672528614660244,20.80850004810194,93.59173364205503,teams.exe,0,none
8.540520876996222,3.3321513016766864,14.70990990165264,118.57218194604276,-0.11180485236559813,1.0651301960752304,28.940804516881677,13.52565343112416,54.792095126849865,explorer.exe,0,none
7.338594506350756,5.1961834300156635,23.030501702429692,89.74979939722978,-0.021919683957991272,0.4787001443340359,26.19319278071419,12.103372205056166,54.54776093316721,svchost.exe,0,none
18.6612641725288,5.387015962266607,29.83166358951339,311.1781136025536,-0.05730011493748369,1.7265792794614458,63.295021846218106,26.757971245532666,120.55418485011532,teams.exe,0,none
12.593294337746645,3.526144912651181,18.983519648610283,200.2156801937683,0.1120599428838915,1.8857306124382391,32.86153654876348,12.117139284596432,55.56959488419712,slack.exe,0,none
7.459333847398887,2.8863371499659043,11.91696790068664,119.87680218213295,-0.013239100608184154,0.5782880942942502,29.079330948473803,12.716156899893168,59.24197437026544,explorer.exe,0,none
23.53524678260327,8.538423684739247,41.067232233693275,420.23985640063387,-0.014998957576091243,1.4641142139085062,78.2601914185599,37.64575546182762,139.74757396503009,chrome.exe,0,none
8.17650090887088,2.342972968117947,12.199815906128567,119.69558440239832,-0.04668676989979493,0.6881451521545505,89.40900224831536,189.653088644537,738.4689512474084,explorer.exe,1,disk_spike
15.898872311762432,4.8245992333187475,22.34260880562023,234.85784139983565,-0.3082373474015052,3.7146482525549325,43.65469721084044,19.644481679785045,84.54631548489726,code.exe,0,none
23.581877993019628,6.4877845872567415,35.85894112830417,420.77954195172424,-0.03250313040421702,2.5526048529293095,70.33015651485071,24.231438264641884,102.84884062890556,chrome.exe,0,none
10.409138607368627,3.6695324900996917,20.61920150111014,200.1258526727734,0.18939569485227423,1.6085783018540276,35.559732907102,13.398386569697852,63.13472060883338,slack.exe,0,none
24.90155055463462,10.90052464752556,53.58236326837348,422.40649698525306,-0.16074527842479067,2.515390163538388,71.45268321805405,26.270789818576095,135.83699979663518,chrome.exe,0,none
16.116186753095214,6.625617291546343,31.56842197274544,302.1038279902229,6.110128311635634,44.06212239806604,43.37317216798484,19.509425086455913,86.24527703237626,code.exe,1,memory_leak
19.417080853394037,6.313393923139642,32.25682207588298,179.27374371866517,0.01023838249127588,0.7324276318889505,39.25206311554536,15.154654095364144,61.88250536944963,python.exe,0,none
15.619747982426967,4.945623083561088,25.88772689112306,241.0851644495231,0.07543568952496477,0.8664029930090574,43.452888579889496,21.69420157113261,93.58776305677486,code.exe,0,none
20.806445994485912,8.401810817162268,36.57375681533045,311.8815273734269,0.1403914496755893,2.8473482544635904,80.7491067969368,72.68102897376198,342.8704471419503,teams.exe,1,disk_spike
20.834921678642196,19.51527710320907,95.22996255888356,265.5868379970143,0.2800906358096635,2.4262517292398584,47.79147915131633,26.888100936867726,111.01432742954518,outlook.exe,1,cpu_spike
12.874685561827782,4.7943757305198185,25.78668006386065,198.70302515215639,-0.1252467763554629,1.373604053827086,31.73588341741696,13.734708690955632,59.25467146653882,slack.exe,0,none
17.26186112080462,5.117830741341751,31.112815143383244,237.4814184823366,-0.2016402143326341,1.8740567926236391,46.02624642292519,18.313248365858087,80.834037288458,code.exe,0,none
15.291869374589842,5.496914561966032,26.435661866531134,239.92092448864685,-0.05070941237879841,0.587482896331496,41.53537730326289,17.287409522953784,79.06271608863673,code.exe,0,none
14.804435451456868,6.349299058599255,26.588853479454478,244.59629168146978,0.15873458913178998,1.8890223835377464,40.234673786269404,17.92161077782924,80.60927239252356,code.exe,0,none
9.49167788430504,8.392698137611687,35.823946596816384,90.16492779677539,0.015959608917663577,0.5546640971972915,25.377008906619306,8.938043699382845,49.08495010658513,svchost.exe,0,none
13.149925984931276,4.044032546187648,23.522785159554473,203.11571680218788,0.23132402524886497,2.5865530862852433,40.55223716872436,19.440617133256787,84.27280750049934,slack.exe,0,none
20.58815781426059,6.973983918853035,39.7048277786737,354.2317761251305,0.03277274466117319,1.2083526811289023,61.82710586478226,34.15166500093103,148.2981781316731,edge.exe,0,none
23.095859243115203,6.789762936922276,38.36845272450625,426.6688743780939,0.3016385699429255,3.695738297706176,65.3860138622466,37.0397899014589,127.45966932014657,chrome.exe,0,none
21.92628346721583,5.211988223323114,32.026930297218854,310.044734343783,0.04489250823152891,1.8833647765763448,57.18467028916998,31.019025241369764,131.53487496929353,teams.exe,0,none
23.828602512677485,7.332981246124956,39.82977449959775,412.653110956219,-0.401200257679479,5.49873428452404,63.49476927659336,28.180057436832232,127.73759208679074,chrome.exe,0,none
15.251666947005196,4.687613262630884,23.69154054866838,258.9436177775351,-0.05717389476591469,1.327444662458314,57.07157570536754,26.945575924670752,123.11201542421318,outlook.exe,0,none
21.463457188623508,5.657123747885548,31.272789710853285,411.7424361389845,-0.08911187779939193,3.075715025552158,76.2888077660757,35.33507728364905,166.86670168026933,chrome.exe,0,none
13.380617509540597,4.835685488248363,26.990654150667055,201.86375999118206,0.18852829251756684,1.6163962040601687,35.134127992106116,15.109776150764711,66.44206443904159,slack.exe,0,none
23.09820774942665,6.544474544721436,37.530191980631876,426.15865860878876,0.1552304454010463,2.592648857651606,69.0893555699761,29.34637428726086,119.10899218835186,chrome.exe,0,none
18.777555847412874,8.588316901051519,37.276566251799764,416.70822394530563,-0.2771932572358253,2.167748146487509,62.27933638097328,27.54068909412515,143.35549114185574,chrome.exe,0,none
13.771041749492877,4.823407336289266,22.272744878489817,201.49689154575026,0.12830830820729394,1.9354547183538378,34.21473608061549,16.266409711105634,70.21440528836803,slack.exe,0,none
16.97292527284269,7.14493481867705,30.688127814303314,182.31598611374133,0.053772364721057404,1.3236191895786467,37.992626166290364,16.338364565441257,72.26670985737255,python.exe,0,none
12.886488444713647,4.180825638237879,24.9037245479551,200.5592593720792,0.009673746532625198,1.037521962232399,37.4379192791995,17.302283445410698,76.17487558846926,slack.exe,0,none
5.6382598222317375,2.1642107382853815,9.428269573045947,90.87938549224171,0.010950247487766756,0.4012445012920982,24.703665837225568,8.306807930556614,44.89425673592812,svchost.exe,0,none
14.777301021867016,4.755884547449335,23.6848551898479,262.5023200744032,0.057411171599648016,1.381585800415424,49.85579031967016,19.714544944867676,81.32777722738366,outlook.exe,0,none
15.215161803192489,5.868851542496396,30.28002226264304,256.7818159118629,-0.17043571664194418,2.134470719488558,48.19981082773243,18.13892697011444,85.93831136740776,outlook.exe,0,none
9.011343610967819,3.070207169545182,14.261782313637871,120.84608211055865,-0.02601032285324957,0.39563063130614257,31.10736918312633,13.652325976479972,62.51787546342053,explorer.exe,0,none
17.505785528547545,8.022168561764047,35.186358323249195,350.0541685097354,8.556689936275082e-05,1.1309826644487089,64.7851206323394,27.121581605822836,120.50813135929415,edge.exe,0,none
17.79447673010616,5.548314780740756,29.290691723823304,180.2813842781747,0.012389470129085112,0.9036284022996551,38.892928301081255,17.889656453403227,75.19104985600639,python.exe,0,none
22.219411007383933,8.90214460380068,44.37143222412162,421.5743794243201,0.13894037730853862,2.8686948271179635,74.03851641084546,25.869615291863603,124.42467401938755,chrome.exe,0,none
9.415065184234688,2.158901612469773,14.860996748554225,120.5406367375809,0.01198161751797689,0.8398916478248843,30.29022784306558,14.208082055992291,62.160484716332306,explorer.exe,0,none
10.730697699023887,9.305812133279483,39.85477967847974,121.13506898422175,0.08179680190241782,1.074179286800877,32.29788280340481,13.24393578102801,58.70762860405408,explorer.exe,0,none
8.496387250091809,2.5760581209872737,13.345845289311752,119.59567437666801,-0.002917190540785934,0.3892922037876609,24.101876051612802,11.526800801680231,46.54201811434086,explorer.exe,0,none
7.464000260041213,4.74873733212357,20.82032367274377,90.56978977489908,0.013989849639830727,0.4030169594099786,23.60854654168095,9.735351784237585,50.10955549173219,svchost.exe,0,none
21.642944076856985,7.156616857522091,34.87341204007713,311.4533028580111,0.04892008633905789,1.2061661620891073,64.13035609897734,26.160474643466436,117.52941475549993,teams.exe,0,none
12.971683471020441,4.553717352197551,25.979783315220498,198.96424704727576,-0.015069679947588573,0.5686731046305159,35.232668339980634,14.297407864006543,66.2361970765169,slack.exe,0,none
8.977580235354289,2.4959064385148793,13.241687102172152,120.52699567315969,0.05191306246433337,0.759337999978718,30.746960032580876,13.131009111509634,60.02602498061553,explorer.exe,0,none
22.00621649401177,5.957656820993946,35.43726289032819,311.3434748301134,-0.0010139945113280646,2.2750410096706433,59.81130686342665,20.889755224696934,100.6118260301039,teams.exe,0,none
18.11208219689941,8.674175460484081,40.528766388383474,348.4340756891278,-0.03195179465519686,2.185962903005881,62.50671916313183,30.139999491105247,122.08613692516792,edge.exe,0,none
16.994310096265938,6.37645863272258,27.359884379799347,241.5959981922542,0.06968600636843973,1.34162220921949,41.956867738116884,24.03313314088499,103.84781143049821,code.exe,0,none
20.47586201914819,5.812374409198379,29.24158707332536,309.1966179230196,0.03773371287898992,1.1353178815323992,62.20387666942189,25.340625729056605,108.37479954804196,teams.exe,0,none
6.585250311654558,1.6616654745746116,9.755352486086935,88.60924897712994,-0.0898577080606188,0.656206510192951,26.244736776596877,11.017836047490986,46.86737804693935,svchost.exe,0,none
19.897738580454078,6.529469083412496,32.25718237809369,343.5090617100207,-0.33374369100746815,2.1187411389721635,55.54751123684596,28.339760972324907,109.76939071262737,edge.exe,0,none
26.21416219972941,8.97205497122558,43.49526203732751,520.1659763532043,6.253667936575524,63.98328021371312,77.67412779836646,32.220222530207124,124.13198439816392,chrome.exe,1,memory_leak
17.23235817318158,5.201104890895071,29.174558225609598,237.0237767720206,-0.018572709972573875,1.060116444686702,50.74635920589842,20.79363049431723,90.67881233744947,code.exe,0,none
16.55411486794171,5.656594629605868,28.244589596682285,241.49263081933887,0.149929802281135,1.6996292631180454,60.31871964231072,77.88931343074049,324.67342441977877,code.exe,1,disk_spike
18.58876952070962,7.27340043406827,30.426429998688086,413.1638425814115,-0.23334732225255833,2.1054588437792376,74.86807067167797,37.22869040477491,144.12887389614005,chrome.exe,0,none
22.678962418826412,8.334580587426466,48.59615729728019,419.00685618719217,-0.23142347739258565,2.61726107680621,74.4701431347636,35.63542348842184,144.20836722034176,chrome.exe,0,none
17.53580203082662,6.699141558673934,29.395602058580753,353.91343416326447,0.07187998362529698,1.9420967046026723,52.17547757821989,26.879964578274993,99.02344980721864,edge.exe,0,none
12.4257688548158,13.91053054303855,70.12655794595268,122.09955170263063,0.120385146014326,1.4692855882783673,30.469482540284698,12.378436571517671,66.70935770396699,explorer.exe,1,cpu_spike
14.159217149911285,4.317409623116396,21.7336520667994,203.2547777993704,0.09701497355380487,1.1523025857462619,33.68654143217826,17.848296837278735,71.93565178078322,slack.exe,0,none
19.627738753967044,4.782716924308649,30.643587777118462,181.72785155748994,0.07861106949235742,1.1355870206148817,42.204701860012115,19.301382912008897,78.27371600921887,python.exe,0,none
7.408278716465602,2.510205473286457,12.08293081846816,119.89279798118388,0.027406272378145975,0.301032824489024,32.393774384354245,16.644308467419794,70.88938229986056,explorer.exe,0,none
19.447184293729322,6.277188604205728,29.70336524480163,352.30267870742176,0.21863071028647407,2.469625012028545,69.55381327281401,32.891299783360985,134.41471354684407,edge.exe,0,none
19.76015750490699,5.888546891461247,34.61927121156102,306.85283243286636,-0.1983941430354984,3.054673161474676,56.57385494346416,27.16020041730213,119.7953216796179,teams.exe,0,none
19.553071925717823,6.763483139860053,34.4921809701372,360.395448227434,0.5266786490507248,4.114406008026877,65.80557523789766,23.504925633599413,115.59887197520518,edge.exe,0,none
7.181985953471945,2.7429896871182566,12.713672353568647,119.51116294633304,-0.05457064524359841,0.5315043386772421,33.44225744724842,14.263633928079514,62.64675275098577,explorer.exe,0,none
18.93722436606383,8.743208194833638,33.744496919754724,310.6335520986141,-0.0061721216960108904,1.0014503757481266,64.6785900177973,26.55715684405341,117.48634066389656,teams.exe,0,none
15.762255824468687,5.691015586751934,25.27241472077744,315.7025601833698,4.41789329860753,35.95658214827798,56.6511527446792,22.22813531025876,88.02069685716711,outlook.exe,1,memory_leak
6.518059612156202,2.7083536367567365,12.346706625166995,120.60434215905761,0.04996131075124974,1.1999931619126933,32.22542625440229,12.369244846185861,55.095765462757754,explorer.exe,0,none
15.72336095489096,5.157413277938201,24.229690912755935,240.13740386774194,0.10935137369590393,2.2182697808891176,90.15137162806379,121.30885961978719,463.5127854068186,code.exe,1,disk_spike
19.822473074333036,4.495030046794248,31.04340203397524,179.2945330600207,0.04814128706935984,0.8242708825698236,44.811549951357264,14.475994317591889,73.30166931885685,python.exe,0,none
8.797332427988414,2.454379158323416,14.080665003273312,119.20962205658869,-0.055996325595838906,0.6210863007211628,30.65750233171116,11.966748646681966,52.95221012343309,explorer.exe,0,none
6.656074277701828,2.1828846579098755,10.974195686366699,88.06424035250056,-0.07659843449781173,0.6002844487232923,25.040377623722996,10.822946824954863,51.653225469938135,svchost.exe,0,none
14.015298199290772,4.606487868360369,21.837759796983278,201.37320837031587,0.05898482215005174,0.6763023840785817,36.00445212710035,14.605616110755909,72.41935788242496,slack.exe,0,none
23.359756586026172,7.037163830737797,38.62315465545269,308.97512237436575,0.03611579361234665,2.236815236728659,62.158909879743085,26.988010644248686,118.64041678259622,teams.exe,0,none
16.724751024180314,7.229870864004383,31.934190611568653,179.47546388946364,-0.035581660342006674,0.8707809004634945,35.43026586887727,14.55934993934605,58.47617843997594,python.exe,0,none
18.24999320936016,5.23865273214276,29.08983562257292,175.39787336568114,-0.23110296065338407,2.4904247460616116,37.88408349650016,15.894214196651085,66.44135694424254,python.exe,0,none
22.047441063758242,5.688508985844622,32.252443505393146,417.0213745567028,-0.020963191227480138,2.709666293920181,76.06084889228441,29.165782692249905,141.58508029819671,chrome.exe,0,none
15.66512335225835,5.842215860802222,23.912612158400524,239.1852234279845,-0.19417794525380241,1.871361705519571,73.91379413877894,91.7244169252713,348.1328192464375,code.exe,1,disk_spike
18.56510075342323,6.0212133921672715,29.86679676836632,240.1724924387748,0.05125635767751741,1.5496907644516187,43.47264710501134,15.505553382794199,76.59836042854927,code.exe,0,none
16.017698807408074,5.4645985535475825,30.028862868487373,238.2377148323344,-0.11343561515307575,1.3234029578864428,40.61323430013758,20.72730363929822,87.90275279846513,code.exe,0,none
17.971711317434934,6.0926190019454305,33.18273238395379,177.7344335595366,-0.05389318190324748,1.0545890266847755,89.64254121963762,129.1165336991337,479.61126838576115,python.exe,1,disk_spike
6.904535603069875,2.220823153870698,12.209441518507596,120.10630862453927,-0.05347980022358409,0.6980852787805985,32.96650392067233,11.255942139120426,53.81273173876805,explorer.exe,0,none
15.407175658975733,6.140189951117315,28.040999448973302,313.1858441953903,2.4030786864240627,34.539745919381325,50.61307097576898,24.437019633869465,97.76646121605111,outlook.exe,1,memory_leak
16.39949861652716,5.264471263315237,26.988349205428847,239.56163427206457,0.12903845791262825,1.5433623018500466,50.095609662314004,17.415829761133754,72.69575194176372,code.exe,0,none
21.049515276847153,6.131935927665307,37.81173657678236,424.9425888160774,0.40258660756508297,2.998523491753104,74.21608629608954,28.70825215379051,127.38674114333296,chrome.exe,0,none
21.58903440871368,10.047066820659758,58.68028874193233,180.2285647926456,0.0025805290097688765,0.633010730678443,36.83804820309953,19.965761339828894,81.2472071410751,python.exe,0,none
18.165079972254844,6.494830272880765,31.295977526185816,348.4307096646775,0.00954440903714347,1.4420924970901763,67.3092353410146,25.183574656505478,120.26511383165325,edge.exe,0,none
13.147855079579978,4.590715869819043,22.05839061252196,260.7142641480983,-0.09612069803659058,1.1451167601196284,65.25202162406914,20.587485049356662,99.4557081402418,outlook.exe,0,none
16.861548923018972,4.4161781622799925,27.345242716503225,241.76204559244363,0.14065167513404334,2.0139450751764514,41.899003780620184,14.256124373648591,79.23512550701386,code.exe,0,none
19.59157308509599,7.869144107179792,35.28794902304604,418.9504740965275,0.25549129067454907,4.63010744169324,76.45865816058121,35.86040995987831,155.6637369055303,chrome.exe,0,none
13.287498610656202,4.8048320557506425,21.639694840837887,259.7806960470669,-0.055238756304296054,1.5524320084181982,61.2476572245438,23.829979767478587,97.55048159520007,outlook.exe,0,none
13.812401568369262,5.045845429679118,24.766457065917947,261.03180169865334,0.1702682493752036,2.413310289514937,59.84935649453286,27.35268232361208,141.04504203756437,outlook.exe,0,none
8.964151291577839,3.1547587799794696,16.658134132710842,119.04248755292193,-0.025170534926004486,0.5096485720658764,91.31790466499297,128.2795169205811,448.3494641695429,explorer.exe,1,disk_spike
19.16834206132115,7.599421321873064,32.100472406127075,343.6328389799557,-0.504236853769775,6.248195553017199,61.85258593136517,27.939641818377503,117.2429262282222,edge.exe,0,none
23.40442904510935,6.134536767490048,31.900041156459203,312.26422904727764,0.14956803792992066,1.4764327246944287,52.88690309490284,24.385215705145914,105.26283808203954,teams.exe,0,none
5.888712226727711,1.6292939692566537,9.5177883775016,89.17528807067038,0.004141438816755283,0.4501641450015267,59.03446888691868,113.25830767563075,494.8051200701456,svchost.exe,1,disk_spike
19.55096196726301,4.517804361073117,28.611722386765955,177.78668448189597,-0.0440429154860027,0.6381405939582558,41.060898464244794,17.536994908209188,86.49129532510369,python.exe,0,none
17.121287220996457,6.438199261300196,31.734169485439743,182.8038692933713,0.03058322435701276,1.8184800372045926,37.503372404174456,17.761539289731797,69.83383830799357,python.exe,0,none
25.04939421518934,9.277304329557825,46.81734176249974,424.00937373649043,0.22721203624947178,1.6121237871174832,68.52902897072485,28.8337503044391,116.92725889456769,chrome.exe,0,none
22.06823381909224,6.740388128356231,35.36271326381893,386.8905865576597,4.239989966756252,48.069290925581846,64.15851961450008,22.576339443085566,102.95190105246263,teams.exe,1,memory_leak
14.495497135374011,4.901968143984891,26.268356133058887,257.87703498387134,-0.08571747047982967,1.9718569264742076,50.21529041536201,23.301411564649577,106.49186617762902,outlook.exe,0,none
13.258559305628882,3.5265271634092064,19.95045818448796,195.91083965145128,-0.13632992970201202,1.6198500039147905,34.45735514388397,12.63035478732737,59.66136877103975,slack.exe,0,none
19.812624280427734,6.890609748289659,35.87995095495447,414.6070249979162,-0.13057019716220566,3.2481609991489337,63.01556957617981,32.127780369178886,117.81275031072383,chrome.exe,0,none
20.313533257202888,6.457952339444537,33.89807058849922,410.2285212088792,-0.18006927010897394,3.4618029670131762,69.15426467403299,29.477152880045406,119.95921946187514,chrome.exe,0,none
8.82468794790992,2.636476635262235,14.087403420167604,155.7292751200047,2.2817808246664266,20.698317811698924,31.115109706141272,15.228642966111627,62.97743406431049,explorer.exe,1,memory_leak
7.951682429421197,3.668941433392653,16.129906844175625,120.915132478141,-0.0489423433545961,1.03339441002621,33.634161297287804,14.84243464733991,66.26114247481854,explorer.exe,0,none
13.266871231838316,4.667058341994035,25.49778654464369,203.11658412810058,0.1972966949690336,1.2738145480030014,31.231266703965094,15.628644513043058,67.23972328191905,slack.exe,0,none
14.269588333675175,4.4697981607829655,22.822456031343293,201.65208743252742,0.08560911539365652,1.2460225462924932,86.48497126157665,198.54635601037745,866.4667103877686,slack.exe,1,disk_spike
17.81842282273887,7.807763370342326,35.226772627895734,309.2172730543235,-0.12654897549798155,1.3870398337201326,68.31603236558007,23.27814440859439,111.90454894792944,teams.exe,0,none
6.248516642424715,1.5730327545319118,10.135858360994867,88.66146231793098,-0.01750597168715918,0.5649126767896869,22.908507473525617,13.25116141479005,48.49776420544113,svchost.exe,0,none
17.250226431115575,5.926951145749578,32.286158484565306,181.263530857845,-0.07752136984968937,0.8583883899443976,39.176472497412284,17.13637319975192,68.05869246038354,python.exe,0,none
18.880314041330077,7.547527796008539,36.37452477980847,349.8413624838597,0.07544256986520091,1.3576728372995408,65.95729632127728,25.2186985313793,117.41916251539587,edge.exe,0,none
6.049862276579329,2.2403535172501545,10.366868473558696,89.63728509353963,-0.03471924558119118,0.42946556481726483,24.629548518686263,12.16067274807571,49.12387864678517,svchost.exe,0,none
20.267864070607377,6.381477110682997,33.483398776054024,317.8086055074889,0.33338812577803195,3.5858988834213577,65.36544973155092,25.73901879134353,132.06113142620723,teams.exe,0,none
13.976107638275936,4.4960213245001395,24.40134593259522,200.45890940695335,0.13717760620968705,0.9045090034844361,40.70877907776724,14.225940771464405,65.26199891167724,slack.exe,0,none
19.464881440832315,6.928874274033094,38.32464313261285,311.5526852291342,-0.10135993262573113,1.9659199422858624,54.711247686769084,23.96916523791731,97.37238179542368,teams.exe,0,none
12.699895876966483,4.41761083696419,19.563994530622214,200.06085569936548,0.07160072488471012,1.047292903670771,34.082199048319914,15.522849293946626,65.8835249336504,slack.exe,0,none
17.918249798508715,7.496294023638425,31.655888929176143,347.12202328427884,-0.11850909811921231,2.0954578948164273,74.29852341713145,24.63512078009309,134.52622781016157,edge.exe,0,none
15.488231741458117,5.64242649500243,23.172541005230066,259.14156521282047,0.00948939072282542,1.1268597567145657,51.778067431074874,22.239696818143745,92.50254668009896,outlook.exe,0,none
23.461216543739674,6.396204188519693,32.930729518698,421.8841745089916,0.12642418977610342,1.920263981344209,75.42562711619443,38.28595014475549,161.35932634698838,chrome.exe,0,none
20.352890769198137,7.13141851794936,37.03591486201299,309.34889355364663,-0.10989856284696581,1.2107600032601233,58.64410977629894,25.56434386339986,122.05278369166345,teams.exe,0,none
12.690301783000894,5.087556824431202,22.84036916511446,199.532786393463,-0.00161986800530561,0.7835824091928382,35.60957351894755,12.3749207067488,67.64441519608253,slack.exe,0,none
6.789906667315868,3.133841124266865,13.039513555325719,150.54462163576952,4.106207614253438,36.93844918497351,26.208729032683006,8.041087706471862,46.36951984374072,svchost.exe,1,memory_leak
21.70678797084623,6.8649531375217805,38.27299495611469,424.58558142222296,0.3983795306559083,3.799148290257023,66.11559315931862,30.492549027207986,125.78879881188374,chrome.exe,0,none
18.695365896638364,7.870048164460888,39.460842523689365,180.43752379840032,0.008360125323293725,0.7585753030343343,39.572636395105846,16.270493311086003,67.46282670671638,python.exe,0,none
22.628728626270966,5.969744375873239,33.80712957609326,312.15747268966544,0.08702954575145251,1.0943386436892928,58.11894430424152,20.790548113933767,108.84831375368127,teams.exe,0,none
23.06247027377812,7.990212509610856,40.006413053683076,422.0704723968268,0.16282628371625757,2.0407432878095277,62.27851974339384,33.62044590521173,121.8408746732706,chrome.exe,0,none
6.101814319760383,1.9999071570082616,11.0101781909264,90.00685792279776,0.012372882557775711,0.3028550666622054,28.496024454480718,8.9426255303013,45.132020855834426,svchost.exe,0,none
12.098300639210413,20.581234128716638,94.34432380823851,88.94228277664838,-0.02692303384303756,0.4169386880252418,24.693737559099567,9.647033207891916,47.49946512319457,svchost.exe,1,cpu_spike
7.556778452860769,2.3685930970654896,13.109734473825782,120.5214523470648,0.009471665282944268,0.3354444595964004,30.124694779217954,15.012226071806108,56.25072129789679,explorer.exe,0,none
7.872182042481967,2.7369201148826736,13.379070404885727,117.50904264190757,-0.15016654548906938,1.249993016094551,27.880976319051378,12.316395599220337,64.96050296798907,explorer.exe,0,none
20.85707623475763,5.528798880512265,28.432795297759846,352.3301032243111,-0.031931673322859906,2.3037243794066438,64.87046926986002,28.92919781871812,126.28741320447283,edge.exe,0,none
21.50775281357103,6.634499197426009,35.44046514581325,306.790721402697,-0.10929019133845562,1.5111134171134766,63.964032965354555,28.847606181557232,131.75180504368973,teams.exe,0,none
5.750669167828836,1.972113101212161,9.528025602175173,88.7808728703749,-0.06601644551573808,1.0016750684211184,23.117890411729732,9.170672631367822,43.30162887164312,svchost.exe,0,none
14.153663368079398,5.696092597332794,23.750109991357334,261.1313855316077,0.011368705030158329,1.2476347700199213,58.991726622115536,21.043370984524174,103.6116205651431,outlook.exe,0,none
18.5467283223725,7.983676065515316,34.556672920940635,350.08184887069365,-0.05520251887488333,2.1380515016022703,55.839655900756334,24.233283049459672,117.45300431998203,edge.exe,0,none
20.322868401653594,6.534447306158991,37.211072926933895,416.58921625975466,-0.0002453103991494269,2.447024085443285,69.11758821689325,23.998528683247486,122.66960593988904,chrome.exe,0,none
21.626438456361143,7.700365923852288,40.19928911475934,416.3325104329936,-0.18908003175590882,2.590532564479592,69.85269388024648,24.87383792284338,119.74480483337766,chrome.exe,0,none
16.73337766300942,7.210795530201379,33.720842506667594,174.56858031083144,-0.20688781578249973,1.973719504142067,41.809259086312444,19.092593146678393,82.8741808429114,python.exe,0,none
8.096524583327813,2.278949564066133,13.736078587384876,118.88553465987822,-0.030788816474010144,0.9698971615928111,27.992509798729543,11.713691014919618,45.65907028441184,explorer.exe,0,none
8.088812986108252,2.7621286971233263,13.781392001321699,120.12879782268924,-0.01911372592537693,0.7099166712551941,27.481255593648477,13.813427009764476,59.43207407861539,explorer.exe,0,none
20.838442932932544,8.294263211974904,42.19630219234879,415.8411326736915,-0.035342255838253324,2.636818688862203,73.16074142214691,27.040112346037404,124.03974417036427,chrome.exe,0,none
8.032615696717055,2.952180604323372,12.952783178289401,121.38542200563853,0.05931451224494187,1.460114793800556,31.89939902409752,11.179198050433696,63.11317304097127,explorer.exe,0,none
20.074071608819587,5.670494183000974,32.15747017201038,308.92881075763876,-0.14815152670121848,2.0538239021259836,62.68001221526335,29.337094585852775,131.1854251774758,teams.exe,0,none
17.198657251484114,5.553388835201803,26.010721615794054,344.4840192700076,-0.4049794754362968,3.4581878375691586,61.72453208092721,32.93348137341561,141.62607339899805,edge.exe,0,none
16.89854334463776,6.232729204134874,26.706134499521635,282.04033870250953,3.161655494128877,30.075262967951765,43.67503381758185,19.711345720624998,92.7674365935769,code.exe,1,memory_leak
13.883097102800516,5.8605720808175175,27.990845638162394,201.99588038585406,0.1490092355520801,1.585157488965712,33.44362822881331,12.86232125626693,59.97265773256575,slack.exe,0,none
19.397901621537788,7.446198617435969,33.9531333723626,306.55699435600434,0.010680917830327038,1.9785826998507543,56.89408672202994,27.151832813160897,124.80819640623291,teams.exe,0,none
21.765453074803293,8.508669535398546,35.81902362254844,420.16282709012506,0.18140788916172898,2.39095271294352,76.05249501193717,28.40258673147843,127.88379199581892,chrome.exe,0,none
12.294643224799135,4.103512743211328,22.716619020064563,199.92862359767255,0.0162296045946988,0.8712678792568171,33.79445799941785,12.919383078610764,59.19557368752497,slack.exe,0,none
15.799399407943257,5.1490239120791035,26.356566942129888,241.24736386527462,0.1478798593436011,1.2827794408921573,145.7133317516686,197.19241408253487,604.9798142692198,code.exe,1,disk_spike
18.12687464586254,7.714513687509795,34.77971028244062,309.2446388644756,-0.006040914073039024,2.327619092074272,55.69460160391468,30.037396814146575,124.07596366188422,teams.exe,0,none
14.227877055219123,5.122585986488667,23.704535253482646,257.3036402521533,-0.13261236729713535,1.045328203136748,57.39434345757885,24.4301361929017,108.14657054770413,outlook.exe,0,none
6.4310863914127925,1.9224155448851232,9.787838732320951,91.69958591210474,0.08726239253318321,0.7432122401944419,23.21584140735085,11.06164459780422,43.92475390483844,svchost.exe,0,none
12.65476278219211,4.4892091496188655,20.673277141478803,260.5918960468257,-0.10995026037501059,1.2272239351224927,47.09630365553245,24.59192245317209,91.67130945270368,outlook.exe,0,none
17.010340714765917,5.756562065977911,28.35331473045369,358.5500477513569,0.39744704413254417,3.7938189631457933,71.97878007496874,28.734935528138433,121.54827508357897,edge.exe,0,none
6.20326989661873,1.8528309119681667,10.181168320913432,90.79722459322385,0.06586457308276057,0.6963876634499374,25.0631706563931,12.756300112692733,47.14931920250858,svchost.exe,0,none
15.178387095798842,4.54362566622964,21.88640707800187,259.92918752953807,-0.001355240189009995,0.7590142803820501,55.126976256584435,23.32047389453097,108.75777542159639,outlook.exe,0,none
12.243346632430454,6.026494367443461,26.804025319707414,199.10357102858023,-0.023604444656879765,1.2409240681222942,35.91088699844769,15.93064489768344,69.69399824194909,slack.exe,0,none
17.94666984653303,5.912893851964108,31.093159499701095,179.51292917631568,-0.05970555786261305,1.377083342964614,37.02975753297452,15.942901464944724,72.43900174714693,python.exe,0,none
14.905537005658077,5.374489412947967,27.428164652061845,240.85343788365788,-0.025618528673549197,1.1573734176656765,36.2542595201722,17.701986118027285,87.3023973010149,code.exe,0,none
8.106106029145959,3.0590967676903045,13.636729688256903,118.88061186697308,-0.011335533352135486,0.37196514002681036,31.600604724941935,9.886949596012624,55.2402982365622,explorer.exe,0,none
14.95359579172301,4.738682688706776,26.757445623274837,258.1009026241582,-0.05860792469490548,1.0335077321236155,53.39271746379052,17.717197283418,91.56234179437223,outlook.exe,0,none
5.379316108595871,2.105952896688581,9.173120387986925,91.21528209722005,0.06480802624741813,0.9133121261157315,81.49775466581362,139.71651224872159,459.1339100078347,svchost.exe,1,disk_spike
8.089475737831712,2.984051668836537,13.77260851829243,121.23622284242232,-0.00291307885797778,0.8197706535414725,32.79642194075957,14.027036545326046,67.42506370501381,explorer.exe,0,none
14.838842133876115,5.455871983316573,25.353882923672533,258.7956723618083,0.061769948081685774,1.2120815963501397,54.549833577815505,22.439842237465037,109.6009335594016,outlook.exe,0,none
6.564393349753051,1.6843208504545562,9.323039060652068,90.74057614400057,0.07748368085326168,1.142978415683472,29.78625309724265,11.721549201479446,52.69996088172769,svchost.exe,0,none
20.867761432346477,6.748731948195986,35.93696642874316,420.5871332877927,0.11411355675276885,1.8497062246645386,74.40290822428406,34.27135129035266,149.47858022098967,chrome.exe,0,none
22.82068981572651,13.899270033168548,63.40214017683945,307.8761559484755,-0.025702436126416237,1.0897206522727416,58.636959576498995,31.597776120228538,118.17371716917313,teams.exe,0,none
8.241343083075026,2.143824569003686,11.643910855128548,119.69820107265622,-0.010949429399024288,0.442707899330542,30.287478876172358,13.185652098163864,51.23933051363207,explorer.exe,0,none
13.27499078113625,3.9984891710742256,19.708558912781736,198.9418581473719,-0.11339323432394034,1.4525814381705622,41.28000256773945,17.70414133962547,78.49071377035848,slack.exe,0,none
16.409509392808392,5.376354605562771,27.785579164561327,242.04632372352847,0.14949431638601804,1.294477073177475,45.259658799785,15.127424910064219,82.34517218173742,code.exe,0,none
16.10570574746414,6.227868587926413,28.38533702350295,181.02195317349396,0.08713178518740108,1.543653536686343,34.39624993038181,11.837572748305952,58.112307458109605,python.exe,0,none
21.017691369997475,11.156842429804634,50.89929569101905,347.58810024182264,-0.34265912421274153,3.8293287811203514,69.3274445257446,28.00961550165964,139.20331336643693,edge.exe,0,none
16.246782000203744,4.703468622777387,26.21622046739678,240.09447393080373,0.05201084310748267,1.2374307259438904,43.67325615394375,22.95098784270098,103.81746387914613,code.exe,0,none
23.536043439660997,7.880499923842505,36.83844342569904,426.1646657877305,0.1443658224360604,2.517424316044075,67.72818583045336,25.194304895199966,121.55721440409809,chrome.exe,0,none
20.60547523699119,5.553127004978623,32.50080055323312,179.49313071010616,0.03288626019519825,0.751912969332558,38.65210842454023,21.506530509111265,88.4221577245309,python.exe,0,none
13.457925459443182,4.33430478824674,21.039269686284335,198.38007339203872,-0.1549342262036892,1.1984692620044333,41.777914205459176,15.805955883145778,71.06890188278797,slack.exe,0,none
17.972919044963238,6.311295934979199,32.772730036698064,238.58400560742453,-0.06978533970380359,1.023599686695565,43.89156520974658,20.037605298334444,83.32450596507167,code.exe,0,none
28.091911385475214,27.548942349845913,100.0,179.26088733231427,0.028507389351411425,0.5721718629158813,41.356847549418006,19.517186856809396,79.45177885759185,python.exe,1,cpu_spike
6.325890636111254,2.521084972031862,12.130989939435572,90.76894930889428,0.0032691107481274645,0.3545297436946073,24.712565312670158,8.584583550383089,41.39218521688751,svchost.exe,0,none
16.44325624382881,6.601158443842868,28.647577238897842,236.08716924994354,-0.21194413747924348,1.822142827705315,50.07635612218433,22.17591462744405,118.69975104111222,code.exe,0,none
18.35476753294238,6.069228666000548,30.322398878479255,179.38447127770425,0.01574886398308782,0.7445217857731528,39.72551302675211,19.168110623884655,80.02052669589617,python.exe,0,none
6.506420230291586,2.4001869642146176,10.580061060116897,332.36605472109807,15.659356851006926,144.37103955688946,26.531102558417352,9.745755845261924,44.135461954863956,svchost.exe,1,memory_leak
15.737487164667938,4.929451467588378,23.672912891751523,262.0577728442917,-0.021910710959889456,1.5071685339489596,58.44184166401503,26.19792663032435,115.53498705458404,outlook.exe,0,none
8.478075513782185,2.95946766076794,13.37941392123636,118.25421699434014,-0.09480303612020198,0.908837155705345,32.88548684491504,14.029575094094962,71.16206567497983,explorer.exe,0,none
17.997793712616403,6.8113145888365265,32.15134308682266,309.0250581278724,-0.11172900265878714,1.6932345149441932,158.08992740337,240.2162293588854,789.9506580305509,teams.exe,1,disk_spike
13.315107113647276,4.9974734454864835,22.46555266019231,262.56945907305413,0.15681996166305037,2.584911361052987,52.36540338411446,23.228211315833487,95.23389615643973,outlook.exe,0,none
8.05435867474241,2.53806292082482,12.836342930990005,119.64611265966197,-0.10438997293920807,0.901162727718408,31.340789432835262,10.574101572728518,51.015953946513655,explorer.exe,0,none
8.510415698207131,2.451680334676213,13.078460996881212,119.64711076984072,0.0360425611540497,0.9346071057393791,30.632592832814208,15.116097100043051,58.31639328960166,explorer.exe,0,none
21.04321738348083,6.508270107324178,34.358777273240506,423.97482285073687,0.21986103600686419,2.3198637009492424,62.91101476836002,28.627612169621358,130.2360823193197,chrome.exe,0,none
18.051581877881027,6.50566412927224,30.370404372845954,240.76400968557675,0.02519491661435893,1.03706694586367,47.54547081000291,18.141953357349884,74.27832405414794,code.exe,0,none
17.971765158032685,6.1348920365745645,34.45044360051984,347.9391691255244,-0.1058344754583023,1.3328054984697537,69.6273685581482,32.259253590180194,128.0745970782838,edge.exe,0,none
14.036437087359609,7.3050282588963436,32.35464065490877,198.27614312094502,-0.17469368734194102,1.645222761399255,36.41613059391771,13.55241368950792,68.81720841478489,slack.exe,0,none
9.011708157349547,2.3371058503277107,13.273857764963322,118.11525116317063,-0.0727496476095619,1.283661803512102,29.20291720072505,14.528150228378161,57.639988612109164,explorer.exe,0,none
14.56879665352234,5.478817190248549,23.833019953517827,265.74869641194016,0.3203981521450961,3.816277295034657,54.46015371399479,22.186501682866556,102.03125562048163,outlook.exe,0,none
20.927599786551642,6.298123857153162,31.569515058317325,313.2599041257792,0.16725802492274322,2.8069321390252076,62.40828873516877,26.22987116403526,110.29463186050035,teams.exe,0,none
16.399221749316386,6.734741623200268,30.284762481848773,181.98464816477775,0.14287258902809394,1.9003915772473634,39.62873894267259,17.445355250849317,94.47972865051119,python.exe,0,none
7.333599524438186,2.5139192338988448,12.094368752932596,119.69150257917062,0.0037813013976891814,0.3444786862801871,39.657997075095174,46.310574600059944,250.50430086574582,explorer.exe,1,disk_spike
14.216696057152765,5.007040977179839,23.294347991909483,262.63096101497325,0.2457731871361773,2.5052220209686564,54.33744331460358,31.875914737619457,130.5706683133123,outlook.exe,0,none
8.200919586371324,2.923113994008472,17.82223421930606,118.83868295187621,-0.07670543061686601,0.7612300065553705,28.822309208907907,13.615293210606517,51.29431293178228,explorer.exe,0,none
19.09345766080709,15.696542605445067,89.70482400397894,259.6091179909437,0.003653382468168805,0.6108835578876282,53.309104197901725,28.400814601637244,100.16457706466662,outlook.exe,1,cpu_spike
21.418492367255215,11.0312338394725,50.90452669544194,305.96658531515334,-0.3894290216914726,3.7358609679339456,56.507915354504576,30.00426023410493,124.56778222983193,teams.exe,0,none
16.122934200092583,4.743461106398158,26.749325951667835,233.36268946022585,-0.3296408135629122,3.333095402489902,42.65160227123258,18.987903992487944,84.5089403177478,code.exe,0,none
14.022319848316718,4.877698193017463,25.095436880965273,261.8271602143319,0.1388988089300748,1.4634220655563965,48.78583073171899,22.769915598112398,91.69608937519455,outlook.exe,0,none
6.123455109167869,2.5516283303899785,13.131586668652165,89.34863141167125,-0.03304368115443405,0.7216815361281608,24.526679575079374,7.931296223841627,36.232265989361274,svchost.exe,0,none
5.772686784382869,1.972536162046882,8.435189521966088,91.1679862452758,0.06302461493914203,0.56754866016185,24.33208773056359,8.4551853366884,40.149453525818956,svchost.exe,0,none
12.224117118925005,4.628973179549742,26.06010984701971,199.30767669032684,-0.048136189970981985,1.3815489427601377,32.54588757269636,16.39184892878934,65.69428549273334,slack.exe,0,none
16.337434792611244,5.72159771526152,27.987173263114055,240.4247786150606,-0.05716773005663735,0.8061153679243702,48.93875722873409,16.174978116291154,77.46339642856975,code.exe,0,none
14.619199351048541,3.4999723929598776,21.280419180913213,198.64343439407767,-0.005223931917643654,0.8719996799890617,34.262598704405306,16.495378250387702,70.90215198387443,slack.exe,0,none
23.443990110351837,14.311811211227903,71.60507030817145,313.17354760435444,0.14045378872223752,1.3249714655720763,61.00961693450804,22.380055368387964,112.73906405407766,teams.exe,1,cpu_spike
12.004623059963926,4.480910167581536,21.576370253487845,198.53624204613695,-0.08981122773838024,1.6837703352842397,34.80376650815527,16.136767804966805,72.78011278954963,slack.exe,0,none
19.12477249161082,6.052203870027683,30.071114110573824,348.7495307857078,-0.17026270496911783,1.5760864663320486,72.81795727494287,23.555173439535707,110.18384676615612,edge.exe,0,none
5.607741190207954,2.113584312096912,10.136088073380744,89.26234783939849,-0.101127370181437,0.714275960640372,27.728197290838033,10.000582928996096,50.10043193253915,svchost.exe,0,none
5.994885042169082,2.0073117129826765,9.820085815175123,89.35286829689514,-0.01103440804490674,0.48328403756827687,26.02907326477445,10.015955105482293,48.076205695834034,svchost.exe,0,none
20.634754485404734,4.973391288270493,32.01658593477575,313.9784690363868,0.16842276293341266,1.6770253503461874,52.324731632498896,20.868510986219597,84.55804421055652,teams.exe,0,none
12.342356155851578,5.035243209148969,21.83729957236848,203.23260432103865,0.17729339234949085,1.5266862229261282,34.7866137434283,14.470082182154036,70.3622294244389,slack.exe,0,none
25.806214900091124,23.522775140487813,79.36529278016626,257.34641177365216,0.01230900698917973,1.4229690841373523,56.72974137736083,20.96078314619569,101.00419233614575,outlook.exe,1,cpu_spike
17.256295991936742,6.402009312901959,31.15940292385777,239.83714500453806,0.06632577363968911,1.194230707403289,43.53341958626446,18.956664765116955,75.5574971819971,code.exe,0,none
18.22514582852237,6.417467871492255,31.5645291812773,181.81357320143258,0.07651662495700483,1.04851105167515,37.17674010676348,17.285396126306846,73.28227417480909,python.exe,0,none
6.146860049584124,1.800546843521405,10.05023275127845,90.60215005870432,0.01475862820968151,0.45426708658464166,28.418870282747353,10.322662441599054,46.535608951733366,svchost.exe,0,none
16.018945117455146,4.778936151551371,22.919711484980738,244.48438635421275,0.23258622494109413,3.1386774268136564,44.03911163529765,23.92343747870712,83.95198882871323,code.exe,0,none
8.740924926924857,2.4342109396314435,13.453634907593774,117.95333569412014,-0.11436700958963304,1.4612581094201866,28.971366382523858,11.275760113536284,47.804406629693986,explorer.exe,0,none
8.152128779183768,2.4204427849069408,12.841420980809241,120.54910316113741,-0.0049070338355643155,0.4963870608727685,30.226463769937517,13.397055394163289,57.831971863689276,explorer.exe,0,none
21.505619147331302,7.79034023468812,39.90842235695928,479.4970019111636,8.491062714664022,76.73341605322763,71.5491585195741,29.580945636254373,123.50754732358621,edge.exe,1,memory_leak
20.68239493756071,5.795659346085363,29.667341827123412,182.96010340912417,0.12111459442409872,1.039349670998641,41.626387945121635,22.493327087407472,95.811649542993,python.exe,0,none
18.098557738463413,5.8677070877049005,27.930660256755473,241.72578950067484,0.09028559753370094,1.1767298760997504,47.293816816626446,20.193143072231926,92.42988218412376,code.exe,0,none
22.251485061670028,7.831326499213822,37.23036157866325,420.4667592305827,0.2862798648759925,3.1932155721444113,67.35491253581178,25.309579903817138,119.64224235529781,chrome.exe,0,none
6.223602897347914,2.306213758989902,11.954803908012902,92.06113612809222,0.07268300459944423,0.761127116035164,27.34484129807381,9.60815111786667,42.751408429286315,svchost.exe,0,none
21.720880211177594,7.634302941362708,36.88537837316542,310.97699265444663,0.08686711171352877,1.049811838489335,61.11137236526599,26.105911272532836,125.14608175010541,teams.exe,0,none
19.101208159333577,11.80671279283033,54.53404407052511,263.353570237866,0.04444849286341726,1.4517890196533345,57.332157580097764,22.691369803094773,92.36968480078332,outlook.exe,0,none
11.278028232005802,4.479175259495535,17.147910538794456,199.87469858147364,-0.0763163675985614,1.6012582871599095,30.952344490646663,17.159348226282216,70.62498721696015,slack.exe,0,none
24.063782124023742,7.283327450247163,36.37849697212846,414.91130699164967,-0.274141305600305,3.9048244911561394,71.46851176816783,30.05035570879244,143.5461128607277,chrome.exe,0,none
23.466154645400863,6.345532549620193,38.15697449153035,415.0915007934155,-0.34954875992708595,2.4195658459202973,64.77180426812232,32.44200682125309,144.882706371969,chrome.exe,0,none
23.20709061854245,6.709287734193573,36.13315287437288,422.01902982614934,0.04171306653655241,3.360221199989891,73.21953023665318,31.073262536039902,142.20407332922053,chrome.exe,0,none
6.569847697861596,2.1743933299719775,9.901695038189276,90.64556801280666,0.048198565153862206,0.3954462336369124,26.806727307942516,12.037190182051761,54.434022078310065,svchost.exe,0,none
8.862179285337199,2.584827509393161,13.648016084607843,120.84365603778285,0.08569197962425364,0.8198086450555037,31.711790302498013,13.499388233631416,64.33154610966929,explorer.exe,0,none
15.312228573172574,4.433217868321818,23.38228447407564,253.2930409549106,-0.23611717600939813,2.55705125353712,60.1184481434225,28.36294415108346,121.05255495483124,outlook.exe,0,none
23.480127097310266,11.065709826930732,56.973745477238474,311.9101009333296,0.004547464365289974,1.9242307922169481,64.71121694890239,23.70696252748106,111.6204146837579,teams.exe,0,none
23.066977604660668,7.832420223323844,36.591257185359815,423.2004021073743,0.11504624730421445,2.433699312389775,64.43146243544776,29.405240887401067,120.38049359595642,chrome.exe,0,none
17.28382624072374,5.352628894600953,29.472614967540395,181.5496899512648,0.09527403852447283,1.4110709246169182,41.544382866326515,18.262269468374843,79.46883695104805,python.exe,0,none
22.49231624429039,10.834064791991581,49.34046886243922,311.02545677516883,-0.06735686221917186,1.7652507544155922,61.59557878089493,27.360665352793458,110.86842380780604,teams.exe,1,cpu_spike
17.760060307077683,5.679861591993695,30.171901424193425,180.61971584748278,-0.002708768422442631,1.262741939043017,45.87704522679774,17.82241212601144,87.15123907310914,python.exe,0,none
19.46236475848532,9.09059154638806,43.878691201144015,177.85648968522327,-0.03639100799239354,0.6519046638291086,40.68558611758338,16.742495161472114,85.73011063213039,python.exe,0,none
7.611187994254214,3.4521762231333772,15.068380734633532,120.21539426781293,0.005642537950267487,0.547035952003264,26.057912441789934,12.833779907194016,54.62449615603478,explorer.exe,0,none
17.240081238798876,5.881925926152432,27.43239310438736,351.797295521904,0.0648106015254522,1.097924695804629,77.59673108883496,35.6291939877916,139.9611737844334,edge.exe,0,none
24.399806649052913,7.371788141619547,41.1419852823588,420.37669630554444,0.11113137521796072,1.9208743590609993,76.04654340182779,27.107288449473394,119.23290977733276,chrome.exe,0,none
22.342902861688557,6.660806144476359,35.686059684942485,418.07390942630553,-0.027692179762946505,1.580378850795685,148.9643008975159,199.34236152391867,689.0547762647589,chrome.exe,1,disk_spike
15.734789406558557,6.088241048294869,34.642906820423406,240.55803955432873,0.08501080489168279,1.03002493543342,96.67244454557894,128.56934243426696,414.9264693580054,code.exe,1,disk_spike
5.617938576181865,2.4278226734912036,11.34026305007432,90.64772433965892,0.024737721956302514,0.43153943334440226,25.54101337840531,9.70385920588638,44.20321351340577,svchost.exe,0,none
18.586130687577583,6.53687084223838,33.36423816760245,182.7734300675865,0.19012248627681838,1.6880048980381972,36.41067238744407,15.651447009742771,71.54953614176725,python.exe,0,none
12.293038685515375,4.560136973827067,23.72064661114156,200.1184302724144,0.07801129538438735,1.0317338462553307,32.975001908455965,11.908508515332763,57.39817888906805,slack.exe,0,none
8.285152856217294,2.516503431670064,13.993155327349559,120.40723582711335,0.05052208367067692,0.7404429588583422,28.538350041389908,14.14375850968922,63.08320611863958,explorer.exe,0,none
18.54352119823772,6.58711534570255,31.495996402255674,353.21941678769514,-0.02547943660718867,1.6511417059040674,65.94964270850883,31.3123799857524,114.76811660857896,edge.exe,0,none
19.436244826069046,12.285546997006824,68.72113411641222,346.4181645844115,-0.2610272707136195,2.6235680665215186,63.72886199258369,26.412351644110306,110.8515315243641,edge.exe,1,cpu_spike
23.682318655224904,7.383056105549523,43.40209062228249,420.1558101915012,-0.1192613674008309,1.958341371529017,83.60011091119003,24.77127435300756,145.24039514044443,chrome.exe,0,none
12.890129442772992,6.513658772350343,30.597911322998613,202.12759089026014,0.008856512252275668,1.755065061871993,39.14710266413954,13.541366589053997,61.590034343633036,slack.exe,0,none
21.94524383790973,7.502086924207412,35.44840402538157,421.188612227995,0.08784737781787347,1.6737790261455825,72.92463604683685,39.71731467243308,164.41137144052908,chrome.exe,0,none
18.91516443268397,7.078126701201734,39.668062081438535,355.9421379363903,0.16466778479343322,2.2129115102888557,71.17661404704907,29.00990330680958,131.61647436487553,edge.exe,0,none
24.923754015632102,7.686271531572887,36.42630338689373,423.3890733206183,0.33462080543037587,4.456087640431074,75.46939051041751,28.725257041228623,131.94529045329173,chrome.exe,0,none
17.5647224308971,13.237332077020952,60.95708456371336,255.9681970737985,-0.09520559021235803,1.1334210280337786,55.81806914113129,27.48578301450889,127.60176936936978,outlook.exe,1,cpu_spike
22.117135210419406,8.402126311661767,39.445257908180366,423.2916490242112,0.26263045403240615,2.192368168555019,69.43807566204626,29.92705730560993,127.3490539570254,chrome.exe,0,none
19.618205421842525,5.99835558971276,31.57593466585965,352.462747700789,-0.025780586266819228,1.6903644409526182,64.46385597231466,28.159486140719707,110.39632533723002,edge.exe,0,none
6.096913123339599,2.1827854641375346,9.631959720185161,90.76206569603332,0.0399954076681027,0.42959027382143467,24.62330636426417,11.830582777641421,49.067564222372525,svchost.exe,0,none
6.267783159780227,2.172547982675395,11.912817417435374,91.51009932950706,0.0749947122601038,0.8095525088903708,25.152151025726823,11.73634083470901,48.765520240984024,svchost.exe,0,none
21.779584370513117,12.910461987781158,71.3208256267045,315.89178146908495,0.19799255635982718,2.34363941441211,52.910631393260026,22.345796318814397,95.34345785990973,teams.exe,1,cpu_spike
13.734807916938715,5.942686242027401,26.745276769681563,263.9833380012223,0.2262296646644567,2.352033360298234,54.40213911080068,26.04140218983244,105.19115146557036,outlook.exe,0,none
22.010956524607924,12.93877218927811,59.062411003063076,344.8428414964641,-0.25344863376914567,2.9013382448477696,59.33405023151314,30.04549791455857,114.24354725841677,edge.exe,0,none
12.884968467415433,3.693220557380928,19.743569057860203,260.29943624038583,-0.14620146966780775,1.4601377515954743,55.35251302121532,26.61022515547222,103.3114856688778,outlook.exe,0,none
13.38084072771062,4.63046395719944,23.819940016704983,199.88996606011102,-0.03208911122331983,0.74753618728867,36.48559293401788,12.411472859185295,58.752866153530405,slack.exe,0,none
17.660048004718913,6.06560272884843,27.408860214315197,346.05154904596503,-0.04112894015163799,1.577460480616727,66.46333966633472,30.823449294456534,133.63463153196682,edge.exe,0,none
15.673657294310816,5.2455331443705555,25.18613698063276,237.7249899044988,-0.01439246080253156,1.3948396173420963,43.245129596930475,21.79854653697789,84.0625849209107,code.exe,0,none
7.266066761611777,2.5333011331720785,11.481218891627435,121.01828932840583,0.011686472362254108,0.53953753981711,28.19347474787418,11.330318039463771,49.23733267690951,explorer.exe,0,none
20.28125948673009,7.233459802183903,36.450915564823056,310.86099519935135,0.0797445289264336,1.808475518290691,54.68095902173013,29.244753494174685,101.36763020871453,teams.exe,0,none
19.216021652528116,7.302613689614429,34.22330055266182,352.892849860599,0.30025792802543,3.7067674856370543,67.07570348032492,21.707558663390007,118.76979449512714,edge.exe,0,none
13.802608282036585,5.816871479517398,26.495138639221913,239.67308324567185,-0.14018295283954482,2.1086252242267434,42.639141371122406,15.242855075552209,66.93445402561483,code.exe,0,none
14.056389024616383,4.608832754590033,26.294237263581575,199.0271920280847,-0.039911449747554194,0.7377626905857988,207.41706299318793,347.20425828237495,996.9004684846951,slack.exe,1,disk_spike
16.635729301221293,4.85177467128435,29.031088783253338,239.8558986923929,-0.04897281166671519,1.6533704775787192,41.45134404902059,24.291841999798724,82.10146991536938,code.exe,0,none
5.711813949988167,2.011593153552044,9.756768431007966,91.00142615006811,0.037217910526943856,0.5755327567383274,25.85346626887137,11.20701294193714,51.629817391473644,svchost.exe,0,none
19.41383514186649,5.3704885681966665,30.449669554283247,301.2150800858096,7.76018012515129,70.32831090847803,41.50095444141271,19.081757372106335,77.28288296120368,python.exe,1,memory_leak
8.352391717534637,3.625522685435419,15.850078566137398,119.84669835671792,-0.0273451507614908,0.6264945167904487,135.6399627960744,230.83193497244102,772.8930400238714,explorer.exe,1,disk_spike
23.761767238225296,7.645895106794208,40.58070627312799,420.89991672724784,0.11413522399628277,1.316398122760635,79.15714639402421,33.271215781859425,141.72876379096655,chrome.exe,0,none
20.820168709543214,19.611403870615348,87.87843687908658,200.6228714790856,-0.0943043397705812,1.1258116893393884,32.354686017365296,15.566226693829284,59.102186377881665,slack.exe,1,cpu_spike
14.623828414330205,5.905097864660019,26.59665354593958,261.25058517346537,-0.07938567191704161,1.835889561264118,58.36708450852463,28.533996436620416,128.4781637995227,outlook.exe,0,none
7.8385003238737605,2.2398960939867876,11.029449474551896,119.84664251870231,-0.03363480163589069,0.5953781380732779,30.033883816570995,16.628846412527455,83.71580505301637,explorer.exe,0,none
18.52828595371076,6.583132771116087,34.219957185225724,349.33340389292215,-0.1885773885693747,1.8410604388963614,62.159521101876166,26.613595659801486,105.5595553173822,edge.exe,0,none
20.034368132184113,5.869225710433335,33.44219328528261,311.5968124898058,0.11616507058737208,0.9280810795030212,64.38143268848722,25.096292668866898,111.14148248506694,teams.exe,0,none
6.322525820159016,2.171471291044747,10.493219480023063,89.60589760055635,-0.0616840875180813,0.5464029865715422,70.97417068478721,117.83590447377486,416.7934745477906,svchost.exe,1,disk_spike
5.671254446177964,1.9842456232842736,9.479849707333624,89.50268184158922,-0.018185591219596613,0.37482897948132626,26.596482380573367,13.422743079290328,54.783853936489436,svchost.exe,0,none
16.60738551300538,6.316215115191482,29.548683078344652,184.2138368376059,0.1612230829573131,1.743016791821914,41.255260238801135,18.561158216477185,86.33942113838621,python.exe,0,none
16.51741392593597,5.37921671368273,29.017244864946306,240.25366339778432,0.08071381316212581,2.002371481506844,90.6960740294405,162.41615001031047,716.1905078478277,code.exe,1,disk_spike
8.333876210325009,2.1811311933938207,13.06430947147112,120.33302630385005,0.007439095612019742,0.32942196811695185,29.106168165405897,14.038689921530727,50.20222160030979,explorer.exe,0,none
13.877413432883532,3.362122778429873,20.879235023341984,239.3703543893702,-0.12557565512450328,1.0440047645414035,50.91824481575032,17.876832949888374,81.75817719069919,code.exe,0,none
14.400054557671522,5.006265672035304,26.228655031591853,201.02489442816125,0.09226303959739539,0.7244951388983802,29.188973874330095,11.19974149527193,51.29108279054033,slack.exe,0,none
18.594176435410915,7.504341050949903,33.11026018149093,351.732911838422,-0.14616193530590635,2.7013082904301413,67.7451127591129,30.684812800223597,126.8357787402148,edge.exe,0,none
16.908080212438104,6.708352305269994,33.3375558137497,181.65689440068792,0.08791047013096431,1.0593596575049233,37.646080540815845,17.139083388065593,73.90410274065903,python.exe,0,none
21.649156191688974,5.523627055271972,35.01893864518986,346.26716274760105,-0.2673203242830804,2.9658962071282398,55.969174072864725,30.87088555466321,131.52031990521996,edge.exe,0,none
20.22380246007991,6.306620291139619,36.300355103679124,178.85636051827262,0.08223635279883676,1.7233403950371344,44.32951362546327,16.198202080997106,79.71084581025355,python.exe,0,none
15.972012347789594,5.060875156293347,26.035144237176475,237.1066615364774,-0.030061638418762488,1.4853472004216892,47.82817069663476,22.2574024066758,96.05401325647333,code.exe,0,none
6.4123782921607795,2.1145590917603267,9.55597713621724,89.68539803324352,-0.00771380788615564,0.4419024884609579,21.840431317204615,12.634174757982745,49.55756569477283,svchost.exe,0,none
19.43207952300348,6.394819286077139,35.5111364912505,353.5497962675017,0.2518189048577426,2.719610641163278,71.5290749112494,35.5005370428071,149.79105476809406,edge.exe,0,none
19.03163964324994,6.1409043207815115,34.86956630603939,182.19448400880995,0.15194729612052527,1.4615939864889147,36.1145795361854,14.4150662298055,75.10476779326494,python.exe,0,none
15.68119944654742,5.328766473797906,31.344755143735824,178.7202121627526,-0.04213074907369787,0.7745691684704975,39.3031138612646,16.561915303432173,70.89925115577209,python.exe,0,none
21.150289130777708,7.759133467020712,36.59375307306657,312.8747220848408,0.10602231408782359,0.9020042843714793,55.36634106683917,23.515737409227466,107.0554333309317,teams.exe,0,none
20.566598317177995,8.358330894795863,42.331088402467444,351.6550797732016,0.23003169090963713,3.847767128476136,72.15945545302702,32.58390175638286,147.3637054009377,edge.exe,0,none
7.821040353596354,2.4984457854738755,12.988155536733434,121.73019638108055,0.01206212012269674,0.5811503704841832,29.678073150351477,13.259801710293338,61.12099412954258,explorer.exe,0,none
16.895665526733584,4.897939374294065,24.691035612431115,242.03169724467125,-0.03974907503299505,1.3328545836943915,47.526814199126285,18.308994927993925,92.94449087847337,code.exe,0,none
7.263381103180598,2.2876761888088035,12.880374877521305,119.7394238293309,-0.07925761237212896,0.8848825492129962,28.606494547541654,11.775514673820211,57.55557388798057,explorer.exe,0,none
24.352137234935558,25.020617036055114,95.13280173329493,242.27104249160598,0.0565270230569098,1.0896645424617393,49.475080537456996,23.105979789648497,102.03273904294548,code.exe,1,cpu_spike
5.659944601195398,1.79012201689591,9.3358336911623,90.44667635793809,0.08833679024482895,1.0572780971931302,25.864310937193313,14.690113472982572,54.251362960370045,svchost.exe,0,none
18.968704143274255,7.354172964133578,34.25034255114769,310.751822885001,0.1301943872617888,1.9094847357221412,53.17964251653743,23.2098357863018,87.87744672463549,teams.exe,0,none
20.531538266458124,9.393522309971205,41.29796179205911,419.2761161390352,-0.032692408756488094,3.803699586990334,65.7411076740647,37.472643672694375,181.35828404875758,chrome.exe,0,none
21.059064178928374,8.698698699401591,42.25788030690065,308.28940156158677,-0.22988470606841246,3.158191827043888,63.77778184715577,27.71372452596987,148.91736717819455,teams.exe,0,none
17.78105576048996,6.303576422741946,34.1266053557731,179.79805255412677,-0.05709409534193052,1.1351027226512722,40.01028011987112,17.291452670300064,81.34161622120284,python.exe,0,none
17.519279109196265,6.674322880630304,28.861844868465916,309.28299539814213,0.04515812980231241,1.5480208223640723,61.799247130611896,19.548424174903225,99.4993480089054,teams.exe,0,none
29.452927106431112,28.442386902308957,95.17399054036284,182.61165234075094,0.13667932633308055,1.3777315875405838,45.46544722255851,18.204447973094947,88.41246569766179,python.exe,1,cpu_spike
21.05462473707025,6.569780192848615,33.2411617011457,180.32085508111416,0.0929805914597542,1.1347575927839175,43.683918004531286,16.91993434951287,88.31221237384422,python.exe,0,none
15.169204041466932,4.661112806854583,28.96419207014899,259.57787300514815,0.07627385646346738,2.4199870695361754,50.62779485221118,20.472846661357625,92.2192007613462,outlook.exe,0,none
8.558989993693721,2.8979148568037805,16.566687441191107,117.66876957684647,-0.10224960150000063,1.0140300982838442,31.020666091426634,14.159662998987281,56.252070195513085,explorer.exe,0,none
6.297292040052418,1.965053677498661,11.053411086835462,90.37050372681658,0.00909815711686169,0.46904362465300614,22.46760771109283,10.951194657419867,52.43465877228866,svchost.exe,0,none
7.500113415777751,2.6675081041993924,11.396545551033979,120.35510007860957,-0.033649956361410695,0.7072494941720744,32.140008150732434,12.763566655474568,57.75160471171982,explorer.exe,0,none
11.132565735898696,5.0313299704473495,24.290210976492563,203.39796011669705,0.05279976369850108,0.8404950096637106,35.14147152465932,14.384804696854452,64.18117227424443,slack.exe,0,none
22.97433290082468,5.614465710488519,34.71111870893981,410.01943061148506,-0.5411149501298913,5.501429740331872,82.24739829835588,29.837763087401065,146.08581351275436,chrome.exe,0,none
12.511230583790791,4.040162132323157,22.098257912174645,197.3477511372374,-0.1692366927815101,1.5075627944615853,34.481305221901934,16.734820073798392,68.90375401299863,slack.exe,0,none
13.772861506329027,4.858700483673285,24.625754834929346,263.3810362565943,0.33618683177610176,2.6617870238532424,86.10907509067695,144.10762597435192,673.727410350738,outlook.exe,1,disk_spike
12.412529695104874,5.457949084897709,21.36446109210282,260.3868414967468,0.1015739218029277,1.1491939688898862,52.05821109450171,21.71351755124712,97.69142105333542,outlook.exe,0,none
20.633752361589014,5.976172709220462,34.3023599745762,307.04658373910195,-0.20376049680707334,1.939560600867797,66.76906697072742,31.780984123007077,135.89152188860965,teams.exe,0,none
22.897678657888843,8.037912961861213,35.64602714800182,424.59103907444944,0.15241733706532537,1.8290226772575946,74.6735023861547,29.91371575929843,139.58262133414576,chrome.exe,0,none
16.297246417741324,5.61010622920068,28.307610337321023,242.02119440889203,0.1276538846329629,1.5811561900146656,50.55715461282488,18.068860516114544,82.82489558403742,code.exe,0,none
7.052585628561796,3.0378505100726407,13.714742291511957,120.14492824290528,0.02759167579615299,0.5152750499079096,31.82114681883805,13.231083760810595,55.98984196241915,explorer.exe,0,none
22.311732929128993,6.867267638411724,37.25688126386818,307.60864846845146,-0.05613234779616884,2.2172354826228835,55.8377924739593,29.15046073515611,117.34464175704935,teams.exe,0,none
9.047870962911713,3.080091201716704,15.42512538814226,117.62027340418295,-0.12148181707578848,1.3411508384724367,32.8832644738395,12.03411797680413,57.7351538710317,explorer.exe,0,none
17.992241340369013,5.500033654284788,30.044036120586895,353.5697267800831,0.03566285541110308,1.6414629057774,63.93138858427083,27.853000255226245,112.10835918851762,edge.exe,0,none
13.850784644598106,4.231067063474026,20.612959791935737,197.4183543059295,-0.15019276875478813,1.303339705716517,37.61673232344406,15.885331952981696,66.21934901288527,slack.exe,0,none
23.237105712180934,7.398898391060451,37.329403838192846,410.6474869445554,-0.48454051750747074,5.485728271611618,76.85126957465778,31.35939263238235,148.94338090751194,chrome.exe,0,none
7.480469434225867,2.499147066557554,12.316204776823977,120.5174695151695,-0.034165674566075194,0.5937201527981973,27.236835903908716,13.698753734714115,49.69489276873851,explorer.exe,0,none
22.297195216239864,5.087804925998881,31.1008906863546,310.68463513437104,-0.10221307057510481,1.359760050877624,61.3425360809295,22.12873433173164,105.07157838685774,teams.exe,0,none
12.619528484038044,4.6052628964977105,20.990033569696138,201.29412682849593,0.08915635685146413,0.9978135774574415,31.959435303576402,14.03208403014017,61.13654032342269,slack.exe,0,none
19.750408126882387,7.108008028827471,31.775086044957025,310.68428635140225,0.06980732955636124,1.040769729018316,60.82752713298552,24.64939150361028,111.49253663487323,teams.exe,0,none
19.288963676054756,7.225412914461498,36.2016701634995,182.91429692268923,0.202250229706803,1.619941841650969,39.76229070954812,19.400864033234306,82.5271160401637,python.exe,0,none
19.07911149934539,5.873303379806957,35.784470001971414,179.57513484550933,0.006587836532789501,0.3909718291821096,33.6620113211142,18.8690685229101,73.5358755607867,python.exe,0,none
17.435582029144346,7.710297334600393,34.35337656624136,351.36069216935084,0.01871821939738917,1.6307624240534209,70.72982530644953,23.83918553978396,119.49361819817999,edge.exe,0,none
20.474805047523198,5.346737025585459,28.824020224441313,344.8082772907346,0.018559864604149347,1.4266727544697602,56.438341883791715,24.88800169159285,103.62622382733369,edge.exe,0,none
7.906437962566627,2.52310468050369,14.325637691145646,120.437221879045,0.007911461273435332,0.9365978529974175,27.87177913748909,14.513775851286821,54.99401711191443,explorer.exe,0,none
16.43497476083913,5.579661249263463,26.7470717081423,237.79500371027794,-0.2846960295951353,2.3854967157339657,45.19910624446723,17.750330581834962,82.06554056650856,code.exe,0,none
17.55842901370444,6.754930768344411,34.48057976562779,350.40258535259875,-0.16381505764004298,2.0495171405205834,64.87915983913294,30.23483246205568,135.52308300432895,edge.exe,0,none
14.37641422271251,4.868937733828767,24.1725638264216,261.0177099697774,-0.07100156927884503,1.9560379642602945,62.20177501331376,25.01013519242979,126.3612680055755,outlook.exe,0,none
13.862870821463122,3.571007658011029,21.697530281426104,202.1283759545403,0.020034233548446422,1.27773106192747,38.21165237737954,14.2024350564591,72.72510360677273,slack.exe,0,none
13.120182311397821,4.61015386238152,20.533896351178296,198.12820573100595,-0.08693659142316695,1.172890687406884,39.71908773227816,14.453123358742012,66.70838421647909,slack.exe,0,none
19.130934061776625,5.213852319310394,30.44409366416064,354.77297279135666,0.08022810430621992,3.575328215590199,62.02274476814559,31.744256191645807,128.60792508329507,edge.exe,0,none
15.072966941485449,5.2837559910968,31.066179077575537,241.51240262044539,0.06468153561673755,2.036610798133827,43.098511397440184,16.749929629433606,67.83108509772127,code.exe,0,none
11.873845749724913,4.853944825526938,21.6021277514193,205.27520329318696,0.23300964714011438,1.6954992037470658,40.2542796671389,16.181166563348153,72.88176108385068,slack.exe,0,none
18.441845804481343,6.2974349244333006,30.36820901585782,355.9403430873624,0.3195363375696464,3.733632966414941,61.20441647355517,30.610058082459254,107.75279035261553,edge.exe,0,none
16.28502222409632,10.672399659630333,49.887247111712504,260.1654052227122,0.13787828242521036,1.5117986032800568,59.69233544314605,27.53096002769059,107.18998027838444,outlook.exe,1,cpu_spike
5.582309189433563,1.3451666406121954,7.989678490534512,89.42119073706951,0.016557877576096777,0.5408897708464314,22.663734606910324,10.126078665469683,47.336888644572255,svchost.exe,0,none
19.327739109263863,6.883645554754845,37.42657285004415,344.66137889924954,-0.1913149946087799,2.4928823663077018,73.14610052460246,33.44611194031156,134.1353996647083,edge.exe,0,none
16.385441732770293,5.022267499639143,27.30428264322275,237.92073119778397,-0.08361907786042859,1.242827698318964,48.08634229816896,18.19327717181897,85.56882931935513,code.exe,0,none
12.364994582078044,4.658636969481314,20.43637227852136,201.5743309758911,0.04002861491545673,0.8552411750757435,35.721425001040735,8.293260279430614,47.956900572382295,slack.exe,0,none
20.606548343424798,6.749957917790874,36.52453551566758,350.51454450620935,-0.04782326560445161,1.4356424199807862,67.3436436760697,30.375859393863326,132.35087848830432,edge.exe,0,none
14.468681615868457,5.420228249801598,27.021848100500826,261.4465872982368,0.1426088030391232,2.269188027261526,58.199629814556154,31.666448062640875,133.15446554967275,outlook.exe,0,none
15.424125242104061,5.586137436568673,24.29071358785498,242.51745384540297,-0.044798542299041816,0.9579215024140404,40.805674410819115,17.418066203618636,68.78187975387735,code.exe,0,none
5.696573726051509,2.248776381034359,9.287521274980307,88.77050168800756,-0.051219505656984646,0.6407308525826542,26.99836218623397,9.403909915238366,46.533685251639504,svchost.exe,0,none
12.62125989429906,5.542477142920032,24.50287380460214,260.8085893411218,0.033744017777801595,0.9472025463658653,55.920624030629874,20.764856752345825,98.51265924616061,outlook.exe,0,none
19.201085227357996,5.54989639342173,31.201568291729963,179.25636360956258,-0.06290253413172878,0.8657263812597042,44.47059288697908,17.43919829866473,74.64577507093185,python.exe,0,none
6.517464143153832,2.342306859116191,12.006261394108128,88.44574696181152,-0.11465793106518732,1.2840230384691715,22.842188546108222,10.675175958208214,52.62588414695065,svchost.exe,0,none
16.062761035539385,5.221329831752377,25.974513981453505,253.0149193123808,-0.39313568015965455,3.969228289824425,60.69136378790838,25.229398781232,113.62179538309826,outlook.exe,0,none
19.71846840401958,6.124749835558154,30.123245082973465,345.45671543333515,-0.16315181554697347,1.7478533865022212,58.82264971192253,30.44932302449263,118.26397197600846,edge.exe,0,none
13.412187887560565,4.553966808255186,23.833874084432747,202.53314504637822,0.10465806721673232,0.9452888009699656,35.20315972117528,15.732833295525195,74.74043695888645,slack.exe,0,none
18.084280649645795,5.893516679100173,36.926749355612785,346.58238756877034,-0.15724300746015085,2.2394183291648764,67.01016334908323,26.791369876423065,119.07687080180577,edge.exe,0,none
16.445620770351606,9.458471231598601,48.63896001710714,259.93749739809124,0.06058714644522259,1.7731141389838523,56.957919890338424,20.07940203459002,109.53588910077386,outlook.exe,0,none
6.40123613342466,2.619630571356441,11.443088800249981,89.93335112122395,0.03257913072966356,0.43186007577668917,22.597775753753336,10.836951407641894,52.78262646318085,svchost.exe,0,none
16.01170847083688,8.17948139142949,41.35591352522506,262.478609329676,0.22428288178260042,2.5007819375011247,52.850786569565805,22.017505128876817,99.91236384128203,outlook.exe,0,none
21.01485831155455,7.782153094820144,37.519635547004185,306.4549585872901,-0.25849539594669485,2.753618223944709,58.33312076809318,24.597421483594456,94.52989149047153,teams.exe,0,none
5.842561841131819,2.1388401228166223,10.363657494663393,89.29883428185234,0.00842966560462249,0.7986878573236011,22.915851343476753,10.575977212721376,42.59261777345776,svchost.exe,0,none
10.606551344874788,5.045651658254782,20.609960714215582,198.31608205181107,-0.20727518971825606,1.7184433055058956,32.551865539812574,12.218259896762747,56.10679101092088,slack.exe,0,none
15.82084392289703,7.7886959057197505,36.762265919746326,260.0665419758859,-0.0596838492493968,0.6715302146052002,56.63857213245092,25.598844747238868,108.2390483952338,outlook.exe,0,none
19.181403995978233,6.437141588531323,32.64129797632094,349.5578893611469,-0.09843334723260569,1.0810954203868808,64.01713441232395,22.770764437722743,103.28344474779274,edge.exe,0,none
18.98738324295804,7.452640668549487,33.04630709896796,307.97864798712766,-0.24590110950415087,3.099268748292497,60.9310919039094,28.590017520505487,127.8471248368136,teams.exe,0,none
19.37732092106227,6.142641136131836,31.387289096551136,314.3462730982121,0.25937347236072317,1.906814512941917,57.211808602397305,27.84932708403092,104.89296271622916,teams.exe,0,none
14.860647234036557,5.533501264748862,28.520179643608508,255.07960171867975,-0.2811114128633392,2.3751560255790545,58.82091591045419,26.33934390921705,117.41577329054198,outlook.exe,0,none
20.51792632131774,6.866392958366605,30.222626432091083,347.5188776417174,-0.0028014136350634545,1.2192468894302606,69.92084489427089,26.248129048431302,123.72049512206934,edge.exe,0,none
6.514259063916655,1.6551773476315517,9.197795951167443,89.83739127424026,0.029592422462210284,0.3692738165060931,23.413842528038746,10.844948244723236,54.89684259933315,svchost.exe,0,none
5.521785822757997,1.9445342743579843,11.375009758997987,88.44675584288926,-0.09967782906605152,0.9561317097883096,23.755843452039905,9.787079719776674,47.55926366561228,svchost.exe,0,none
8.458214083846707,3.2179381926698567,13.468836960449316,120.07855732973593,0.0034352293478846717,0.5057009224765601,33.944813285331726,11.72593125085823,54.97866839323486,explorer.exe,0,none
16.07713276085652,6.119774529254889,25.372844320522347,241.05087415168336,0.031682814683686424,0.524175853246783,42.78488327924482,21.446232944255964,82.54516576179124,code.exe,0,none
7.8882397356812515,2.6302192208356834,12.838507066814199,119.69104199815592,0.0654766807471797,1.0231971549578633,27.951985358173218,13.893659232256674,55.94422828840135,explorer.exe,0,none
14.872856696929661,4.205798277539844,22.8128870036645,257.3704849647013,-0.16694950262892216,1.3855219081783712,60.076739758186356,26.57381782555983,114.88223145478133,outlook.exe,0,none
19.44300014313984,12.022292693072627,64.16369094815458,236.35868539029607,-0.2074002828127239,1.7643579086079972,43.21063353813372,20.557976370376284,80.45232197425725,code.exe,1,cpu_spike
13.670513401133155,4.254077165422832,25.18065028913331,260.003479319756,-0.010088177857104105,1.380533021744181,47.76900585953861,24.93986964301455,104.64683293802557,outlook.exe,0,none
7.0663891275185815,2.9099174867565316,13.628587048957572,120.18037765801138,0.019971169044970812,0.65955148848615,31.701313906377354,13.887511971545369,66.71217587328726,explorer.exe,0,none
21.518643333048548,7.851625413863612,42.790308603552674,425.15292238091075,0.23433141740871974,3.176792942056235,70.49277852303695,28.978178868806015,120.88051604565051,chrome.exe,0,none
19.050158791564016,5.471980482768344,32.36536356478289,346.5058571070339,-0.041427443252952875,2.164747128909446,56.27682922881271,24.21547182945982,120.43665354488522,edge.exe,0,none
15.352966732987145,4.952391637102967,28.482057047536294,237.68870466344956,-0.20024933381246512,2.0700869382385676,45.818315421911045,16.31040256024352,75.98944631214245,code.exe,0,none
13.053713470025388,4.880036047528229,25.461462682101146,255.07998165585408,-0.18291778224296232,2.5782353116565346,51.613419793185216,24.376003344332233,96.99404119371768,outlook.exe,0,none
6.056045648257251,2.033681402605167,10.416309360514681,89.65417966320078,0.012736856167497498,0.34513140277202475,23.29195727699131,10.834495906711645,41.016275172657465,svchost.exe,0,none
16.553197404373506,7.592900704270159,32.012504584468246,183.30056205542007,0.11648115272423923,1.2984966046583815,37.505073369476655,20.89750379302361,88.69975015268443,python.exe,0,none
8.935401110029634,2.5469199687910753,13.69891797537987,121.57960475358699,0.1849207868981291,1.4739456239456417,32.735640433570055,14.961855150241986,60.59327650372384,explorer.exe,0,none
19.851431257967995,4.942177062011797,30.470505292016714,307.04715131072095,-0.17907075020832128,1.6164008987073317,59.766091128681225,22.458789109738753,103.0159457338919,teams.exe,0,none
15.153239454731287,3.622315661735989,23.367001295324073,236.68087640845323,-0.1397750023742958,1.5841265110184757,43.08906484293278,22.911353195489347,81.11384455115395,code.exe,0,none
13.974086714036337,5.071780146560511,23.55242070745392,258.95715629014734,-0.01169788014688038,1.095194507253842,58.77604621149435,26.079624289196975,105.17796493890333,outlook.exe,0,none
16.74823681644253,4.5028953369354,26.431946174772257,240.96535151215204,0.03282595704830556,0.6960066372137205,146.0157423995424,265.3324835641627,909.6293854300208,code.exe,1,disk_spike
17.012224397074245,7.208574005456442,31.777947785352392,179.19898669239586,-0.037955717524996165,0.7708959487120304,37.44991394949027,18.448269387324427,72.31188038326295,python.exe,0,none
14.422740659278494,6.088149590122606,32.00289703463493,263.52670009032346,0.14271258201115605,1.9993223474751252,58.74266488592866,19.798113392892564,98.8441924206331,outlook.exe,0,none
13.028839137972074,4.399521574380036,21.28753403630729,202.5865029287656,0.1282439122967986,2.0458168792756974,38.70419425039492,13.983058018189674,58.87156094901334,slack.exe,0,none
21.485562956714023,6.094350019678617,33.36284580450451,307.4280381517387,-0.02367581603379373,1.8662482386844188,49.45740852986193,22.13218208061015,96.33829393534678,teams.exe,0,none
20.175766665369736,7.68352563612288,35.28816990112138,304.94180991335685,-0.3049676737975858,2.738964460913103,61.829778710451905,26.98461062306272,105.05269530535637,teams.exe,0,none
5.719786619527055,1.6892549025196373,9.637274318665385,90.24701957142611,0.013865348867801686,0.14464996414271472,27.93170022212625,12.951383252998278,53.795038144338214,svchost.exe,0,none
15.675094335377201,6.057600202348442,23.961339812382853,245.2028905079943,0.16824117701782862,1.8466623655946404,129.7309277654643,256.3768090500286,1104.476324320553,code.exe,1,disk_spike
18.60525916659889,6.7138397812923145,38.147390301003966,345.9324469781566,-0.039670508419906506,1.7276417590600224,72.29461448286938,26.408281735318923,127.21461702019366,edge.exe,0,none
5.760074241130574,2.3055558894921346,10.2016663475747,90.85310991344768,0.05017914090133691,0.6426669053984662,26.299852700103518,10.13458324323728,41.950725990459965,svchost.exe,0,none
7.645916250805893,3.0776062307329366,13.519072580980119,120.45532461718192,-0.04699367093160968,0.6714650509718363,26.911199647336492,13.695658434596195,60.955749570582256,explorer.exe,0,none
17.146569507580594,5.408747146691892,27.237215975755962,179.87100751666503,0.059517117876614144,0.7934367899432384,38.85308138181244,17.761931536408056,84.44667223051002,python.exe,0,none
16.27253445446495,6.32602064124804,27.657981657561344,389.99207397396793,8.902479939664412,78.22929836502618,53.89335987186023,20.530202628382693,97.78506537311583,outlook.exe,1,memory_leak
12.421881897426045,4.219378884937016,21.22246094925923,204.64467021576127,0.22969895630305076,2.1112309177748734,33.44176217495827,13.76364471814232,62.060445657612085,slack.exe,0,none
17.829867112003786,6.148563545338451,35.82925439061557,243.54423607830586,0.03154920569873714,1.2139001834264553,40.38669031188445,20.413470063407456,79.85059439518693,code.exe,0,none
7.145796948771965,2.3471568367597087,12.024316989060843,122.01945763653754,0.17960759988889757,1.6163760205282574,29.668925642129313,13.98573698263884,57.144120439293076,explorer.exe,0,none
16.751574909494916,6.601203936836724,32.30773808876138,181.58021678136498,0.0626946269538441,1.2003135174984265,42.8887553417976,17.398626685481062,80.69342744600843,python.exe,0,none
22.043872717276564,7.843138384884319,41.79315243775062,424.68406313034575,0.14144768272381042,1.8870171421080197,93.32332365322246,78.06281824641,319.7396097901045,chrome.exe,1,disk_spike
16.630257440751755,5.158017545823149,29.168172346055137,240.53161614504492,0.030441257168576877,1.0855910476853996,75.91457074554461,113.6380071494834,514.6224389259595,code.exe,1,disk_spike
19.693265130075705,7.328714810132855,34.669634256366614,413.8548069740636,-0.23360131000000592,3.498830002444063,74.95077605638086,37.50476247090105,171.98849439882136,chrome.exe,0,none
6.214614341479498,1.7426692260364154,10.53010835925778,91.16494892311871,0.044867883585104566,0.4074742131046289,26.54574188112424,8.851854569651701,40.27220955475509,svchost.exe,0,none
24.023778073218292,6.586034349084446,37.58257396643323,309.6081490667356,0.08674598292623728,1.6550984444867887,64.8790031772272,26.595429943291922,122.12173590573661,teams.exe,0,none
14.844101155831131,5.2277483267424385,26.239459821468998,260.9062425444391,0.19412246337960823,2.081873966521737,56.054014000136036,24.291704427252856,115.49802582556634,outlook.exe,0,none
15.492223630300831,5.840938414997065,32.668683886605876,176.79094562946577,-0.11276143959672519,1.3005180141779271,42.092628516324275,18.02813924014774,82.76151621133798,python.exe,0,none
15.198788590080868,5.69690978604517,25.220071710739376,242.4976330546069,0.06026925116181208,1.6073435833010936,44.63940735855951,15.373634544288025,72.90275084323625,code.exe,0,none
23.02114508693062,7.201033684513982,38.57931152075594,413.52743280554006,-0.4201345867447477,2.6591581239426745,70.10940316533772,38.261393385330436,138.41215158408943,chrome.exe,0,none
22.10315763365836,9.284382693330782,42.603268446310736,420.380782900388,0.17377023828798882,3.3393620064635594,75.66029787251702,27.819066137786386,134.35279116837972,chrome.exe,0,none
5.992257562854935,2.5777691393409783,10.720401778501028,90.92440813408955,0.05170906439017529,0.6399149590645897,24.551531037847496,11.606904340122634,54.858803357364806,svchost.exe,0,none
13.200075240645369,3.9257438169990446,21.485323820530418,197.21034093962513,-0.1271236677225924,1.103843078651484,36.872178702850746,15.43789609673413,59.79392937810912,slack.exe,0,none
21.94776897155258,6.395371198444406,37.542147611908575,429.548644338355,0.26841263496430656,3.7919219845261076,69.03423785240989,25.765623066806153,135.33218270011866,chrome.exe,0,none
7.926979358451376,3.0255338022300915,14.348977586647663,120.2107239130369,0.01719176949207745,0.637459321049486,27.728793169549665,13.227136442596501,62.99273603662202,explorer.exe,0,none
7.906218483266797,2.377968525313405,13.889529223467399,119.39740151408247,0.0002584848220863023,0.5224337335621223,30.670417539683683,12.019264531821648,57.106182726264535,explorer.exe,0,none
13.421533606026584,4.421114916061077,20.485954219289646,261.3665997962585,0.18354952766197055,1.7073516396021955,55.83372144961875,24.327227815053703,107.8199842936429,outlook.exe,0,none
5.509453660620491,1.8196816628597337,9.404885649997118,90.6691829234061,0.05375617252938506,0.6282506563353545,23.53562858748658,13.655451048178747,48.59129986000198,svchost.exe,0,none
22.20556309769472,7.67608375282918,36.01887099848405,415.59612974562873,-0.049388297490402994,1.5741337264814748,78.7805730565632,28.299352859591185,135.23910187532337,chrome.exe,0,none
22.204643551514796,6.284627227967498,33.46620668886803,304.9996550322284,-0.3387160765462833,2.9838540030260052,64.33711008112809,28.287428959012274,125.30703295835163,teams.exe,0,none
15.572880735551392,4.319552516146808,26.733129934933388,236.71477234607786,-0.1397153275989183,1.6174996029238544,47.5816026920096,19.8197934209966,87.44615546034427,code.exe,0,none
11.462205126795324,3.08620442437654,17.155420213377027,259.4175486911574,0.02355413809013574,1.1488759951286769,55.85647977894771,26.680218142584398,108.96685005777441,outlook.exe,0,none
28.69640268954756,23.759146621567858,84.38700577632177,180.7493879054685,-0.0693609432661276,0.8881145105537283,39.25839208847476,17.045218488902528,73.39510319671629,python.exe,1,cpu_spike
21.85166176909773,6.703752515419204,36.37067093109104,311.39115970121617,0.16258630125918216,2.0235987348043536,56.19213920059465,32.81204113610413,133.208741016635,teams.exe,0,none
17.321560450544577,6.406071007988344,32.05544991104292,324.62819377837235,4.911429623732576,50.83322837176161,37.492013916430345,17.166999634736122,62.86830686464164,code.exe,1,memory_leak
7.045699268692781,3.076001454901248,11.598400025445633,118.6268014516442,0.012232388971120637,0.6983640533926371,29.997914688230352,14.75603964208019,66.44015299403904,explorer.exe,0,none
19.54039483504317,6.215985248359703,33.15066089422153,345.5970583516584,-0.1498322944682381,2.1587838119853973,73.21346437112773,38.5797344374255,167.7288114461535,edge.exe,0,none
18.072757909156337,5.707572756529076,28.784852943991922,180.4910340430651,-0.015461799709788693,0.8591843532951746,35.85448098232453,18.3249915705208,67.49167745750489,python.exe,0,none
13.460816738793818,5.6953518494641475,26.65039317359249,260.4076256216411,0.07460870131347405,0.789070821719566,57.78506305013891,16.609175577722834,96.28471592058506,outlook.exe,0,none
7.905713982002718,2.258553208214718,11.502437520384895,118.25526032798614,-0.09006571090538291,1.1098572400807536,34.97993218041693,11.611039987935106,62.544676527350425,explorer.exe,0,none
15.95815392472044,6.141405943286131,26.8411988015504,241.15619034267124,-0.01682646442001404,0.9636542989518382,40.221816511207706,21.139213744233682,89.29716365709155,code.exe,0,none
12.823894040456373,5.474028707624555,22.460095076292383,254.98121345056435,-0.2839347746292342,2.6331967068119697,58.894538981317375,24.901659150192074,102.74358131529186,outlook.exe,0,none
13.398632014502168,4.8193710952594415,23.540430441036467,261.2615006989102,0.011372273593402345,1.370758179090971,56.92697113355216,27.377826906172626,107.34119054729217,outlook.exe,0,none
12.539966698090137,4.715604063541579,23.558122465065235,196.21611153759463,-0.14959799256344392,1.6380161337161494,34.86473377446041,14.392013151190772,61.29121262172245,slack.exe,0,none
15.718548597134692,6.924598186630435,29.033416731735457,236.66568831189178,-0.11187071191236556,1.2519515537814403,41.085017916775676,19.228945634098082,84.32318542474796,code.exe,0,none
13.432731827324252,5.429978654752578,27.22743409028059,202.58755427713442,0.212614263443002,2.064908984555587,38.250096366742966,15.86427434653624,70.39776737862826,slack.exe,0,none
23.44594100494921,20.100262428499015,85.97816179267866,347.53103631624634,-0.10202249597303421,1.814167545292727,71.35748051098304,30.711162272073437,145.3807823993269,edge.exe,1,cpu_spike
23.41787596293625,7.774986590664974,40.51327426093325,307.9573483963442,-0.04221908239430831,1.388572635389556,60.29195375991383,31.359678224802686,122.8624393101391,teams.exe,0,none
14.179230829008306,5.051704343454171,23.329731837500617,257.46074527971746,-0.06974222733530648,1.18556159895468,62.53647913324993,22.45844276433152,123.42239105417383,outlook.exe,0,none
21.853417540270904,7.324948132352561,31.42770689142366,422.5366269580602,0.3080354171851809,2.5211011240168655,73.47810158718791,36.47262433154976,154.89168358840254,chrome.exe,0,none
17.92731427684213,6.401047021213421,30.02912018191503,352.44082172269543,0.19468393769462106,1.9511222986062071,77.15888391180701,20.18404135476025,111.99425554742356,edge.exe,0,none
19.049133454777895,7.43418535811901,35.829261262749725,304.5367308398381,-0.3917461690535807,3.3796018537777988,59.003990387992275,27.53593018279469,111.74581684278134,teams.exe,0,none
21.890032103352645,6.712337991254597,34.0629312834257,309.12157880538126,-0.1566419513984196,1.7763698661727403,63.10614565683125,22.703400160624234,118.37937163490727,teams.exe,0,none
13.280807753703062,4.6068283176193585,21.54703513489836,263.3880132741052,0.14783063299702803,2.1760537428548217,53.03456145232245,23.54426180557751,109.7803133667754,outlook.exe,0,none
8.336202898978659,3.424744648944278,14.049663329194496,120.75367492256602,0.004540668066420987,0.5321192889848451,32.542490176419165,11.69690068319476,57.18996341386554,explorer.exe,0,none
16.42503089054147,3.8955710287118346,23.273008028644476,237.6096059102977,-0.05348899197271919,0.7872965645080678,43.92968990267156,18.713545356572762,86.14356655087805,code.exe,0,none
13.025962016683357,5.370026267719918,26.778728799135507,258.6274875536998,-0.04840957841620176,2.302151510046903,54.61980839886134,19.770198175269176,98.91707583275516,outlook.exe,0,none
23.592450859056093,7.956591784179797,38.33351926565667,420.583155747097,-0.01448942317226359,1.5538272391835173,78.99665972354865,28.80682883443612,144.356146349429,chrome.exe,0,none
17.83569805725354,6.333428316576163,30.245493151223133,179.5867349894436,-0.019218362442575198,0.43585415844123004,41.667329095630684,15.5729879424499,63.478655960001774,python.exe,0,none
14.992875470754939,8.292412052039985,39.193125181479346,264.06642729571314,0.11123667753593054,1.460419252243522,49.28275640195781,26.724154150809863,97.38822673006348,outlook.exe,0,none
6.199696568685526,1.925834308965284,9.853956781963099,89.47595123558263,-0.043231190545473905,0.424263623408043,26.053999680607596,8.374648984693192,42.17497274640818,svchost.exe,0,none
21.91869575280318,6.956543242040953,35.07781587475097,349.6050432212344,0.12417091200874021,3.7031190539905903,66.21540180616877,29.195524168135655,139.78112130203755,edge.exe,0,none
17.349942027852784,6.090518281868019,32.71984211140411,180.72552026689507,0.06281582354503522,0.7840601805252282,38.10481240419107,14.639957692564927,68.38476553810088,python.exe,0,none
6.055157676888694,1.8442793331753362,9.705967424214238,90.18725855698318,-0.014290450588889787,0.2126967173463793,26.832010369131645,12.83083040495617,51.10723209273766,svchost.exe,0,none
17.96921861975114,6.960925729166583,33.80323036821192,178.39095973310154,-0.10013902678173754,0.6809769415018734,39.62124681304351,19.090461989847505,86.51692547437834,python.exe,0,none
25.46056906574585,6.095663044835423,34.44042093094748,420.38485688850244,-0.13415167723751628,4.0102573363052185,71.49504751872449,36.71347326465712,145.6475504067808,chrome.exe,0,none
19.117181901933282,6.747335590827627,42.34266956782453,357.22771483476686,0.16398114843036637,2.1528479681694743,117.9938353521199,146.0720460827886,573.7606875088351,edge.exe,1,disk_spike
8.873230149846515,1.8696992083383839,12.903900041674387,187.86418288271415,4.390139461884325,40.26306628335963,27.31816166583363,15.292235933700127,71.8629871676333,explorer.exe,1,memory_leak
19.747601275591283,7.374873153774761,42.9896493819529,309.83694550892534,-0.03801803696781766,1.345209434459155,59.899503590039934,20.598400825292593,105.02591223559423,teams.exe,0,none
7.190286388643734,2.747314471411711,13.843766563721704,120.45765552552096,0.04673142203266186,0.5253799114473082,30.493179182812224,9.81578068641896,45.35111101723897,explorer.exe,0,none
16.782897238739537,5.44802573834242,27.990739826870485,180.6741896481134,0.07991255659784807,1.6779695667961965,43.65345336098267,18.410849309990812,76.85923543212445,python.exe,0,none
19.636405178429968,5.788094461335522,32.863755925505515,311.38310768725535,-0.0476512839679818,1.2009582981340825,58.50909541188275,20.306039206679,104.35242932800543,teams.exe,0,none
17.531867064506013,6.429134417242738,32.88548667603501,355.57726759910867,0.3814151439028687,2.813968859841863,65.89120521113142,29.961480453613415,119.16010524945509,edge.exe,0,none
12.626544600030574,3.9940875176745765,20.819031180600973,199.72227596658334,-0.1513803460088127,1.984710125735269,29.773947545440965,16.85856756686996,57.32407915089612,slack.exe,0,none
7.796755249261339,2.957676502007722,14.47535472533357,119.76371441187855,0.012214957297400512,0.9747006646416301,27.17102461280631,13.189597861428915,48.127300670782944,explorer.exe,0,none
18.072572967787117,5.310138662334095,30.687178667884968,176.7828261394697,-0.11502324285254607,1.3729624063693278,40.11771611365943,18.394353817350236,81.02532188171962,python.exe,0,none
20.589307594723458,6.429277610609099,34.39109879871737,345.39667332598844,-0.30097079351495876,2.7914706878831774,68.55717068339658,23.268183225179236,111.28231953098746,edge.exe,0,none
19.396841769936007,6.379089521750001,34.30681051626908,349.138314867464,-0.11734773340675701,2.096414713638927,60.231046508112854,23.65536331460251,133.06230024506783,edge.exe,0,none
7.7975879409079205,2.341927078133628,12.418199656028118,120.54076020166171,-0.00504008236985527,0.5431320277174443,31.941337941922754,13.411852346678945,63.18364635686501,explorer.exe,0,none
14.17979345901612,3.9919299624952576,20.953237725098795,259.33249670372186,0.03852007848044536,2.1427438191983468,53.61571632318117,20.890289314197773,89.42833803219862,outlook.exe,0,none
20.662694210240264,6.0586837349089615,34.63174993719535,310.14160808795106,0.07869134601807559,1.0226711736173706,56.923231094472705,27.38709462675047,114.73663856644006,teams.exe,0,none
16.22003002954232,4.621456078070565,23.88614721625232,241.83449375532783,0.1043859126314544,1.3262407235152265,52.366787862926635,23.16594708716676,106.82384769092124,code.exe,0,none
18.92269689276262,5.997674635396636,31.88250281032463,351.71511491568816,0.20687424069594537,2.5751909180833303,70.36059269054668,21.70608855225992,121.04973444139222,edge.exe,0,none
13.040925669818078,4.033089941288432,22.068647254684322,202.78960902337533,0.1412669070163948,1.949198724669067,34.63741768300985,15.890315139960466,73.00787446714051,slack.exe,0,none
8.445726991021724,2.472566788715136,12.71296562311208,117.9660236014484,-0.007526227970265609,0.9740352966637339,29.749121614501455,14.382383171487902,59.34839072897966,explorer.exe,0,none
7.489962846224454,3.5675052395839293,15.656450117240972,117.7885658034593,-0.09570319325892834,0.8710018873235414,31.166588816274732,11.206778326251268,51.320464268186,explorer.exe,0,none
7.965819840639438,2.639613246424111,14.597831118138329,120.0212831638332,0.02331576198645517,0.5854475529655889,30.394662451588065,13.532705995259404,54.71893850603414,explorer.exe,0,none
6.171965863984469,2.1763763887876753,10.870326561364728,90.92773630122316,0.03307957337333202,0.758335218602493,28.787213118524726,9.304611910717993,47.29483772234545,svchost.exe,0,none
18.43613588777331,7.309282304054421,32.32373213491883,179.91366534243747,-0.04957094768173533,0.6726959743386954,44.47297472306604,17.078870935416653,88.11623684520367,python.exe,0,none
6.8671024927210516,3.2766326072613277,13.609826349123757,120.14981315177421,0.05139000125649318,0.7066526524428671,31.430328208141812,13.092351645676505,61.182899698216055,explorer.exe,0,none
5.579022738903839,1.580072441388796,8.43600250455762,91.22854199882703,0.078035205706009,0.8204766101208454,23.33420870887007,10.835195399227743,42.37703641899601,svchost.exe,0,none
14.632971369696271,4.570802886656543,23.31306220666607,196.60762509181367,-0.08477205278518814,1.475512669903381,38.21444082493777,17.148446539642435,82.3689452776963,slack.exe,0,none
20.236743815594217,6.755698984168776,33.10895940818314,310.3695140521896,-0.20305308786239873,2.6896781050340843,58.065820387439686,24.15590958289217,95.04305578403549,teams.exe,0,none
25.525005898150617,23.17517781507575,78.68685114518155,252.99773844586008,-0.3864250545807863,4.074929182222405,53.9556142395523,26.81345451786675,120.90572048324636,outlook.exe,1,cpu_spike
13.842819954324373,5.061673363750248,22.89429495297442,259.5480969202832,0.011779837943767765,1.4731511619955753,59.47989634102587,27.565068669265486,107.0497433724691,outlook.exe,0,none
14.877889915947305,4.080620302003741,22.323090092104636,310.3293794043818,3.3504239803260534,33.506845670702646,49.50827074028412,25.17678136980875,103.07314781270249,outlook.exe,1,memory_leak
18.38826056872758,5.917848658971032,34.31831170450695,178.80975885527565,-0.05822439317296547,0.8853364734305788,44.963912602981026,16.981226547921622,79.00381584031038,python.exe,0,none
16.81995608927973,8.453435778095034,41.657476719859524,241.68605930786177,-0.017812643271875574,1.18454792621136,47.122282146751445,15.145057420736935,82.35804659062828,code.exe,0,none
14.405355249547636,3.993333721386135,20.804081644116344,200.89706365081648,0.09550723516570182,0.8346117173235669,35.05466027516131,13.490544792308526,56.18810150860066,slack.exe,0,none
12.752363551939998,3.453110266394393,19.80962946379294,200.68813043862045,0.0716771895014773,1.0730668631984361,34.078096170691204,13.57347155818924,63.76954330299627,slack.exe,0,none
11.623044706134944,5.822440362444379,27.198058316926154,199.3057167111533,0.033210923801115656,0.8885041057866804,37.3061853608963,11.496234061339619,71.7516228136722,slack.exe,0,none
14.967161638200308,3.8498125104729892,22.027292255534867,200.78392774357042,-0.12743846626390412,1.8767775858880862,38.80784535595371,12.023585850388029,59.64955145437037,slack.exe,0,none
8.033875834218872,2.328343961327751,12.963884918603195,118.90743151131907,-0.0586120695519682,0.6651974232805546,26.849903278207933,12.028767695684559,55.127692702712245,explorer.exe,0,none
24.252382917448166,8.004743830465793,42.560585320585254,420.48022938215615,0.01763791132732043,2.052770246161886,287.1295046493452,421.35892644079496,1283.1699512000928,chrome.exe,1,disk_spike
8.631142164320039,7.122559476989581,31.711700194964465,90.08138612498969,0.00594589468700993,0.6088600745503558,27.943513589767452,11.374950826872283,53.36741613874423,svchost.exe,0,none
14.312469447215413,5.3734202053365285,27.01675832839628,200.0176835576697,-0.0595092432751405,1.3600305097090526,39.0958721534213,14.193155145989445,71.88150044406375,slack.exe,0,none
16.246336260680547,5.775061778882583,30.148788922472978,239.22667886464177,-0.004861462455338028,1.1650372447161779,38.72381604493501,18.07169626236731,78.261218409171,code.exe,0,none
5.785024122803955,1.9335812476095275,9.768829009970736,89.70859647288496,-0.02294223049348574,0.4266257186809933,23.963960169731063,10.22162847222873,52.49372663142756,svchost.exe,0,none
12.804340784208971,4.379840932079786,22.909134994035494,198.97250176968106,-0.0898636156721551,1.1134732602200195,37.825582130543545,15.807001257532205,72.75414704905376,slack.exe,0,none
19.860323415205357,7.964656878567843,38.46910347954859,418.1357321905744,-0.12631174826180996,2.654425827478484,64.43123849046374,28.441229651569945,119.64225613092387,chrome.exe,0,none
7.905241742429706,2.530235128771946,15.306214647114523,119.0146563159917,-0.061299475853232366,0.5442887744238614,29.209626598407908,13.78159626292029,61.60181871695232,explorer.exe,0,none
7.914533216099115,2.7234023491168857,13.696968442427096,119.24873001621084,-0.06961811798065204,0.9359735049477426,31.39095466971769,13.718176256678472,61.570872898132386,explorer.exe,0,none
14.95485173101309,6.1310324521568695,27.22964948234585,179.10096030491164,-0.10333639172620414,0.7864448478054851,42.66550173990392,20.402260131390936,76.65570841707247,python.exe,0,none
17.059761303265184,6.51112596704333,27.522698026143857,178.18372890461396,-0.1734495963469764,1.5616917432144684,37.9424778821844,19.16474411347017,81.23400570740284,python.exe,0,none
18.45259055595903,7.002987953294034,30.34836561298,349.4029923783622,0.0006529325056116401,1.2673699540917651,67.97540479110144,25.43632518950438,111.97294017257369,edge.exe,0,none
19.552046953060934,6.001351199625716,30.353913065135302,312.1879975218331,0.096691934103715,2.2651549547423273,64.87403228678001,27.56854350478297,132.94448090406064,teams.exe,0,none
19.56929972548458,4.744359902469557,27.335328338031573,181.09291234271475,0.21417942530826697,2.293185098638036,42.2949766151604,17.244540761065895,78.63488060312585,python.exe,0,none
5.470857090709263,1.6269650468763566,9.354003703974302,90.2239598768032,0.032237058433092616,0.5937706484905667,25.956803688445873,10.104200015822805,47.074713942253034,svchost.exe,0,none
6.778425381205825,1.9574426902752748,11.327190175263024,89.14017488367502,-0.042640316471204184,0.5191540112228521,22.388981110517577,10.341972730402187,45.711499970174145,svchost.exe,0,none
22.119934085801976,7.9174462371850485,43.44569979847033,420.46180147046806,-0.15924097721325173,1.882249956775099,67.70448277377717,35.259879022949775,119.53471751996366,chrome.exe,0,none
17.869360814728548,6.5804248923533155,29.941265227590392,356.73685504830115,0.48025034830540486,4.149028513197126,63.009160973872326,24.824157732247443,101.07959875241622,edge.exe,0,none
30.42211445616941,32.61146006948504,100.0,262.34832296277824,0.0684865595248804,1.6045945832810107,56.66888862956244,23.22474758345392,97.27690479555193,outlook.exe,1,cpu_spike
24.410382310981692,7.7513659445173335,40.17094650400162,416.43009303148773,-0.31544744760123916,3.684104481152859,62.48611110953118,39.88601827701444,145.87517926444625,chrome.exe,0,none
15.00643191185416,4.723880263939297,24.557003752782315,258.3157452251609,-0.1680315268539848,1.9429107691003908,63.254030633060545,27.133049771380318,130.52564256254115,outlook.exe,0,none
16.689144109128257,5.8657668687589535,30.898688201957036,240.33292483081985,-0.023125113945254346,1.4843432727468118,49.637709954950125,17.580702432033753,86.18744589447891,code.exe,0,none
22.65313185292805,10.55503000601366,53.50490907961249,420.6746346765534,0.19511130990768494,3.0521111034333734,70.62755892383277,31.962483910166284,133.84472207613248,chrome.exe,0,none
23.875883356383635,7.332039324799574,38.22594589795749,412.24690731832374,-0.45114714865655403,4.575155567892671,73.32148670930728,28.284585284060476,130.93959264362843,chrome.exe,0,none
16.42804276903708,5.553089410003318,27.498365217747274,316.77643961441055,0.2439568937420423,2.1837723726943628,60.05961120996964,26.389947583425204,125.47177009595019,teams.exe,0,none
18.48856666147525,7.629006562981641,39.54777086501697,344.96931950166464,-0.09907374895190249,2.205056177787895,65.85618395325956,27.777252408898182,116.32542856790474,edge.exe,0,none
17.29564811596979,6.497522898010661,28.21047328990055,178.29940605706398,-0.16024916097368874,1.3554078256128848,43.643597616580955,17.22439271226606,76.9307601938188,python.exe,0,none
5.8593471180012,2.2688013242192726,12.987135056161495,89.74180640795836,-0.02129192633592491,0.49295195021764215,21.99711589586537,11.135927148313407,47.634334743221046,svchost.exe,0,none
21.193523400150703,6.972105613020205,34.82700114357265,307.49083002735244,0.022500068182989708,1.0049661992446728,61.18237060408464,29.77636220666533,137.07643610644112,teams.exe,0,none
12.285969283958869,4.579281330906916,20.72465877568054,199.14855254178593,0.20195223679101654,2.425612915444909,34.73806356599813,14.821560809401635,66.98453511315519,slack.exe,0,none
19.739063784235828,6.236894251393254,31.041734697872542,308.0113926263212,-0.11211464393090674,1.9332699677686045,64.23333041811263,22.648135583834897,107.96356171960002,teams.exe,0,none
14.976874008330375,4.660401088098378,22.94374779243637,260.08402132673996,-0.08269392213606655,2.145839931514857,56.958578497892724,24.47693504099106,109.6225143282369,outlook.exe,0,none
20.141722079642463,5.922322435897407,34.69433989942893,323.98137327132525,9.640788766199544,87.19401406811143,40.80982334784458,14.241258189910704,67.19153027990248,python.exe,1,memory_leak
19.57072640070426,6.530744165044808,38.40603529486627,304.44336397655076,-0.14670358536148834,1.8610247845887162,61.302557160538974,26.75746473867087,118.9845124128168,teams.exe,0,none
20.00061830649602,7.629992189977629,34.344022250926926,314.1334529804188,0.2678595006971212,2.0038263097958513,63.6235371934868,27.119523349716513,119.10802410076434,teams.exe,0,none
12.32647563701939,4.739518383277669,22.064684520664194,263.4830629297783,0.12889453982832416,1.1602961903572029,56.835514154677334,29.26354115452263,131.0024966068274,outlook.exe,0,none
15.708322050586053,5.729770263118716,28.632721041247443,241.0862450035869,0.21110023814805554,2.1601762763154992,39.12083167447928,19.578834802326735,79.8489401377724,code.exe,0,none
20.321945509756077,6.823132138081315,34.57153941281277,307.7887236017758,-0.12223293718877054,1.80928055918353,47.27254813176048,22.129531427106965,91.62069244317964,teams.exe,0,none
5.494028011352975,2.0404725424384957,9.612567407894666,90.64725188972075,0.017832552900772215,0.5029348617715816,23.519233544709596,11.498828474399131,49.046202343609565,svchost.exe,0,none
18.678928561756447,6.329262280349129,34.11468802843555,179.52273675487507,-0.05131108355320085,0.766377176019781,40.81260491548481,16.60117980913888,83.99342000001175,python.exe,0,none
15.782434688307118,4.436249502319001,25.44648001447886,264.270033841428,0.2067795683463885,2.288572004865484,54.22207285157638,26.882288176992333,104.94340385781506,outlook.exe,0,none
5.4688741381430965,2.1736834571668213,9.694794107712312,91.10969671176126,0.06362451025511338,0.8452383530013486,24.270307558231003,11.217229096928467,45.35551095523417,svchost.exe,0,none
7.975165796886558,3.120672022879396,14.641705234402515,119.97728298602725,0.004328795895494864,0.47141134525318185,26.68530559257258,12.05094253905715,49.04482613897674,explorer.exe,0,none
15.757793991027931,7.022183404387975,28.563678476881574,233.69434096487288,-0.2777314702990509,3.2001383463513555,45.38599682723272,19.179389133825246,83.28765555337591,code.exe,0,none
14.651475447662031,5.8417671428631515,25.91108880907419,240.36335931949492,0.027117206862605294,0.9244128500477136,36.679732423259274,19.081251691050742,82.78252257046965,code.exe,0,none
6.637706685879333,2.254631591842301,11.62492948286133,90.797199608456,-0.005912371411589845,0.25704465560217,124.31875297701598,237.50488043162682,904.583496313905,svchost.exe,1,disk_spike
13.665458650226556,4.386263724663258,21.893165453035373,204.11207987483556,0.13296601424465468,0.857095591237338,41.52687882423509,11.33727784652369,67.35282776774267,slack.exe,0,none
12.377283162383593,5.4350240240461085,22.86613131010226,265.0645966384779,0.2171049253652484,1.9162009058135785,58.203519728724935,23.231639832394944,95.35224907898979,outlook.exe,0,none
6.242473167388125,1.2096846550231934,8.20789798029636,90.25043091980484,0.021729288145687538,0.33508254284932487,24.768696418685185,8.57287014677728,44.338714500791525,svchost.exe,0,none
20.824657917450473,8.868442471508212,39.611234310354845,419.73655010621223,-0.1213782675904497,1.4988640900550314,73.45185313263451,29.506018435439586,119.99252080822204,chrome.exe,0,none
14.339410665063411,5.206304381327191,25.97290163714387,262.8363984335191,0.17482300103903867,2.7868746894314427,55.868523023283856,24.536269008675884,108.57254713827064,outlook.exe,0,none
5.577576398280919,2.018883753159512,8.411853896941784,90.70957554789,0.08713526641443536,0.7659682601336368,26.515626794593768,12.155974614809123,53.011488242394435,svchost.exe,0,none
6.437768492483431,2.5099263807498944,12.840266771254907,86.83584622339285,-0.14506490128797084,1.3481274191992563,23.98088661315277,10.739170909116565,52.856421100120606,svchost.exe,0,none
28.48735295496697,25.39429005609853,88.99169882888867,311.00416561129066,-0.08256450077016098,1.2540307743335757,60.071975064396526,25.923798047470193,107.19052267373834,teams.exe,1,cpu_spike
14.310171464471416,4.719752843860775,24.33484934112403,254.84635186503525,-0.2969965080150331,3.1221964967218314,57.72542096697301,26.94764761635993,117.71434475669068,outlook.exe,0,none
12.957153193922142,3.6663097994946687,19.626710545477238,202.25427069585282,0.18807249994156622,2.0911658191086686,35.23625158105877,13.48809354223294,57.784485441433354,slack.exe,0,none
9.644592879013736,7.4110612740804775,31.64964269492493,119.09068509524667,-0.07856995769102847,0.9311268474234045,33.15980672617523,14.214650957482828,56.02767592475016,explorer.exe,0,none
15.058388733551661,5.625042485742341,24.078145375590744,257.59314650495,-0.10666313169595772,1.4697365998946756,50.59814496452647,26.73462390065611,99.02166020259628,outlook.exe,0,none
23.094743065294015,7.575872614635037,39.62057521274553,414.97484046311575,-0.19185088273953282,2.0930754461899985,74.30115517920963,29.81366587740272,151.6567291913821,chrome.exe,0,none
20.412975221614488,6.624005464069462,38.9252686000522,407.60800514010015,-0.6112660253381459,4.990535052855654,71.51117823679714,27.69677161987959,123.95546006750489,chrome.exe,0,none
16.227452194583286,4.921587590020364,25.31810600487465,242.0209229449512,0.05647241237735254,1.3282364836107274,44.01946453388646,22.392421092804955,92.40689599773069,code.exe,0,none
13.064666384750751,5.566288458627437,21.876792846224447,200.09216434385263,0.11576870553177325,1.0969615939539374,38.686272413661904,18.828910029902566,72.64600769276592,slack.exe,0,none
12.953973875875912,4.489887292360848,21.61495800680167,201.1781002370259,0.05731747035634195,1.3141283932568733,35.0228353435172,17.691323118061547,76.89967810002338,slack.exe,0,none
11.631245057504291,4.977204368170729,21.52589391232288,201.36987913691465,-0.008873098238468439,0.9143711569479379,29.92566183198859,15.722424815870161,63.48686441796043,slack.exe,0,none
5.165314316578966,1.9300329417039839,8.571560707289958,90.6883844846345,0.04380615311586382,0.5467060593474045,25.270402610841526,10.437179808342522,46.671022704048795,svchost.exe,0,none
20.905519427748363,7.215310135241918,33.936298167824404,415.38741709615886,0.1468710264227203,2.5533190182301806,57.801014010526124,31.740449437129445,118.30738467137346,chrome.exe,0,none
21.515107566608034,9.934898353027377,47.952965080824086,347.5154626700767,-0.10320801168219304,3.947245386462251,62.06876416965766,32.99538304835967,135.13518822446224,edge.exe,0,none
5.894096836442429,2.121795565942778,9.784656736841285,90.3744691060174,-0.004099865692658019,0.2576742238993849,25.846127532763962,9.763569637628054,47.82679505543615,svchost.exe,0,none
14.68494783729954,4.380339066085934,23.206340425556938,258.88344793911153,0.04640961621949487,1.3712215237058019,49.53673520171224,21.126926480043114,97.38063853729017,outlook.exe,0,none
6.192737003659664,2.252151202923151,10.991435316302807,89.44758678712888,-0.012774473049546013,0.32312518972755994,27.394827723306,12.41050504393697,54.75886949327648,svchost.exe,0,none
19.797428270013317,7.589128466286937,37.539398025512824,420.16416674646257,0.28737848087444223,3.601906843399288,64.4462081512598,29.30494779217718,144.42289209491867,chrome.exe,0,none
19.80570614241998,6.313323063571557,35.844336059373546,311.31924880285607,0.10799886404266583,1.6848338281573478,61.33037394729224,25.962267511075954,113.41372480394296,teams.exe,0,none
18.438187456450535,5.893229830480314,32.69353179864707,179.0506580232193,-0.0816808118897427,1.0720690849356127,40.351490654606785,17.293931378025896,71.3372520348575,python.exe,0,none
20.058239310437976,10.85925661634305,50.098751853108254,181.20950570811414,0.08078170553300386,1.6959146581064577,41.504788735208486,18.94144431875106,87.71023158161015,python.exe,0,none
12.811470711256797,4.819544113767931,23.8488475717759,261.84076090602025,0.23331221735912208,2.0274877893217282,56.95476802613803,31.022781623968612,112.69432611343814,outlook.exe,0,none
12.929784771479273,4.066095477355889,21.608243304571257,198.15965558129864,-0.07896467282161268,1.2250357116419408,42.107022598343214,18.5531999095619,88.52533967743676,slack.exe,0,none
18.7122694740007,7.270110635213086,33.67077319823902,313.4592937150799,0.13134090716202232,1.8262075378421931,64.31245588706994,24.279923038237108,126.74478948733817,teams.exe,0,none
13.87465190272195,4.606543835502491,23.179574939985933,259.7912806381495,-0.022867381252372827,0.8246622214404096,56.399754730799046,27.025663197452445,106.9707803666202,outlook.exe,0,none
18.91278899772159,5.2077499575870325,27.314376542138362,178.09490350716948,-0.0348185903193117,1.2338851311708685,47.516735679737785,19.117152667478564,85.79469837963399,python.exe,0,none
5.877031896216156,1.8495483871196954,9.62140213757893,91.83082817810607,0.06803949396497729,1.0024742903093704,23.039607869943378,12.555273514088547,47.4165764764585,svchost.exe,0,none
14.989183142701965,5.617139195808382,24.507199005038416,239.23613890099088,-0.10238609536299824,1.8028429341661527,48.25093773565902,21.08663787853143,99.32356563506332,code.exe,0,none
16.03185589080313,7.056210323816235,26.61416618584154,178.50891946018479,-0.07926136039651889,1.2532371905364923,35.45332971986184,18.67473018418859,88.34273355435703,python.exe,0,none
22.756877578616077,6.663851320694074,37.15191164550179,414.85880468671013,-0.1674529792367783,2.529617331141963,60.984544288459674,28.30114447030143,109.49041559239832,chrome.exe,0,none
15.783939718316752,4.5854409818896436,24.766706910791683,258.5999287040481,0.05761025300346887,1.318638189944397,47.71776438924154,25.323516066527507,94.21744916468391,outlook.exe,0,none
7.217006836895297,2.0328370371993674,11.094134316485775,120.22473700357527,-0.024747052996427026,0.36985266135066086,30.687198474719665,9.631663236088205,50.006483619451416,explorer.exe,0,none
17.854093714362456,6.434120445612269,28.417069497937526,350.8079758398995,0.03569051505607869,1.243439679150035,63.75756084511011,26.349842952067437,106.64808630114936,edge.exe,0,none
21.864904331969008,7.109304296168782,35.92012340324889,410.2880146619654,-0.5438669017607367,5.7905781649258365,77.36152328233423,30.6425736537146,150.44542916089097,chrome.exe,0,none
19.082172465836322,6.262510090574049,34.38522486704067,344.12099346591225,-0.34515728236366006,3.176392373700237,59.763792887566396,31.278683769083663,128.3753026300082,edge.exe,0,none
7.974316606301701,2.149580280433197,14.627412396825312,120.13887276180891,0.02692512443721758,0.8085921291992767,26.043008447694056,11.656105540522558,52.18898066027502,explorer.exe,0,none
17.840018030699184,6.126604125747085,29.302226360107486,182.35438650760116,0.10440121196125365,1.4575646500647719,44.35420501380075,16.255169797942276,76.49187765040196,python.exe,0,none
14.252932112204297,5.789432459396693,24.905110120874653,237.4254729524065,-0.0720755557497976,1.3528407452533284,42.74244151640763,17.33871203696098,76.50072000002272,code.exe,0,none
22.806830580130107,7.748628217286024,36.15148477650913,432.768205286585,0.5153036515343388,4.968714390588359,72.67750612754165,26.780376343383505,126.83639261475112,chrome.exe,0,none
13.853337356148296,4.664075142779035,22.929868539897214,263.777698688596,0.2012745220304983,1.8119194447413685,55.82874696536983,20.4761132306128,92.05604014406293,outlook.exe,0,none
18.337459379297805,5.139446723567715,29.105897818389263,180.33987944204702,0.1509113123181616,1.5360551984726147,40.63255378420552,17.46594569172501,77.55147647861241,python.exe,0,none
22.09334823819497,7.977492435104663,35.00294528638223,420.80418930737386,0.07453781197185094,1.7972968412868355,73.28413079507973,33.9684284159134,172.1160075897097,chrome.exe,0,none
20.510515414618787,8.299146844335953,36.13837468345339,305.1942146791766,-0.2880504186971545,3.018270783463102,57.21933862915774,27.419707257781834,122.34625970555538,teams.exe,0,none
5.741924909890863,2.1402287658543857,9.347703783137217,88.3234080019151,-0.12039165013304208,1.014233005765563,23.814320271462364,11.429986630399352,44.20749047580966,svchost.exe,0,none
13.156868069407382,5.289383303118382,21.58782846638801,202.02184637376118,0.22120691744966717,2.2430919806031175,31.250825227041254,16.12851118039589,61.8606098097693,slack.exe,0,none
16.341050509512637,5.449560630346918,26.885244636597328,179.0133693462246,-0.12295602220370938,1.6483217415847284,37.26438921055433,19.685886961779104,83.76143579846543,python.exe,0,none
7.817120015204791,2.3693808658745565,12.580939284284792,120.51015492154905,-0.035315889853888886,0.9089804830179378,27.72022310536452,13.010858482368869,55.250308169370214,explorer.exe,0,none
21.481394951519995,5.616062590884317,30.099295938038132,310.98646446508815,-0.07495988351694223,1.8814582389972847,186.5682755880832,251.25972292980188,853.2524315495425,teams.exe,1,disk_spike
13.105459971930932,3.61028361013788,19.21360291890176,200.4367137081229,-0.004185147463447455,0.5866831051558279,35.312393568518374,13.13413719789818,57.6172547477713,slack.exe,0,none
14.339333639436466,5.311515501289862,28.101738058145415,260.5792467389566,0.061731951315414334,0.8065604492856001,57.3381984882931,32.00468206199717,121.35566314898074,outlook.exe,0,none
20.17224644372603,7.467055385337337,36.73010633641573,304.57322046105946,-0.1978937006169872,1.6947723756737127,57.381419470416446,21.50533089252429,108.39553380553929,teams.exe,0,none
7.262961462562103,3.000499065968729,13.78721734839289,119.02459431643443,-0.038970205222550194,0.4744202766523077,26.337939867252253,10.760897175969724,52.61198448161692,explorer.exe,0,none
22.365074222394657,8.447389109178117,39.45087502255798,312.2239648203746,0.10110707984824785,1.2538864488667096,63.60248371874996,28.68728617621435,125.25883357726362,teams.exe,0,none
16.834641808965266,5.30299859404287,26.7376974806871,180.74340453694933,0.10870203003633397,1.4294795687380455,30.697454734616713,18.472899265804266,68.00493974071733,python.exe,0,none
8.151207467216379,3.3790836665582367,15.58740407117919,118.8414840652633,-0.035880501924615754,0.3511813661839824,29.79628090046183,10.306758480343623,52.40759284729744,explorer.exe,0,none
16.805301101310594,6.395968906869452,29.48299529792203,178.0057344561229,-0.11542987061853485,1.0693638680442301,38.21454371136814,15.889916512985968,72.7290686544343,python.exe,0,none
19.46709517859232,7.279320611822424,37.57685914501638,354.4029396022048,0.1301899337429518,1.7428802394214165,53.259267605833195,25.065806323246125,103.95692872753338,edge.exe,0,none
11.64578093919574,4.452638145157436,20.269577502763003,197.39379646155413,-0.08275435197130415,0.987475346036266,36.38338192932931,14.354487951412974,70.55629529662745,slack.exe,0,none
32.5306563898238,30.634933614877664,100.0,238.34222678601256,-0.024496423363854092,1.6276610613367093,53.43377724916033,23.919073774524346,119.43206815342344,code.exe,1,cpu_spike
19.842664036763395,7.087185751741845,32.96186140025377,310.8049374564867,0.14894396376266553,1.9208648018907701,59.55053136733759,28.427462500257473,115.13526747583741,teams.exe,0,none
15.703586732087526,3.855085410544149,24.24244387593872,241.4033400515141,0.19453330168237906,2.074526062034267,45.36084659227155,21.759921302999462,92.03184310997325,code.exe,0,none
14.972474358281964,5.247721926255147,25.010494190794837,264.0198538600969,0.1297546649571283,1.7202045569230267,52.12578267593593,24.473376338464085,108.55573668021637,outlook.exe,0,none
18.504611871062938,5.666644115510015,33.52877919238746,238.9485391369264,0.0473776648637615,1.555751986362802,40.303908692331106,14.898881379710126,70.03757731544788,code.exe,0,none
8.005100190056194,3.1784776646396122,13.19661126080039,120.94496081297457,0.03472746238339018,0.5595117328874252,31.772749332121972,12.2921992490572,63.09662815991423,explorer.exe,0,none
14.301119429792722,4.55218121681412,25.305726560299632,259.4209818590487,-0.07775429694549227,1.1674875392786745,56.612358631838,20.95609112336861,97.68730018978556,outlook.exe,0,none
18.460873485370247,7.992588423874267,32.73659138416252,351.5165137204084,0.2279151701003779,2.4408310614013686,60.219539095490624,26.745297768951524,117.13289779691091,edge.exe,0,none
7.5406111755175935,2.9623644232865614,16.11286420416252,120.00699647506745,-0.05922934090308729,0.7911761694664254,28.759725838493672,11.898747571978678,64.80824489854257,explorer.exe,0,none
20.223202029849368,7.789319976182194,30.800898128436838,359.8828290878333,0.5044058022398247,5.105318256170015,66.07403981887407,24.2057909508712,114.11604594055731,edge.exe,0,none
23.865899413821907,13.15745790536478,59.4288092391327,309.95963811538655,0.07990069990996365,1.4193913564448701,66.5373259739481,25.832615574202368,107.90758856921713,teams.exe,0,none
20.194483105990404,7.07750566610619,36.64977491076883,313.75778911992046,0.030353245702315235,3.030735908347521,60.639232377751085,28.40264607189335,125.98472463609177,teams.exe,0,none
16.081059308720288,6.744799747601025,31.729561942134225,178.38531471921897,-0.10352042963652366,0.7711686935238681,36.14817215758834,18.4149755551854,84.73592857721366,python.exe,0,none
17.243426487651924,5.826999768681577,29.102793425872594,348.4429344022146,-0.13574956567355798,1.8071388944859732,57.82876314026229,27.87723567388964,129.57931445707266,edge.exe,0,none
6.771606537135589,2.417049518256516,9.981993808854563,119.39655239121056,-0.04106652250503278,0.8015313354191644,32.699237852626176,12.979915962934822,64.89297016167117,explorer.exe,0,none
14.343225214133989,6.017469444347542,26.27418620792809,302.7853436217928,6.472997161805816,61.25989207053927,33.33109211377424,15.15136319837803,66.9252826576453,slack.exe,1,memory_leak
27.588982598101545,25.21976110465507,93.36466181873232,342.20643155135105,-0.2858398197099007,2.7256507030721,61.142926439253465,26.681369749317398,107.2536741295605,edge.exe,1,cpu_spike
22.903369547033172,5.770822399967794,35.997615305002235,405.58476396495297,4.577004156202055,37.71046633062516,72.8450781962723,24.760005559346215,154.690464719575,edge.exe,1,memory_leak
5.3974623303657205,1.9597125598452207,10.302879257931703,88.81570547265191,-0.10676266989357544,0.8948668614196528,23.483224481768087,8.203661366557796,37.242871975246075,svchost.exe,0,none
13.185283925612369,4.142838754571609,21.874746837223295,199.45835178344151,0.10906818722499736,1.8498515000535287,36.829459258782194,15.212942988981984,61.1250252860427,slack.exe,0,none
14.39566505586733,3.257987401245342,20.655949975483203,262.8866767502078,0.06568601741588509,1.1525101398561635,53.42906990809788,30.87559822858051,107.8052074907231,outlook.exe,0,none
17.605841229819735,6.6435392109597124,32.55975698150732,344.8804346160346,-0.3380604276307016,2.1970572268677233,72.26124438996065,27.614722194658235,137.48749999061675,edge.exe,0,none
17.77229692033205,5.02979758567454,26.594297183246695,351.71651732813893,0.31516886320547427,3.0026786704878785,51.604489595282615,30.690095852941642,107.8795025099937,edge.exe,0,none
18.66210938351839,6.018692072790693,35.2723425710047,181.27710864526088,0.11630153973811161,1.5609830728472802,40.39137742981824,22.049860401580098,89.85573033029958,python.exe,0,none
19.12313243845009,7.727336287644712,33.30041241432572,309.6643364343976,-0.19878170906591208,2.449116952243995,66.7204716991292,25.430914944160264,126.31013211539522,teams.exe,0,none
7.984117018970349,2.293303427657116,11.120857662290195,119.76022965389467,-0.03297610087389747,0.5452685654925087,27.02288328998981,13.838926449747502,55.00517529149793,explorer.exe,0,none
8.205153992936483,3.3327192262787793,13.81224303158142,119.70558121902464,-0.08042966101655888,1.0157583257622482,67.34854968566029,149.3034914886472,731.1180175584263,explorer.exe,1,disk_spike
13.362243038057764,4.368722455815626,20.831987400761975,195.10370985018417,-0.2204983084118131,2.2219432557040784,38.73570556994427,17.14931684438238,80.94570280058221,slack.exe,0,none
20.51109316839302,6.352430163703477,33.909240496081914,351.82176821601314,0.11314779094803194,2.1042527955661234,72.47675289497583,27.170587799923624,118.07193290987382,edge.exe,0,none
19.596851537972206,7.1480922648067535,35.649762576427236,350.7210701375526,0.09146093480750891,1.100315190382034,68.70264828133001,32.99854614635126,123.45929690252868,edge.exe,0,none
18.846727467521376,5.173252895496702,31.828134731164994,180.7122612823746,-0.03157095947128899,0.5227111318954801,43.09842452868243,16.359944920250346,80.2463214102889,python.exe,0,none
17.135757430828075,7.599713186243631,38.55886571148328,356.19254512954444,0.0691953160792669,2.304135741314831,62.84519225232669,21.980007109199732,105.44694000616096,edge.exe,0,none
16.6945810849883,6.236317074220362,26.41347994877663,180.38471719508837,0.011737340181674464,2.0844127143285105,35.21907025465516,16.691009622304353,64.67117114547527,python.exe,0,none
22.505200992522646,13.85168358287574,73.73888140590427,353.10580247201375,-0.052669998131015444,2.244485734350101,72.07651569984998,30.862983229647508,140.0837757430843,edge.exe,1,cpu_spike
15.203383072932642,5.508939796263858,24.97686059393353,258.54318091961693,0.08473591769566724,1.1068490681005745,110.62670233931502,147.55280947989056,537.1479210132126,outlook.exe,1,disk_spike
24.087403423846855,5.897929640798057,36.85773308110485,313.21139719673766,0.1877530310180229,2.5368358665933397,59.359550603241466,27.985744563967106,108.84420739264525,teams.exe,0,none
16.496303890146503,4.421525705719335,24.198031805257138,441.02461652712725,14.342333836234275,123.17249862726334,43.79798003032901,21.797694330804774,82.95640747389143,code.exe,1,memory_leak
20.638109649974805,6.215672108057956,33.457297265591606,183.06950032196954,0.14936961015939498,1.827270804238893,34.67147684411733,18.3907238969294,65.95282845891498,python.exe,0,none
13.898992829355544,4.4514065034736205,20.427797137287847,257.63609232523953,-0.16659690194340063,1.9865247279386322,52.56888824393372,25.22952024402095,95.3618114243935,outlook.exe,0,none
11.856056687295142,5.028752029998291,25.387636130347737,201.28583786854065,-0.00595520208560932,0.7387980349602896,36.20678952540413,16.17617391050318,67.56415055469546,slack.exe,0,none
18.89380594792631,5.757030791523818,28.489598155183113,216.74670086336957,2.133332595122232,24.718911848847917,43.786111620537675,12.078338058318382,69.20633873047858,python.exe,1,memory_leak
19.312088671233507,5.826165006305153,31.932014857283825,179.89585385670668,-0.06292557588758144,1.2869185168433306,38.04594473156291,19.552558731896124,80.59493170993393,python.exe,0,none
14.580595988127676,4.780082593582487,23.090520042154434,258.59137143409635,-0.05440275898469243,1.0396410373340657,51.224321911803244,23.093841359969293,90.98710397487538,outlook.exe,0,none
8.462140386699291,2.3257660109232767,14.363647024986381,119.99433559159971,-0.00214915561514412,0.3576224653064894,33.888670735339616,13.161972020342617,67.77777483746334,explorer.exe,0,none
8.610607059458548,2.7655475666371125,15.03461911655474,119.35036294347316,-0.014780941491012337,0.43258872229315437,31.352666326809604,12.59983313707797,55.174717376214886,explorer.exe,0,none
8.631819996533327,3.561683504319729,16.10066758810612,120.35938554984168,0.04675143624690463,0.5476775553543239,30.741273821798654,14.498359790790992,64.22830581165805,explorer.exe,0,none
6.2897950151506175,2.2826738608790613,11.039582774346156,90.00945890006638,0.0011775866178363496,0.30215167395648523,27.965752541025772,10.73156942105254,48.00373091838679,svchost.exe,0,none
6.379767943089392,1.9215542449414302,11.926434746105073,91.60710161165325,0.08059784895205127,0.7823017327149088,28.491346759231206,11.187829404732312,53.34140292375644,svchost.exe,0,none
12.63696140682836,3.866579084562709,23.712763342323242,198.11891179801333,-0.21491349506342866,1.7506985522445961,38.16238211098176,15.056275659615535,67.7393560271681,slack.exe,0,none
22.454158346078813,7.030719393541885,40.36255732552378,417.17585337216974,-0.15015520684364483,1.9783128127125271,56.05919389723493,28.129532965574285,121.69623086406482,chrome.exe,0,none
8.465687325164554,3.014079213572857,15.453036055308637,120.16468009486147,0.05766257545839295,0.6838248673181939,32.8368964499519,14.752047056674424,56.575450065761736,explorer.exe,0,none
23.021971909347414,7.6570017075206245,41.125007133531824,421.10553176160835,0.195478308239304,2.049920784403673,66.3351851250484,27.987299468121844,123.02116014138576,chrome.exe,0,none
12.156998608622953,4.710447261994076,20.80443122169128,200.47004844193398,0.13510711900359715,2.0494305578543233,38.07375962748868,14.831173100763746,64.32275268625604,slack.exe,0,none
5.888440989064843,1.9392892751147075,9.735924191265978,89.24245161327843,-0.07607157489877163,0.6760968227953031,23.227381289604185,9.71748557413569,41.60025261845407,svchost.exe,0,none
8.263712753832682,2.4708257983287,13.701384841119356,117.004026045005,-0.14662565179257428,1.0549429543157955,30.91868096567148,14.89753262439914,69.24921175298394,explorer.exe,0,none
19.137191783275544,7.350651879886953,40.977517539657924,181.97411534217463,0.10974828459103682,1.378845810581022,40.57274714412218,19.491540354655942,80.04708069846282,python.exe,0,none
6.089104830490685,2.2543378565945935,9.13311406021294,90.6479156511246,0.01877734333044619,0.4217669863050703,27.249769973452967,9.84108240586525,52.17789521670796,svchost.exe,0,none
7.972777829468353,2.9568869765439127,15.096199715420061,124.7240763888024,0.16732433439801325,1.7197681546335817,27.264303835541615,9.694726055995737,43.09266132826541,explorer.exe,0,none
20.39904983508484,6.920643754034974,36.34081022331251,419.0986897636364,-0.17565845981383366,1.9124110984646772,71.65957373022884,28.079009399425107,145.43257813584444,chrome.exe,0,none
19.826358456370297,7.499285065688698,35.706942383588824,349.425157797112,-0.046936710803443776,0.9500383019530285,69.25548963181646,28.21425015180268,132.73205662032564,edge.exe,0,none
21.432426095999485,9.317292341003606,39.78017538188635,420.0051696116173,-0.1913519898106377,1.8155789743559847,74.53213378691177,32.15772052828692,141.9447839506608,chrome.exe,0,none
12.778501231595412,3.9510355923629423,22.55416590435912,199.8982237605645,0.13431112447219012,1.4580843441190787,38.249265797588215,12.25569879371727,59.54818691164584,slack.exe,0,none
20.201226707027693,7.157692074604918,33.52096176720251,306.3361951553805,-0.2867277743338112,2.809372742185779,61.311881331597625,27.395451634454012,106.48794845482053,teams.exe,0,none
8.043497848470864,2.8305133819408703,14.083168092914645,119.97904819551096,-0.008256404397621016,0.8239986993963856,33.617972726606176,15.486874496985946,58.25223015709024,explorer.exe,0,none
6.27452663526003,1.9718798157723578,9.276803374428473,90.90197756569972,0.010916113157415926,0.28834981928059583,20.684185370545077,10.728484565663559,44.28525418351901,svchost.exe,0,none
13.336946181740364,4.501398309768518,23.345896187294944,198.6897851943908,-0.07251306859597927,0.6300903907951794,35.05909406286964,20.82687557007885,89.78469753850166,slack.exe,0,none
13.161355664183173,4.950593498850356,22.647583854989705,259.3503586159175,-0.12261967994426186,1.2981439487500834,48.1465487798266,25.211128864619628,96.09419384770644,outlook.exe,0,none
14.474759608966169,5.4228876827444905,25.06075474693879,263.525230722255,0.08567951092109638,1.7988569634729694,54.202566416814925,27.798380156347424,130.91398844347367,outlook.exe,0,none
5.686259857278492,2.1867516240441462,12.394931391518549,90.2877733835059,0.0517270174929043,0.39082624941092614,25.184224249112226,11.048776115586525,45.63928256211953,svchost.exe,0,none
18.026281022469373,6.654791733546871,35.54612109609795,179.57260954833347,0.010710552334220818,0.8459041825340752,45.205363585524836,18.474146753414768,75.51438127487293,python.exe,0,none
5.804112172869566,1.7047469684379288,8.76334169117392,90.1119625378716,0.01962404775484572,0.3610116322271904,26.917512462095438,10.513728679256989,43.48039961238197,svchost.exe,0,none
17.025144918834453,5.2846514114174825,30.35654291390089,240.05837306949897,0.1926472116187161,2.50298544849048,41.914855242417985,13.933852601216916,67.35967281161692,code.exe,0,none
12.548811110307732,3.978573150420341,19.931715050696475,199.30800247893097,-0.01536805431989497,1.0957873432602783,33.997848951476165,16.15009825078624,69.08274116047386,slack.exe,0,none
8.754216429332793,3.206060557039217,14.90659930177668,121.30644833770155,0.17597281316750799,1.6263221332091655,31.368238820689605,12.747912681085875,60.40798022552441,explorer.exe,0,none
17.79279767366171,5.730633682615798,27.695466534863748,182.32768061897863,0.045770991948983424,1.057284215159238,40.17185205696355,23.27797876350861,86.08511868952505,python.exe,0,none
13.638789110130098,6.192382421734706,27.866539255104456,257.09139542709903,-0.09724116541133868,1.5160560604756248,59.397913671298475,22.999617203350944,111.01906937819496,outlook.exe,0,none
17.185631326410054,6.634810772873924,34.03983587576674,179.84352785966087,-0.031703765671213094,1.0005273834356423,39.34571287110133,13.520639230631266,68.90146874691041,python.exe,0,none
15.738743137717671,4.436095189494312,25.12758676383629,258.0047420378838,-0.16362729242528076,1.7833487493135032,56.56263114809426,24.90172280631029,105.75878550287229,outlook.exe,0,none
20.45743677276681,6.810883357172195,35.20355301861201,303.1153066790442,-0.3209031760236655,2.64777079664956,60.34244027383502,28.885002254556685,118.15231302679514,teams.exe,0,none
6.047429491511589,2.0943943189621304,9.21926532775922,89.35646675102703,0.017338775404832064,0.4917432846517134,23.108480232845633,8.43039368884033,42.86256532156804,svchost.exe,0,none
24.016376285415276,7.240332081500714,34.86095052480705,414.7026499573857,-0.3626207225387494,3.9619181391763263,74.65316309460928,31.23261925754133,130.16132419174227,chrome.exe,0,none
7.239846091422362,2.488439069635918,13.714319651346065,118.48229779182553,-0.05247891591025393,0.8975355756965835,29.71928958227901,13.219572673170031,60.677629090523126,explorer.exe,0,none
15.310539102010356,4.881993366151701,25.6607605075005,444.07422111557514,12.490033240678994,112.05772979643619,61.073923053829574,25.049804826555967,120.1210236279796,outlook.exe,1,memory_leak
14.417252713600453,5.036439305028432,27.076250509759866,259.72597564685424,0.07282120072269435,1.3764349927222759,53.53545424758322,26.90757797777626,102.88746437286919,outlook.exe,0,none
14.365433606021714,5.123091470186408,24.365898026370942,200.93151521649477,0.029171697875114925,0.5641464576664408,34.53006525425811,17.689071205309244,70.29100589420254,slack.exe,0,none
18.762980097351214,6.372392453839166,36.07879683010995,345.70257825065727,-0.24251083404816617,2.054597412195988,60.403468502556,30.13365486397133,121.31472854399703,edge.exe,0,none
6.144174262309032,1.8054297283836975,11.615764166193646,89.67134862019599,0.019678775830822323,0.4954378629603766,28.623023299743597,9.333619454495445,45.5313507713874,svchost.exe,0,none
5.981536435342673,2.0431444826607987,9.375688255481581,91.31542102858039,0.0034426651726822874,0.6933926363308642,25.904025234126873,12.644500206001894,54.0515234813188,svchost.exe,0,none
14.858212576101375,4.366559679114237,24.947133496229334,259.9701487097155,0.09316879579515672,2.1961960167373125,56.55851170874289,20.401783090979677,105.75692039666654,outlook.exe,0,none
23.377872664181425,7.153664044228716,35.186850076806806,427.5977962948579,0.2186729698214549,3.7096888068170273,68.53213012181577,30.526791977986196,129.3441221305742,chrome.exe,0,none
19.80913737818226,5.766801274934227,32.218681521291785,304.2242108172466,-0.1848821457594094,3.5602815468279183,60.51030244527653,28.394938231480555,114.0486394440227,teams.exe,0,none
21.259092943144193,13.892242523619249,63.34756788935139,243.1236170776707,0.046288376151992834,1.016421441357525,40.02783459297445,19.847213217928815,79.77292686371426,code.exe,1,cpu_spike
6.20867136354293,2.4643167440299174,13.93550330158711,90.13849816240418,-0.02478033202822445,0.630238812381325,27.529767693556927,11.032923114918527,46.96457681325569,svchost.exe,0,none
19.85217141676775,5.504789321659376,34.17671395208292,309.33467932537343,-0.0738421887052103,2.322159455212058,67.46188010050744,30.58094501803584,124.36703163438946,teams.exe,0,none
6.072668314962592,2.536340353835895,12.000693458475883,89.48079379223812,-0.0038271890760967152,0.24081748939159706,20.465772930060083,11.077512368768963,41.534392350721134,svchost.exe,0,none
16.350837934076363,4.97326942759633,28.149959244254582,241.87828900516652,0.0619255583531564,1.2169061517379423,42.88075081266968,19.065911128615845,87.78655255540448,code.exe,0,none
20.499479144216618,9.98914359108609,54.193200344236,348.54705295567175,-0.025585928365486173,2.555854408937943,63.432024232610246,34.08523527470046,118.7583186060424,edge.exe,1,cpu_spike
6.86227133447733,2.5800319913228233,11.286297961577304,119.49068810177218,-0.05756032468808219,0.6226178877783427,33.8961010141509,11.65338974136451,52.68707580664874,explorer.exe,0,none
6.355857100431704,2.710971000602999,11.31115241297874,89.14474988300351,-0.10606553919041962,1.1758343397833038,22.328741041036945,10.294536213738033,45.409312042236365,svchost.exe,0,none
15.957240664541683,5.570837610087366,28.2524106009385,180.07331502612791,-0.04101671662266521,0.5344027488764796,39.42698335893431,17.589230382287553,76.18994091675297,python.exe,0,none
23.073367018144584,9.690642737069751,53.466871118863196,429.6175035928546,0.4147034980137486,5.260769306359727,75.66905132871288,27.966101741965645,126.5694963927235,chrome.exe,0,none
17.617943823407618,5.526170613135239,31.17770915130149,178.27409672670188,-0.08891117927857503,1.1289101218184205,36.14547385565574,19.160605430551865,89.84274606959394,python.exe,0,none
21.11946112192603,7.351863831572389,39.08715944561752,418.9913561287174,-0.02347386284500317,2.440925442485377,79.39949560018752,26.080045206603174,136.71737368743942,chrome.exe,0,none
13.255271918737416,5.156174950288868,22.974435951980162,265.1332089175966,0.08174253459402318,2.4806142193737046,53.02397612569416,28.253398977941885,122.84948140930399,outlook.exe,0,none
18.40847880453381,8.05479969673064,34.22688194154894,306.5177791416133,-0.20136547286282014,1.7114946648736558,62.05466753121019,24.101311749034895,103.35250694698931,teams.exe,0,none
18.745873118338242,6.3721214425241355,31.273770691482785,349.3751800558833,-0.032887609158310245,1.4762073789431835,66.42249051701495,24.820565386188054,128.00633047890773,edge.exe,0,none
17.662921431545957,5.856026262278652,31.214660752476334,174.34333582733686,-0.20231819398096035,1.762134206971403,38.274567021918315,19.08718740033565,80.58925891472641,python.exe,0,none
13.502639208027697,4.491007503803694,24.988070432588252,201.23817531789155,0.10521512583403782,0.8832140175275415,34.62802420876804,17.08729597744284,74.27935034021584,slack.exe,0,none
11.912109626500142,3.668186965025208,20.417478284914502,203.70927744078392,0.19725878047885886,2.507626247352504,39.87055290617772,18.734718123644164,80.5070020854613,slack.exe,0,none
17.12583438809198,5.5215514602286335,30.724882347149716,179.14235122822046,-0.007536350491443499,0.5206448383145545,78.46517142631116,140.06241184544055,669.0792273433312,python.exe,1,disk_spike
19.93474434760558,9.855998960891517,49.36237777002238,180.14330531487022,0.08291455106256838,0.5653364861065459,38.399628821399155,15.753940271581852,67.10523699174507,python.exe,1,cpu_spike
18.635154359759213,7.060896310519505,35.411754523453,354.96502020307366,0.352213503746835,3.649993058160412,66.85894316559276,29.888596717761377,126.69840824028628,edge.exe,0,none
17.348502807043356,6.9414503820222775,26.638938276152466,179.8508202940396,-0.20677791373868787,1.7671619269685148,41.978022419686496,15.736360393855264,67.30182334901285,python.exe,0,none
22.2554762046102,6.782717068649614,39.23830633382659,423.2603337244909,0.003295511212335593,1.799906312000485,66.0865948572554,26.449607526011974,141.81769916947917,chrome.exe,0,none
6.999520800673287,2.3187217093174204,10.717291346709503,120.86909411795031,0.04101723419123241,0.5963491923861881,26.093269697847777,13.941188551608386,53.97883265780179,explorer.exe,0,none
17.109225451479844,7.810873360110096,34.32906102316467,347.59019937879197,-0.256941217440315,3.3848083864462617,64.15601576900612,29.540368552114476,129.0635924623462,edge.exe,0,none
17.878075947234688,4.703146534655435,26.725539395045665,239.05637583210918,0.0351663058455775,0.9191860621388872,44.86301888408332,19.53158096802404,91.85040642325465,code.exe,0,none
21.93355423438415,8.406812732615297,39.25933829646888,420.85293369920157,-0.029095425466317694,2.1832787631453217,65.55436422527357,23.859656330618407,125.79291918603575,chrome.exe,0,none
18.247580149123966,5.020683633616339,27.61797969846028,179.18953655135388,0.03878291860104639,1.2509493768096418,42.97386181880777,18.85100452986596,89.15366308988652,python.exe,0,none
17.659408211275075,5.078356372404985,27.502092640354896,303.49072435771825,2.55463339470604,28.78631273412961,59.220999157807036,22.736466975694896,110.81722321810675,outlook.exe,1,memory_leak
11.944644304865061,4.2217660893728,19.794521311658677,194.86309004293142,-0.2676112682878577,2.8393333798976967,32.20968441448848,17.87900253202055,78.28970755546518,slack.exe,0,none
5.556837001887861,1.812771967403188,9.245807868111328,91.33791991245933,0.05085602570867375,0.5333571192805715,24.72913917668524,10.400053879866476,46.325516634895344,svchost.exe,0,none
19.42580575182479,6.018334132814829,33.16683749962588,207.5003137439092,1.8641160115195874,17.916601728101643,34.89637194473758,19.982869976933827,66.20424992392867,python.exe,1,memory_leak
6.125605473479575,1.9155787299366138,10.762810233692043,89.72996091333157,0.011245078329787361,0.6897691452052956,23.770018613714704,9.482729242607613,42.805874465112744,svchost.exe,0,none
7.852524096602235,3.5633576369506765,14.154043026951037,120.98691763790248,0.04470694106124853,0.9206848351313357,29.333656899359756,8.931786266135433,47.46145464642552,explorer.exe,0,none
11.181093163789994,3.959852235883664,19.139748437240183,198.92733270791527,-0.08367252308785757,0.9664351534126441,33.073769727499794,15.605519232474085,66.75565991315437,slack.exe,0,none
12.941475594898566,4.357533575904943,20.310333717883182,204.63788057885225,0.37742653738964693,3.3852223403318935,34.21306221724903,15.673433686992356,69.98058940900015,slack.exe,0,none
7.380396162725142,2.4162050167269062,12.81351464092306,118.86942765511165,-0.02307306410598547,0.5293132399462254,30.9621592250684,14.006572681364315,54.63904326149128,explorer.exe,0,none
8.038938002277076,2.499195338716541,13.473977346232065,120.34395655665874,0.037712717806083165,0.7874247229118683,29.170508200722246,15.83801007478479,56.95217427233454,explorer.exe,0,none
21.997118641296026,10.392208809755607,44.76521975062177,423.2297897960842,0.10267425845882296,3.1036546342519684,73.67118808659201,31.819116367714496,119.17565798505566,chrome.exe,0,none
16.654304511983497,6.236768745552643,29.13710486342384,238.9262537259247,-0.059573232588968496,0.8729414136780691,50.37895511381144,23.158805012335307,86.37757263868278,code.exe,0,none
14.781231495023404,4.467459295707066,23.077867086479017,199.42717260494993,-0.13267025855900177,2.1703049989034358,36.10654117865514,16.461958730489144,68.94083618201444,slack.exe,0,none
16.85422051751162,5.677619190724972,30.98115600272729,349.63512084813425,0.023503996842290084,1.0514883817900287,67.7256853993516,32.17320443171189,142.60159784862944,edge.exe,0,none
5.91006591361828,1.9608049588823404,9.190089241882093,90.3921909935981,0.00595729314747615,0.4454726216413879,28.487664094542662,11.081438679064947,49.548605034301204,svchost.exe,0,none
14.069833770465182,5.213015189462836,27.088304060361615,258.84122832137587,-0.15855956401481705,1.8561551808503065,55.87636035337338,21.52968303135211,94.55619560662767,outlook.exe,0,none
6.290386551695585,1.8783146522114051,10.533434912007696,90.97120003478736,0.03481887818489516,0.5455196284604665,26.677574818986816,11.283901431100004,48.872093144558356,svchost.exe,0,none
23.084850634466115,6.9397460809487015,38.3224385579847,427.8437647712222,0.2091276250913855,3.2113643737257207,67.54890011612652,27.517105255174464,136.0380333500521,chrome.exe,0,none
8.609832674808699,2.249917300983912,13.678855438482865,119.21210047739045,-0.08451851931960733,0.8703603983532542,27.512479470904534,12.71895459414962,58.29029549228963,explorer.exe,0,none
18.752210861493857,7.444870335101502,33.88576596731481,349.22317035436765,-0.14587858919061886,2.5267652305831065,64.1173437364121,27.61858131912513,129.0478346454506,edge.exe,0,none
19.821820612793154,5.7746570816994796,32.62478843248226,178.2604768612062,-0.06534638574094724,0.7658631224427224,37.78861703465028,16.662259782661085,75.78614259942853,python.exe,0,none
18.36008514247484,5.517017491057266,29.900307907945248,241.06303450021173,0.010647139960888315,1.4625597896137534,43.88443323425958,21.35631018088023,89.41769524870199,code.exe,0,none
20.02449688970662,5.174033166675968,27.960681305721195,307.0280290236144,-0.13756477002815662,1.539453261887493,54.771118850736535,31.061508833260003,118.3015698677679,teams.exe,0,none
15.306540570258964,6.104997551426046,26.59878507424171,242.9224352853823,0.09217224287972196,1.7510576320160205,41.61010673927202,20.187038627601094,102.86143155449057,code.exe,0,none
6.035501141486251,3.0072955751198593,13.454892663152208,89.52718077647678,-0.03716457967656955,0.4452694635460289,26.126458444062578,13.098605833357478,50.38944277942939,svchost.exe,0,none
19.158353686987574,4.718617614934708,33.62233822565751,346.0975186501704,-0.30007706330549316,3.369608435122566,70.16655890189635,29.419017998504334,131.58875666913536,edge.exe,0,none
5.870706388265963,2.0819740065945904,10.227083483214635,90.105639212343,0.002101007544554534,0.3855920041758295,23.109260167224203,14.321842533233738,57.30425011361856,svchost.exe,0,none
13.685272770723584,4.7904286963121905,25.11693054147159,260.90952412541,0.05881818074262242,1.1409788650425519,55.26896176368607,25.111316432699002,120.44184106041794,outlook.exe,0,none
6.177362512050121,1.950927586909404,9.566830449050768,90.37247467839774,0.04199233230010246,0.6652974266258468,75.16146321903459,196.70512641869897,923.5479874121551,svchost.exe,1,disk_spike
17.700388319760137,6.388442471609464,33.40441060225186,351.8648977854288,-0.04585789722081965,1.2864335335791222,75.44199972851929,32.6698222875975,146.91915715645388,edge.exe,0,none
21.074849196093805,8.45634865843474,41.508259846008045,421.29463564517476,-0.022473846527805107,1.8743258993700291,79.10715466694383,29.418692224916317,155.17664496605795,chrome.exe,0,none
7.759465514256791,2.501303219602088,13.752042002321211,120.0563016098526,-0.03788329508986502,0.8214635224486283,37.615963747760226,14.468437343986574,70.0889853244637,explorer.exe,0,none
17.2813229343092,6.41981671793298,33.85735715111164,352.3072876977536,0.023177545821899532,2.32084265980355,61.665267955911006,28.722870215261782,121.30306297716814,edge.exe,0,none
17.299781211975777,4.768744824493923,27.39554225253236,238.7768721955136,-0.009228441104349372,0.677144926887535,45.05593070409802,15.379926714444167,68.62531251775904,code.exe,0,none
8.32761595665143,3.3237843675476744,15.492186000881432,117.45144143409425,-0.12905387772666235,1.3201449142524433,31.93080363206092,13.921073530706847,66.14817736811446,explorer.exe,0,none
6.43150448930458,1.9271721771320602,10.324602167584722,91.23735914296775,0.047370790197398094,0.8670739776578742,27.507012388527762,8.021788481373742,40.572333783772386,svchost.exe,0,none
18.520742651678614,7.59019027986915,36.90141586379013,305.64390019689085,-0.2475142510789965,1.6774886838230303,64.71345826174993,28.153690561295356,141.72924048285807,teams.exe,0,none
12.119195138748479,4.958069397368374,23.94601529652348,199.86838204952002,-0.08304287590070297,1.1025877156609993,34.20717223387992,16.17495259216508,62.57330114709666,slack.exe,0,none
7.434107937839974,3.282861272552606,13.94187676603628,120.9646907771418,0.03467307564596401,0.5840665338552185,28.35843539850433,15.671468673216877,61.541560057511916,explorer.exe,0,none
9.087625444999917,2.835095457886001,13.576697017468401,119.60889202090965,0.022477574962852506,0.514927412719566,30.07280446567001,11.23074658942917,47.745691944915094,explorer.exe,0,none
19.02292629431776,7.532444480965022,33.02529862352937,351.42234167249586,0.12905475508584913,1.8425349955743657,64.9866614747921,27.229639815164493,126.1960903130011,edge.exe,0,none
16.470566468805163,6.315431777787934,29.051913683462114,239.5418175397484,0.09497018678555852,1.9304339581266878,51.20353834512627,19.782352398073844,92.83639568391484,code.exe,0,none
15.469224535318231,4.934070226600029,26.042576477269254,264.3892740644955,0.28353606493805045,2.6381048131819003,47.865708120494396,24.42402310124842,102.21916872387075,outlook.exe,0,none
8.402790051908292,2.8094267589115667,14.453910627602134,299.69316377851203,11.71987870997901,107.66982819250148,32.67791642818467,16.513712102167705,58.45722071527378,explorer.exe,1,memory_leak
14.93781476741165,4.867648918603107,24.771922157171005,259.00097824664385,0.03241283395559738,1.134184420732192,56.256945155490094,21.90307131498905,103.7608189731096,outlook.exe,0,none
26.207100318252834,9.972235317057455,43.57016291039852,426.82473322713355,0.3167630771312967,3.2305215877498723,66.08348046716304,32.23572473414187,146.11390705077594,chrome.exe,0,none
16.382552115539955,5.6118296807588495,28.35485587700545,242.9824618289463,0.11396635914528493,1.3460103336474716,47.01413384876964,19.884531144334915,79.48425414186761,code.exe,0,none
17.36779168730662,6.687730204913695,28.264061767113816,181.2683965454147,-0.03940101835211275,0.9653279684384712,42.62949531984961,18.052762439731566,93.81636587563891,python.exe,0,none
21.88659340527871,8.907047415524223,46.39743491715298,313.83180409788866,0.08796777796091154,1.7699895193356054,59.78138404957365,26.568795345766677,95.27025390921399,teams.exe,0,none
19.78238329020763,6.8704819231768015,33.04894123721791,179.8832686365896,-0.022723546860972495,0.6320596921014646,36.51198068618701,17.563502584774383,72.98889033485207,python.exe,0,none
20.32390933664157,7.151713290459354,33.64488047820827,348.0737434903679,-0.17487956847977368,1.6185086767816876,62.46354706955169,29.533881433001092,134.4688451963201,edge.exe,0,none
14.609434726070681,5.498729073709893,27.34383705166031,254.99084141233635,-0.3357762413193294,3.7394874814946646,52.88341228025641,21.765928943540423,98.3749166479404,outlook.exe,0,none
14.001437591963755,3.6413584442277864,22.368517043825534,201.64710769536487,0.11259229064745853,1.3308755772023335,37.39676499766142,17.194767229230294,68.28877360259742,slack.exe,0,none
14.027407214484787,4.942023821644149,25.858210957322015,241.32366374423756,0.0717073496929667,1.1733497472630894,44.98973714844042,21.41662702106029,110.12047362511004,code.exe,0,none
21.345039722548577,6.920966600367287,38.95437375367833,346.14230174077994,0.1405391328554117,2.168353329840159,58.30695224780097,33.535755968683155,123.65965047202907,edge.exe,0,none
13.647798283292314,5.370377133415092,24.634257156091092,198.11757092737327,-0.02047062992698822,1.1238363855571991,31.585118797612186,11.865438501508029,48.40208615876895,slack.exe,0,none
22.218167426205852,6.574667175579553,34.18230617854239,418.7423739510843,0.020604686692198962,2.607881859847776,76.12048092983105,26.90175833972587,126.72654701818938,chrome.exe,0,none
17.45286830575048,12.205613312000736,57.62283551482224,266.9888413855803,0.3223897182866798,2.6050445903557344,46.900313671020044,20.047108868544626,85.66827766937108,outlook.exe,0,none
16.083654715628445,5.735276343077386,35.28650964080701,239.17171225563095,-0.026559089439498015,1.6115511744918425,42.27358304011542,19.445322607887533,90.78648010430028,code.exe,0,none
18.038637341484485,6.426109342495777,30.59607677183164,180.90206619796726,-0.02008465634465608,0.8213581254196679,41.937829123177806,14.64923382807645,68.6581536637983,python.exe,0,none
22.348302719153462,5.492793678527235,30.46309918883543,344.38588994720436,-0.2526614499687791,2.5937301535524644,63.08078814281016,30.337936178499437,140.45540073583527,edge.exe,0,none
21.1836214320469,6.722619721426238,33.043503083159386,422.14517148976233,0.28177989751986465,2.5777245492496217,71.75992057918926,31.395954232393407,161.1991957490808,chrome.exe,0,none
5.603019235663032,2.340942361359789,11.412087681563019,88.82096345268313,-0.09439837732246445,0.5946274556656791,24.915248960422296,10.570876226421664,46.15628190172613,svchost.exe,0,none
19.703031601979646,5.62835811874235,28.102124177121134,306.90601532908494,-0.13677671993105303,1.7595435558634962,58.24781287945801,31.158916105361328,115.07307076979473,teams.exe,0,none
13.621790980730085,4.462930240567739,22.450632801628473,203.97805148435953,0.18918933169990168,2.3022383550423418,30.348744030448504,17.2632007687646,58.94150654812056,slack.exe,0,none
16.284046264415867,4.9092599657186495,25.4570448621187,240.82061203990955,-0.12650641667562562,1.3621331711233131,48.104663875194554,20.48663582786382,87.51217041521997,code.exe,0,none
17.35550147240708,6.202064910476915,28.251556192480503,178.84633130366709,0.006687237492565145,1.1262891476352321,35.048274839063176,13.651964626230106,65.42694221145217,python.exe,0,none
16.821328774862263,5.1233338934929895,27.910605881798073,240.61871188623874,0.044103747239284986,1.0392368635084404,44.282464335270625,23.423437962829937,81.35233103894974,code.exe,0,none
5.554055932504131,2.187181731311945,11.045091162508651,89.85448695965177,-0.06744358370408747,0.6478693158504769,23.945489873271125,8.383466580734158,42.718999733385616,svchost.exe,0,none
13.821235880571034,3.9847288354595616,20.32028871373132,257.34178005403913,-0.27020314417417146,2.5810862469683293,55.75615499360205,31.81742515748685,112.9232199243992,outlook.exe,0,none
19.29502172258565,4.921879477112673,29.874038806907066,177.87678299717817,-0.13836899647459025,1.9666528692154754,37.94397551092744,13.87167736685867,72.12777256794556,python.exe,0,none
19.82585324737948,8.606102235315724,44.585874630059095,422.78657280754226,0.2339484302873397,3.0694478849955007,67.48162208047995,34.19673544199855,136.6767884911535,chrome.exe,0,none
15.505524532143488,3.956532709641975,23.40015173200362,241.50089687940164,0.24871473654811116,2.8554811218875646,47.36628092571547,15.06588616236605,83.96665311882117,code.exe,0,none
24.245411992795578,10.811064687152058,47.27322146029968,416.4522781335368,-0.1729483025211285,2.4746600809731008,70.2213907336811,27.453834880082336,119.85560076179891,chrome.exe,0,none
5.734850043800528,2.4992614562866713,11.04656444698307,87.98953859553765,-0.03492362133714266,0.6952379570422706,24.839480834476117,10.260149502874109,46.540060037339046,svchost.exe,0,none
6.066359961949396,2.1601681978640297,11.265263818691285,89.86173464634072,-0.06682144559947668,0.5719332146036237,23.24358801789437,11.432579691579452,41.48053536658156,svchost.exe,0,none
5.56243578409836,1.9673271530907828,9.28953029026378,89.44372749886182,-0.07273732170228774,0.6499973459288816,25.10475215954106,8.56240887116065,43.47306018137695,svchost.exe,0,none
21.25346574622194,5.741590585203419,30.856769652545637,312.4232719015484,0.06857355951741322,1.1088503974621204,58.29035682610454,29.27786602994654,114.61706824046837,teams.exe,0,none
8.556064723525926,2.8436626712556277,14.863750498275756,121.61106463604045,0.10978169487104689,1.9240329266417213,29.28714856619499,14.179248584685517,62.221454018464414,explorer.exe,0,none
34.37500461704247,30.406740105118338,100.0,314.7562310739166,0.25465465936437115,2.7281019848803667,61.44797628152923,25.396553206430067,114.97000144497602,teams.exe,1,cpu_spike
14.91037288391155,5.151180708689859,23.994750783684196,257.3172267710392,-0.019449893318433928,1.2684174723366355,58.69445485501614,26.181755457150878,123.6068708443053,outlook.exe,0,none
17.94997406637306,7.12664420478539,36.77595606167879,355.31518898135,0.32003494066929455,2.5650019809525366,67.2911547883304,26.709764193947667,127.97534453151121,edge.exe,0,none
13.759508716675699,4.534326857920794,19.571501439212323,257.88044882435736,-0.07638752926650151,1.2091192913937692,61.77573756752097,24.615837108392597,122.74618143110138,outlook.exe,0,none
18.44671476290878,7.677761729260061,32.98197593039767,350.29339341295025,-0.05223070122768263,1.7079554396906405,63.46168036814949,25.91637659736165,112.64359956144622,edge.exe,0,none
19.052763082397288,5.367560426303681,28.69063499938851,178.91706247482972,-0.06029132021284056,0.9259112945706583,42.0043834029915,18.656045348646334,72.88945289817784,python.exe,0,none
17.565015867834937,5.879148825281273,30.143528499711266,239.78125995601056,0.12985046004132716,1.7078847043269667,42.29634328590037,15.608725435797885,80.68047577885609,code.exe,0,none
8.71175193377285,2.4957232582906177,14.22611390903457,119.05810784909718,-0.03759372798868839,0.36463060396397384,30.933638831125688,11.855594943458032,56.287403347778884,explorer.exe,0,none
5.508987363059254,1.7390523276408063,9.177357042233162,89.18653045618058,-0.04433491707133233,0.6693723019922,23.319229625195078,11.978437533060537,52.98649222748837,svchost.exe,0,none
12.499168522967256,4.651811529798168,24.03923985645063,199.90287185381266,-0.05179344951010497,0.9403994227157719,31.164275299142844,14.568789138448187,70.41967528580844,slack.exe,0,none
13.086690535767591,4.377677928634633,22.106512503976603,258.5436003831474,-0.12863865810135924,1.622257828974066,46.545266066193946,24.19913919331426,100.16469882246056,outlook.exe,0,none
17.616959578010253,7.148989170028093,38.7318660092357,177.55718975538142,-0.08153585103821967,0.844289822941647,40.83820624322012,19.781453358482597,88.30888527701448,python.exe,0,none
23.94637938500025,19.827302210035707,89.48644551703231,181.17994800000136,0.08693956645888931,0.9472074275727044,38.6385758094938,19.449905383296546,76.49623623808627,python.exe,1,cpu_spike
14.338527107546446,4.356882353539193,21.453554262064426,201.21327334197673,0.12798356079454626,1.1966031555230856,37.3210606991039,18.072765705467148,70.87616035398162,slack.exe,0,none
7.7986249757365,2.706347669032707,13.648229122212928,121.27483009906535,0.10505591014717955,0.9537036496917695,33.93083727567225,12.923853467612497,72.31269085052179,explorer.exe,0,none
7.777522941825924,2.9010518790164244,13.805292585243256,122.79671077207914,0.10597932048292952,1.2976728943902,29.136118745711045,12.440095823524931,57.837526827572916,explorer.exe,0,none
6.046762085929248,2.2032805498899957,11.518402742632224,91.2741633040711,0.12082749813962532,0.9834299507256775,23.88217019253678,10.932826987513495,51.26809165958139,svchost.exe,0,none
15.433929649476694,5.788119161821636,27.731125349489915,236.64503957897563,-0.14850062547479106,1.3731249875547948,41.06480574183215,21.816517998471486,100.48656830679465,code.exe,0,none
12.35390261542841,5.315014737009063,24.08180387618223,260.867073556164,0.011595629540875053,1.3339338685696849,53.11124604426629,21.77136683865347,90.2484559968744,outlook.exe,0,none
13.127645752085549,3.328917428806372,22.597879830715904,196.1468716150249,-0.2933712334463517,2.649842038100247,32.700674669772354,12.89625526807304,57.15423905037376,slack.exe,0,none
7.797070705942235,2.5805579923874618,13.717524449487211,120.11650915969471,0.0756158792730228,1.1146504821612884,32.025482731730996,12.298469071074923,50.74323727728911,explorer.exe,0,none
8.95394445078327,2.7550995505465345,14.827430541031182,121.8678261997495,0.03963914261695436,0.9500028059137062,32.00460293571908,13.536527013519061,55.13659696895925,explorer.exe,0,none
21.05903105804951,5.953122421617323,31.373074531017092,351.2023881401083,0.21371218912319706,2.4252884271106505,65.76519843139864,28.331227668994774,124.3840649007148,edge.exe,0,none
16.406354319448763,5.874289933772328,29.13255095685161,177.8674418478053,-0.11947882363895986,1.2942710828751331,39.15636197231406,19.700232285239572,82.68772225497176,python.exe,0,none
6.784502664035079,2.8062987567150026,13.378683410499884,119.92851338337358,-0.06827205745933516,1.0082748202636498,31.75960996657221,13.29448745697185,63.677383168442994,explorer.exe,0,none
12.793964393744655,3.751470517714855,21.011917879318993,202.5922955181187,0.11177371776718606,1.085996535622249,32.54368701860287,16.446287568425888,62.88508873127452,slack.exe,0,none
22.736517549135378,11.861978119855241,51.3349373156266,417.6363982319602,-0.37659343992038996,4.392568797158421,76.15453501010828,32.54713844990705,132.65346825206518,chrome.exe,0,none
19.760050776302226,7.778291261528961,37.18796493315826,424.88848334964456,0.12643368759616844,2.3302013425913652,65.08508891315046,25.794543520102998,137.58224958402036,chrome.exe,0,none
17.053279904685496,6.692843367060541,28.26152399528422,179.99919668448814,0.05254994998611077,1.1133930608598614,42.02392510791186,17.723952556316288,85.30433705010111,python.exe,0,none
16.382322245658763,6.238645093689645,28.488488843371584,178.16234446488482,-0.010806073848402774,0.8453880747335125,37.66959371639061,13.485322790468064,57.97364578563062,python.exe,0,none
8.884382605285058,3.3710830535324723,15.405395393740255,119.17539970892565,-0.03164137775128637,0.46452635100201056,28.404313974312412,12.473238333941204,46.132452654037166,explorer.exe,0,none
8.959504530717298,3.009543563453152,14.910638298331747,120.17285189192893,0.003737499181122909,0.3765215613363464,26.980479483244103,10.30670958958258,46.2246882619501,explorer.exe,0,none
14.802568322704422,4.6485158202988375,28.352646691297743,242.54391155709325,0.06334298026389149,1.317264567025348,39.236967284749525,18.295754980516126,78.0036513845696,code.exe,0,none
14.308355330499257,5.484083605772326,24.861759742155883,241.20258251007786,0.1021436718100432,1.828773368469151,50.51053611260291,22.670785420224792,95.20405347381933,code.exe,0,none
14.187818745405874,4.30723789519449,21.594738885125192,199.63828688886773,0.061887106966285424,1.128801484039968,32.37359526175023,16.751796756722474,69.53448388885755,slack.exe,0,none
7.933084905188674,7.9151326000503355,32.0887569548078,91.64022421970523,0.08589548131329963,0.9925927695516733,24.89658304304661,11.015315206820851,45.897760840963564,svchost.exe,0,none
15.717642468263039,5.235982263095391,23.54677429313695,241.83164945312362,0.013376861306759717,0.9524777197156697,44.988489345059435,20.25775417498973,87.6918717642715,code.exe,0,none
6.140945098953192,2.1557119921390067,10.860358808884383,90.29513338849571,-0.024861112948121898,0.5278517156217185,24.022878179773205,13.072243126485585,48.97298374704185,svchost.exe,0,none
14.645805407984106,4.830219282691687,24.745591729663897,263.5673471685575,0.2833654565808577,3.4398106309058836,46.464014898884194,27.802792713668293,129.5451797079177,outlook.exe,0,none
14.678048424493394,6.406893558632928,25.812792451397804,239.28567658808146,-0.08351222890459363,0.8461903847119198,55.21326943661558,19.473089821416615,89.35212800887103,code.exe,0,none
17.757295736049173,6.328367265443609,32.977085177496186,349.8361464128567,0.1499729201261914,2.355019092720287,113.57295800060812,213.85488721573861,1101.4011522888281,edge.exe,1,disk_spike
14.599873182903808,4.416608628435562,22.72667188720913,256.02091451670674,-0.15812293118400098,2.209424301573836,55.69634791756469,23.309382973799032,109.67331328372342,outlook.exe,0,none
16.099781720407858,4.721045905653224,25.791244378023507,262.09170618780763,0.09400183354139244,0.9585710235214542,50.291146167386685,23.692189612256623,102.7362191795646,outlook.exe,0,none
19.908064370400627,7.307466732434364,42.16625238354329,312.3774766652178,0.07793978461344864,1.076497645941582,61.35331403507495,25.642739107037194,119.14478284920098,teams.exe,0,none
16.87579679492493,5.549813671636909,27.2553208376089,178.32205647475806,-0.05468257959408997,1.0031948111873248,42.14500001291217,15.96173415839166,68.27656269409873,python.exe,0,none
20.515750240387668,7.007810224078716,31.293906298593832,420.3557429341516,0.006481614313346048,1.3886876017562721,69.85823401294427,26.019998621888,121.3426801812422,chrome.exe,0,none
13.162549867382088,4.2618497445334,19.87708009356075,200.80612884210754,0.12808239145822142,1.2191409956929826,31.480959256119636,12.308343506680508,49.071596236748455,slack.exe,0,none
18.860251158843585,5.900906385907117,31.271236333109016,354.42109106568574,0.23835999657518983,2.3319070199214424,67.20370342089183,22.672533365291358,129.78775890398788,edge.exe,0,none
21.237426455268213,12.5531154793035,57.09428672905558,240.22513469787737,0.028632424671542367,1.0724834453413854,51.92175438209141,17.616071371033296,81.79542238514892,code.exe,0,none
16.740289519854638,5.227285603341722,28.290171323429163,237.03858674326713,-0.19485355662129866,2.3518268327528786,48.80217212336411,17.337717900384867,89.31357701244761,code.exe,0,none
23.970173979476368,8.450034142122606,36.81910806626578,425.7344545813121,0.09144233787928897,3.9214129032249874,62.82824187258431,21.807330643411913,105.00518334056721,chrome.exe,0,none
19.740752243177266,6.531434094055778,35.14284967004353,417.4673910252416,-0.3212854583196133,4.123564107265593,66.27291537957684,23.183411210811013,122.72138998469674,chrome.exe,0,none
13.05572217271107,4.753692518684616,25.33536557728013,196.9578703178308,-0.11864275639575037,2.2922041504424917,39.02926470188629,18.269858454227474,73.68575066182578,slack.exe,0,none
6.325958994556406,1.684579571018247,9.63183544139947,91.55082718679644,0.09647308965320842,0.8975353670501602,25.077181914667314,11.43336847113752,52.11324197625015,svchost.exe,0,none
17.258938228311404,4.71952724286371,26.380000032342856,240.93943365856288,0.018979595043165886,1.6140444226049462,42.76089571254627,15.06493757070922,77.48235973798123,code.exe,0,none
23.452477967888505,7.969298077289396,46.56390480312225,422.31525363344565,0.0337649997658995,2.731198662496576,76.1986236606714,25.717078342402445,121.39832007784409,chrome.exe,0,none
9.75560336505703,9.996565727877405,40.365660413676466,91.37678301580385,0.04772110078974474,0.3899227491188934,24.596547723475272,10.127075932813518,41.98652629966628,svchost.exe,0,none
15.240309109317362,3.892656980074326,22.83715854693462,198.87914231049675,-0.08848096667903842,0.8544451815123748,36.30925865612797,17.041034560451187,73.57545644061449,slack.exe,0,none
18.71935354676271,5.327323506587339,30.665674733863494,180.3511661927684,-0.02351277410412062,0.58355488159588,44.864794203810284,16.239125439728657,75.45171880644662,python.exe,0,none
13.002111054823576,3.6868653544628276,22.253801189294315,197.74280677675785,-0.0976452074026118,1.0362975044741374,37.05013788805202,19.011717101359555,75.14330526403805,slack.exe,0,none
14.561567772718101,4.024487555302501,22.915259949356567,256.7208083891982,-0.18784808558823443,2.5826590072470332,51.5484675026731,21.725631041228855,95.20347231155199,outlook.exe,0,none
19.37764104237658,7.809084962882624,37.00020564232094,313.3604900156978,0.2394754472387092,2.5547704763555736,56.2549494767756,28.24201712353598,124.496508634206,teams.exe,0,none
12.941716478077472,4.9435133460535985,23.399826499562174,200.2034729364621,-0.005948721712116859,0.8372358055924395,32.92023588912525,12.578663049953382,66.90654724097483,slack.exe,0,none
17.758335405615572,5.414273861141874,33.17415538898691,305.11018515029104,-0.155886742368322,2.084761413933034,63.0975180925875,31.344835229089014,129.88018155734403,teams.exe,0,none
21.413458498304237,7.068187508576578,37.09954756067865,416.9532346543161,-0.09251310507481586,1.298660112264044,66.62065664613277,27.866942126723554,107.21722469244949,chrome.exe,0,none
21.925848581612122,6.989002216391858,37.76938260599566,310.05872603936666,0.04918864687958072,1.3018762830482595,61.14005131541647,23.964453792062166,99.04481096846473,teams.exe,0,none
12.51863071143038,4.114963449997503,18.86834272324726,200.81119110860234,0.08809850236097531,1.5646729820759235,29.60402211825119,12.268862079551116,49.91814562952216,slack.exe,0,none
17.11000790261378,7.266086420208866,34.6303793325166,179.09946524814282,-0.0850289021222873,1.1356894178082613,41.38288832612263,16.60025633581193,80.15544436747803,python.exe,0,none
16.14063784115978,5.533777786287964,32.07775046438516,241.64934014173375,0.09091307301091547,1.3923129986010006,42.95251790316244,18.724888816241105,83.35095654754281,code.exe,0,none
13.451508177999786,5.617159570031805,25.000961237080897,195.76883784952983,-0.2091714643123898,2.6466408770637053,32.48762894018292,14.973866422911078,57.98012951519175,slack.exe,0,none
18.700022620803516,11.64310767200201,49.01637909922949,179.19464824772518,-0.11711111425918735,1.0493615157580485,38.180108168184006,18.871451890385792,94.45467003575355,python.exe,0,none
7.6629598113928665,3.1512097516771282,12.390241896333745,119.10898364385223,-0.08532013867020585,0.7746584402263641,32.25101203463357,13.260274800657472,61.015738099620165,explorer.exe,0,none
17.271380283603886,6.5936630500449525,29.852726241189465,177.81070183722522,-0.05493993096006212,1.0581236330792798,35.711067675334895,16.786099912614564,76.09935074867147,python.exe,0,none
17.70592815917097,6.3114093878233435,29.344477156772555,180.61494993785462,0.009790592731980042,0.5128352627185447,43.51682121346948,14.246773699125756,74.15245927985157,python.exe,0,none
13.099808382652324,4.949763338625114,22.93204653635051,200.78851440100246,0.12159795178228687,1.100366599564447,94.0867586336931,134.4845045131778,446.9210781778895,slack.exe,1,disk_spike
20.538525202369293,5.3347663086911545,32.848365614007335,314.00931609990045,0.22561433960103916,2.8012164205041907,51.802937464915644,26.68862810255685,106.20260981576911,teams.exe,0,none
20.619917444423006,8.352231210210938,37.43341134037695,312.41884702666755,0.12740147692042758,1.953667909640937,54.56487984254425,25.476362249813956,108.07120341224908,teams.exe,0,none
20.006750030462957,6.623040079736308,34.56817421008225,308.9475515826873,-0.09542085520461872,1.4896730817430213,56.091942667884226,28.58542879142203,109.97927384568413,teams.exe,0,none
17.25874357263002,5.754154564146346,26.614307548238727,175.0844113770934,-0.20950091455245948,2.2654182624255372,41.443524537892145,18.651306611757267,91.9991351070514,python.exe,0,none
16.709899188617477,6.28517875504773,31.365369768705868,182.2653646323518,0.051556906690100844,1.4247758542805808,38.29981411648403,15.877124228681353,70.44176700709896,python.exe,0,none
18.41480278830668,6.563468644908777,30.646655688255944,179.16729116398088,-0.012282266067901067,0.720700723963609,38.7215267721679,16.906782471085666,76.06637358917061,python.exe,0,none
15.45413856303571,5.298855925722999,26.28264065723347,240.11468740266704,-0.10573070338348221,1.4886000278757132,40.54713216521391,22.156489721638092,83.38055069856287,code.exe,0,none
12.720040554726808,4.403048524960011,21.24069254225182,200.05344903795043,0.05709888651539359,0.6688181194941676,132.24611828209035,260.52260341298705,935.8245064401335,slack.exe,1,disk_spike
12.715321105335189,5.11912944867841,26.667543405271402,201.11401656681807,-0.03375641361911903,1.260428201125378,36.938647384491574,16.139116513044897,71.52935286266236,slack.exe,0,none
12.564514976206564,4.069277779664584,21.295178670617616,256.2062029975291,-0.08738845042959156,1.7181847272830506,53.740398411180955,22.50892835430577,109.53003592909278,outlook.exe,0,none
19.347984487460845,7.302554597992851,35.408591610213115,308.9502836719363,0.09059976740385499,1.0830981023152626,74.29341933838069,27.863236724980887,127.04874054758338,teams.exe,0,none
17.313680723252297,8.41303681842137,34.91875074925126,179.39936991074774,-0.028761488668192215,1.05487721309874,44.74049681261256,18.64473429239419,77.91101195263289,python.exe,0,none
19.706479715300016,7.972247659049686,34.61575486395233,177.27754647294813,-0.031002484709431618,1.9459790942529172,43.52289708631925,16.964540476039097,75.433190029496,python.exe,0,none
19.25674374240854,6.361664398445474,29.890102411661502,304.9331776110655,-0.2836479041877188,3.2776051099701324,62.41952973423431,24.113087473019355,112.90920453410138,teams.exe,0,none
8.62612735057964,2.3557336344377897,12.79030832717162,119.26240859518609,-0.028396367121413846,0.47114479705535317,26.645871309037055,11.694346520919295,48.30572143661473,explorer.exe,0,none
20.427449399034366,7.821943375077912,34.70441922934471,307.23266717720975,-0.09405774349197789,2.115083471376303,64.99535101805553,30.512270656629095,129.73177209568817,teams.exe,0,none
16.865689150321845,5.569751883903363,25.945871814887248,237.725525118363,-0.024024371892342817,1.2173764521119492,43.60274519062015,25.93139997347158,91.13157207199194,code.exe,0,none
8.482774040467241,2.506170360003185,12.348537973614867,119.99451316236258,0.010893515421142771,0.48874044226815966,31.78261409185755,10.190667622084975,55.78442813443576,explorer.exe,0,none
14.658846967543969,4.602237735317727,25.936893266787905,199.190589458078,-0.13258126633589312,0.9662185518779394,34.25518051080408,11.591577434619811,62.07212008664938,slack.exe,0,none
13.639907196441692,4.1396644544246675,24.95019286270137,259.384940665337,-0.07521455541446093,1.045544885642419,61.00681251031667,30.523365949806248,119.11947444252195,outlook.exe,0,none
14.151033098481445,3.6865945656344414,23.637510545192455,200.66715441010462,-0.01916913279846805,0.5125204362630682,33.834802042355925,13.108613269830366,62.92069634467522,slack.exe,0,none
17.491886614621976,5.797082626085029,30.06161809446669,178.4882093860441,-0.0751141553265408,0.7215948767615469,40.051055760584866,19.073110777315087,79.52802903055203,python.exe,0,none
13.496721266257135,4.80709533851266,24.71537282539895,257.7452976359129,-0.19461208745939398,2.78199966994457,59.52296474084139,25.021564593490847,135.2501492097971,outlook.exe,0,none
17.728600218065857,5.86579369806872,30.373090678778116,349.5983920258125,0.07546489818810566,1.435673716624036,62.202019719072446,24.849562747510547,119.56238098715656,edge.exe,0,none
17.42801201519492,5.692943474241768,30.34353572386681,181.31899606093205,0.09802734918033877,1.3879880994879894,38.8107704330225,19.72556286667984,91.52833877816745,python.exe,0,none
22.121800423478707,11.931931095832802,61.264887676624554,312.8056369004433,0.030787937939720678,0.8925811431475582,60.88710838865544,24.728119348984734,126.03465959297299,teams.exe,0,none
14.394307254457207,4.30490247064335,21.820154117907887,259.07850100223493,0.03611954474818617,1.0943131359406963,135.09713674770094,210.43102733636326,806.9031485412543,outlook.exe,1,disk_spike
6.144457409286036,1.7516627043420292,8.789275524584149,90.26529970811022,0.02789334065247573,0.3536980387546823,26.64980224785925,9.406251453943057,45.5151755060974,svchost.exe,0,none
13.295828631884586,3.9383347145792964,21.982568719971088,203.44160914801648,0.17859499596481687,1.115005235960936,35.791899397772106,13.705619017012232,65.38220534093098,slack.exe,0,none
8.182155536363387,2.494004359496402,14.014144392507163,120.21319009700575,0.049858498083399636,0.6931384625893731,33.80262986082029,11.743519606803776,51.72781208623782,explorer.exe,0,none
21.62289975255474,5.992505603870037,33.330126564766864,310.4291218345974,0.14413123236760347,1.6866371530514,57.707890209975936,20.72154913613952,101.64944720154313,teams.exe,0,none
21.264312325905838,7.313886135030754,32.84502812778652,418.51988169849085,-0.16601555934935466,2.4305860433495163,72.9036031484497,35.0427896441938,134.56922858273174,chrome.exe,0,none
16.17697034849167,6.05390997548322,26.30201739443475,241.24017951175296,0.049138822400966356,1.0805372977417071,45.49474056314192,16.64765935219703,93.42363695505999,code.exe,0,none
6.664008702017786,2.306859403055053,10.432382123999137,91.14823904048725,0.026344016646258222,0.43866747220314706,24.897787225931378,12.719194246482035,61.288524064307204,svchost.exe,0,none
15.484451175923633,5.431134400359809,28.147820065423623,182.61307586665183,0.15810923664400606,1.5808148666701587,41.77800994208924,17.699344105642727,70.69917304903504,python.exe,0,none
17.523809926088923,7.552365442333751,33.27150627128475,352.31377363562484,0.07225887851819456,1.7007717964210627,67.979256398211,25.90932547025551,128.86888760461807,edge.exe,0,none
22.03681060612167,7.527098357443894,34.156188644873474,416.49916749523555,-0.21502039362154052,2.260732572712145,68.97369996962146,33.83451081643756,135.87375120766978,chrome.exe,0,none
15.870678293192324,5.368294056584304,25.77175511027115,241.7038619756133,0.1384306135881919,1.7729304981409453,44.32634727158544,18.004102877617647,83.97004070930561,code.exe,0,none
18.392819683025778,4.928052932815823,32.2143596947413,181.66318094504135,0.00989532476265443,0.7443504234016355,43.26484881624959,21.03522665828491,98.38762158866317,python.exe,0,none
13.48731791278183,3.6236788668097746,19.164909143560465,260.03928715070214,0.016128596316823025,0.7178590208262016,49.89108487553929,22.574959201459915,89.0083005064759,outlook.exe,0,none
19.812186226215992,5.756075311874271,32.342943062830685,346.9629280007241,-0.14896282222130708,1.1047960871981926,68.63287065611141,28.482433571391653,126.01595653421613,edge.exe,0,none
21.640250260107823,7.66150798784144,34.64968356861738,307.27107213849075,-0.21780573885808963,2.4900602297183867,55.58751406206954,19.799322137670266,108.09109953982457,teams.exe,0,none
6.34493956406601,2.297144505285486,11.237498996474523,89.38141647065005,-0.05303905604797687,0.571093527760788,26.267362897593173,13.065748908268768,56.571858941630694,svchost.exe,0,none
20.488240238751153,8.089058722944083,37.18453861705237,344.9208400431171,-0.2515786580903807,2.6541020518017495,64.43688245778925,26.281798095632467,113.21246840515745,edge.exe,0,none
15.982329145899511,4.330435070154841,28.165899846748317,238.43451436121453,-0.002538970232631262,0.9276797676022998,43.36011387355735,17.952247201786207,82.1670690761409,code.exe,0,none
18.24574788666524,7.117601529797607,36.15879350661501,349.01415382972584,-0.20769353977549182,2.237066788786023,129.07854913894806,128.48922276858593,424.5476563957064,edge.exe,1,disk_spike
12.99204543546809,4.526289724061024,24.976927509054832,197.80889515402527,-0.039846956539142296,1.0422825683800157,34.302473439169624,13.122708760912191,61.32193263830938,slack.exe,0,none
12.70661293432612,3.822381694313367,21.924605798124595,203.82587772388473,0.02676071208073836,1.2316137437282415,36.423182798541646,16.410072557143746,73.76825352088036,slack.exe,0,none
17.709440974927357,13.344269400451973,68.6984428595183,258.02801478522554,-0.08211606800424155,1.540181434108302,53.66732861807014,26.00710582135862,108.62841508844183,outlook.exe,1,cpu_spike
8.514590224747304,2.8341325253114116,13.057179497691717,121.32910757874969,0.07085032028135647,1.0722638717546935,30.82990149851866,10.658668289369148,54.26524669686745,explorer.exe,0,none
22.58513116853774,11.432381290107532,63.08575426944709,312.3927612086663,0.23382985902403183,1.8386554274972204,68.70999405328597,23.296956884623828,116.28158230502989,teams.exe,1,cpu_spike
19.53847846851022,6.102521149083115,30.74231324938887,179.2171348003455,0.0586210880964605,0.9418450115782125,40.99711026514678,16.803268716463837,68.87937992863638,python.exe,0,none
20.875471851662347,8.607088049325823,36.781636127183916,305.00421533426396,-0.2875617300024809,3.7739876792621576,65.70453359560145,24.70201905575645,114.49316968238902,teams.exe,0,none
18.789899826969517,7.352023915314701,31.48742873231371,309.6836794847537,0.04942380644381122,1.8973707968435904,53.98780915587186,23.09352475379874,104.42247091067995,teams.exe,0,none
20.253419391117227,9.04378491843002,44.38080355329606,348.15316629435006,-0.08931996323548788,2.0953763394044986,62.042318813642204,22.043097737428884,117.00081997510773,edge.exe,0,none
22.14697633383541,8.37174114110054,39.654556224004935,414.8139947196957,-0.22657949375122827,3.3410929091283865,149.64256789469698,212.03346659384928,839.4412926384547,chrome.exe,1,disk_spike
17.21447571172621,5.968066554918341,31.204325770410144,240.51435647967665,-0.19001133355625274,2.6732127576339595,43.865482230985585,21.596869630403923,94.18681243272381,code.exe,0,none
24.198985803826634,9.258181540592426,52.15545431407861,316.36191522120896,0.35979142257749763,3.3110407439592993,58.95431874976377,28.287731011898526,142.62542811631306,teams.exe,0,none
14.190449795305817,5.425162112443613,26.683580421495762,264.82175717733344,0.10990088544223037,2.0587941657752435,57.27013832230245,22.213399479294637,96.7570171304535,outlook.exe,0,none
21.552668731796693,9.72181446068627,53.35266700175012,313.32358971392546,-0.05126283119536955,1.9577566701659015,63.12909303094439,28.466717245384796,106.68378176926979,teams.exe,0,none
19.661627073243714,6.02894086005063,30.628893031113943,355.0661435532437,0.24524111184253267,3.7641145092352466,62.65708773716764,28.12291034217672,112.61750296516922,edge.exe,0,none
15.033113643580155,7.147139373911234,33.08108736355484,238.53837005078353,-0.08689772225482954,1.0488921983262536,42.630493733533264,17.89038023848177,78.81017778593605,code.exe,0,none
15.803963159862665,5.906737798191418,24.97517738155056,241.00453392019594,0.11366116351641059,1.2735388726214605,47.88844258772467,21.07758754630866,83.4411275129981,code.exe,0,none
14.551696748678886,4.435326973933275,21.989205593103442,198.94817746402018,-0.043550455354960604,1.466215977430716,33.72215206287445,12.077012350188038,62.710215825528124,slack.exe,0,none
23.406019771864035,10.645105777599866,57.9413248129558,346.63965022986923,-0.2987420291675884,3.7973033734279538,63.22588936196704,32.63573827718474,158.56905086115847,edge.exe,0,none
21.397787240293738,9.226517441046543,41.46627669467779,422.47214805371766,0.1698300687311985,2.7467887917176887,66.49643389583795,28.802757906995634,121.41256785409826,chrome.exe,0,none
17.683167602742667,6.261159902241839,33.888024454116156,349.3956933278268,0.06969043161971437,1.711538563100964,74.45529561114462,21.36370336974376,120.318511799043,edge.exe,0,none
19.692897711108404,6.302845587902716,31.693972180884792,310.86383233645716,0.04910694603509569,1.3207439824948621,59.249413570535694,21.013507021535126,110.84225080489676,teams.exe,0,none
14.557387766762908,6.698459361029272,30.232654204047773,241.09716977606178,0.046026048027601976,1.0454275888767006,45.74989199155175,22.59626427958125,83.62824055908962,code.exe,0,none
15.557403311723524,5.919223891903479,27.435786432241862,178.0890955727038,-0.1491063839399326,1.3462825528252007,40.19418936870864,18.95791672835139,68.41053524026293,python.exe,0,none
22.46881559511597,8.370619811680662,35.70576088017373,417.43251175587176,-0.1475335068568673,2.5573482260590836,68.99138742630831,33.56240978543488,175.35568276657511,chrome.exe,0,none
5.862437628500106,1.849547250872174,9.497606068331656,89.78558834889472,0.013214209963742481,0.669633615216622,25.428048246856903,10.391034072963631,55.1870666710093,svchost.exe,0,none
20.89635792103943,8.412855402111846,42.29546841933721,412.1941453471676,-0.14634730614222727,1.6024649221752092,64.69537599190409,29.139834173703143,130.20985571535658,chrome.exe,0,none
7.688169296819515,2.9827921285031285,13.222779144152742,119.85234244814656,0.01616706541723782,0.6065550986455067,27.7356934998209,15.501961340398879,62.76303428017188,explorer.exe,0,none
21.930911622165706,8.32487864748792,38.912350907329824,420.71287081568823,0.1263664214218636,1.412428644306517,82.16763713363581,32.94699654439283,142.4166685895267,chrome.exe,0,none
11.751514310970121,3.7677758489702944,22.695407709389492,201.4685102802313,0.09799716338651952,1.1910204201458852,40.111430784510645,14.419960147960754,68.63668140039584,slack.exe,0,none
13.648299312649577,4.508832992287599,23.232699583873128,256.0333379230478,-0.13128640270045935,1.2418508726390893,57.87486815690708,27.542467755669023,135.28258033775694,outlook.exe,0,none
20.768245788586345,6.832917229522024,38.41461329885888,413.4011479984459,-0.3473299846091853,4.22429654972249,68.504836740874,36.96344256927637,167.83748087833754,chrome.exe,0,none
18.421761155910538,5.6721202596597,29.46922665135517,350.80436618641045,0.06874409003842744,1.4268642726798455,75.41281608760103,25.37242099433994,120.20385478222016,edge.exe,0,none
14.32567273966959,4.418273680610785,22.54936837211292,260.1284133870557,0.12848314319299636,1.2277671412118136,59.993345743695535,23.589801237401947,131.63085882723956,outlook.exe,0,none
6.270759706215364,1.6621124444025408,9.744912702522377,91.53484994816066,0.11183227511526421,0.989943262883307,25.65374551176192,11.963447931679154,46.96484308400876,svchost.exe,0,none
18.07434767728164,6.722940665949092,30.665157628833988,352.1627417721651,0.02482126073866766,1.3059959714741187,68.04196216790398,28.401859425406723,126.73710417358014,edge.exe,0,none
17.081620453086984,6.108573361554944,31.521512060770497,350.75104561992777,0.08857973553480937,1.5599503701932855,67.38770363024,32.26086380386302,161.5361118192991,edge.exe,0,none
18.86226350153781,6.856082156939683,31.02090089567856,351.7941027010098,0.1104762736663209,1.6382266399071217,75.24037060387667,26.99882064970825,131.95463277780897,edge.exe,0,none
6.111521276512283,1.7046810274657955,10.469223065148707,89.06461726551747,-0.050618129146189496,0.8498338593321935,22.64832508996842,11.500695164885116,54.43687938649505,svchost.exe,0,none
18.478174221275808,6.168680043384978,30.45804635993033,348.0187061033075,-0.13059564391417855,1.4660245278334305,64.00266748730847,29.266773356809534,121.46288021314828,edge.exe,0,none
13.416032684019651,5.386564946159412,21.654228531695683,259.8889778866875,0.04805625607833879,1.1587311762357824,55.0269494918011,22.793600041837315,86.13604892664998,outlook.exe,0,none
39.18269763503335,31.820778297341235,100.0,422.8335715693492,0.07372593714512732,2.5245234988273504,70.97990809992662,34.07117254171064,134.5064470825779,chrome.exe,1,cpu_spike
6.242702497155133,1.7672487018336702,11.000638089668563,91.51246525280135,0.0826486539343937,0.763634450255236,28.406892080152236,10.813545756105498,55.34597952447184,svchost.exe,0,none
21.135585028620305,6.806678562579233,37.531697143231845,417.55828356713465,-0.2759718238716156,4.549104659889837,73.10494229846091,28.338285723017776,122.27561229449785,chrome.exe,0,none
14.288734387120254,4.883025712214953,22.889480718481963,199.12941933707708,-0.2119293985008672,2.1494935872287586,34.317691040384986,13.65097195881987,58.28207595049885,slack.exe,0,none
16.91036311371139,5.995137367424295,29.80540469569143,355.2419551498414,0.2478657774549011,2.088442784801875,61.85751830969486,24.209055079611133,100.89851733040439,edge.exe,0,none
5.574781926177521,2.157133246557481,11.347941410184035,90.84422366564094,0.04400410153404598,0.5292042387618127,24.5996419565442,9.76031913397633,45.81707617161194,svchost.exe,0,none
6.504857815951112,1.6580052678627972,9.386382909407072,90.08998036107627,0.020747093024298145,0.4672225536213959,28.550547438948893,10.870851404150558,45.078647573585286,svchost.exe,0,none
7.842692225003124,2.6595649148055958,13.684732817856762,120.65291308453682,-0.005032550838307278,0.515606661023628,30.012331872578766,10.722367038226292,63.28580931794766,explorer.exe,0,none
22.527174897244045,8.199896530649157,42.995280059189696,419.6468280787237,0.051512402077438915,1.6034675357200117,72.27428340952747,32.715264617671046,164.68885159325475,chrome.exe,0,none
16.324790473131266,6.755421041064829,30.51410612868427,314.41242256663764,0.11317297414951971,3.0227581619148207,70.2717078319596,29.623693715409303,136.7757226238213,teams.exe,0,none
20.87865673953142,9.346548893514974,37.25315035802952,425.809283265712,0.36080199314819955,5.358829901657023,84.6614774282917,29.48867370364766,145.3774487782108,chrome.exe,0,none
20.30876980467225,6.990743377100574,34.163755777769985,310.8538371978183,0.18698480664167316,2.897796665137507,58.84205690254216,26.34172515112881,115.47719796068704,teams.exe,0,none
10.466654069899365,10.44972263108499,43.485594125289396,117.74898821923743,-0.12821949617715944,0.9173757638819822,32.261384469548766,11.331569177663818,64.5917874992842,explorer.exe,0,none
20.67946137469158,8.365503312508821,34.451915604896044,418.5521978319673,-0.24933924175032302,2.444835448146946,75.69786241604952,32.98280495838818,168.021370708586,chrome.exe,0,none
16.24358222072797,5.291177458478949,30.7670652183765,237.22027137268375,-0.29759164595373305,2.680517715901192,47.167574697158244,16.01679181330008,81.90535863859103,code.exe,0,none
16.968365910289357,5.65848954916808,29.4814074714158,180.76474373644842,0.026133058824551844,1.495565785209851,38.25151636947611,17.16121054443658,83.21900869026389,python.exe,0,none
17.020001094738678,7.05943321899397,32.769169626335625,178.43368675866657,-0.02004305543905976,0.7108176954288848,36.712067204571774,14.875006731974558,55.799922760749084,python.exe,0,none
18.715147188247695,6.167005332966857,34.63072883972387,314.3827299171921,-0.03478447806156737,1.3491452655355287,61.95254500929252,26.96394616395706,115.10208770554365,teams.exe,0,none
17.82171382752015,6.417965596939956,33.1040680563397,181.71087263690464,0.07540973235801592,1.0464790128685604,42.96902257642513,18.31916455277806,94.46997712872209,python.exe,0,none
7.923846670897637,2.9960996500338073,13.361881372194286,118.86575454624064,0.020426615407136712,0.6396537686165771,33.51477105977792,13.572347978106373,59.46650295548342,explorer.exe,0,none
16.749090060277513,4.839649627739359,25.90796141222055,238.59043927964402,-0.018409719908504485,1.231047491135475,40.87364752347433,21.067906228405235,91.94963464620209,code.exe,0,none
19.111340676975505,6.744114369852558,33.02455756892779,423.36434313565053,0.09288282766373944,2.1211322194272038,67.30378567057859,32.45699372303469,121.61814053397109,chrome.exe,0,none
19.35132045781607,5.9479291598094015,30.95442830726203,308.0072030648433,-0.06899596913200602,1.4046743707196805,68.99328749190877,22.26683496615596,115.86649410694008,teams.exe,0,none
18.328929121876463,7.582167501488471,30.682616103690386,179.7856468799061,0.05682077656873711,0.8929682623320697,40.149859725813464,14.427619719462076,68.2799231039941,python.exe,0,none
17.47963556462469,4.266831618399692,31.524664901398424,178.22310644871743,-0.07047700205365477,0.9633597456935866,44.67112102011104,18.85495649781679,72.16156899844287,python.exe,0,none
6.414506286241841,2.0829768405127043,10.525034082974457,91.1993822715313,0.0004458473599451433,0.5456545306611642,23.44633507752121,10.746138274336936,43.46524472892345,svchost.exe,0,none
16.554914981604366,9.147139599118328,43.49239691297692,259.60494562018647,0.02861653126071625,1.2385266587719976,51.76365672871334,22.02493267972668,97.04363722664627,outlook.exe,0,none
17.900679348895377,7.674609468364125,31.821120614167917,350.7826223022755,0.05009339409981521,2.1569117076027973,71.45848678973444,24.331843876704664,140.62794697203884,edge.exe,0,none
19.43692039360779,6.182533701922614,36.815872893059606,181.46159846005534,0.06697558033529466,1.1913642888067422,43.366738088919256,20.233180115923435,92.81527909497154,python.exe,0,none
18.027346697428992,6.246867583947394,32.312907005137355,350.22749385444536,0.023409475437426865,1.6158863563806858,64.36376732499474,29.028819716790633,132.38284201814395,edge.exe,0,none
13.565938112084684,4.650782176096455,21.800720711787665,484.08861698415046,19.248978581563797,169.51143457203344,36.63970966147539,16.287838559883625,65.99842392171999,slack.exe,1,memory_leak
15.92669455564062,4.649100068459813,24.362292787373615,240.50330182782682,-0.04670414678511463,1.160375881532446,40.289513964595905,20.130845002832473,85.59525263657272,code.exe,0,none
12.689795420386073,4.68323168521752,20.74018504573655,199.42934807359111,-0.047173811664127166,0.7729608060109252,30.802649688230144,13.594355332934521,52.373251887670605,slack.exe,0,none
12.901236072568967,3.7399155929184533,22.259583527426358,197.18420011996707,-0.06773618065986398,0.7981463901718473,32.80328399003988,16.36649957612539,75.1519152535603,slack.exe,0,none
17.7562634539518,6.588134829594444,31.637239144625745,353.83892615896565,-0.04017937840985913,1.8126622319747272,63.38899309489911,32.651750400533835,131.30766990016087,edge.exe,0,none
12.891791917396649,4.972682915376022,22.09446054972068,201.4473949068232,0.12142594417223525,1.1641480576203087,35.50481565043855,14.082907390746751,63.19798059751912,slack.exe,0,none
20.387519817586504,5.850552665583482,27.777293640141426,181.33484449211002,0.048114116786626936,0.6004193609784696,46.25421097393265,15.166736974668886,72.90947224145378,python.exe,0,none
13.537658182066506,4.090714390402993,22.058885991618133,259.1246913727931,-0.03786175297393394,1.334052449237152,59.11419329125564,22.114888184439245,103.28976447623782,outlook.exe,0,none
17.449496191961586,7.676407235706214,32.24003549572872,304.8083628225443,-0.2561079885550763,3.2740060141157197,55.90659520114609,22.010935353526143,93.82464786925006,teams.exe,0,none
13.635028234800698,3.8189968995983765,21.853080589481632,256.58064456555655,-0.07650705286809702,1.2696913417676639,59.88383128442731,28.484441915353607,107.74786888870764,outlook.exe,0,none
6.490636257913142,1.998494286596118,9.99603540481789,122.93230682156829,2.234205712800956,21.117853380949647,24.128289573309456,12.198063661738582,52.60505112030761,svchost.exe,1,memory_leak
15.900594057693015,5.1586635517555,27.642484134649514,242.37883229057815,0.09849313183016856,1.134797914401705,48.933731253628466,20.81683295652759,93.78397398555126,code.exe,0,none
20.83024942114203,7.328557156268623,36.775924883853975,306.4581267943359,-0.02098446849006071,2.7424513598836513,58.986161288936366,21.44379830562064,101.35486759431012,teams.exe,0,none
8.666481419339776,3.080902859385486,14.947524047949809,154.88184715327571,2.474160412256285,22.38044439754515,27.315214367493937,14.02969999245487,54.11771355071666,explorer.exe,1,memory_leak
11.97304869154925,4.417695653924569,20.343371656386147,199.1333771395938,-0.021976199870469296,0.74337586185927,34.047802050683934,14.949646299310498,63.30129076513134,slack.exe,0,none
20.624708838531642,7.2328197256325035,35.07629809790056,309.71427525492317,0.05907675247189559,1.0749314885468395,55.93798641268176,24.94461174931262,102.12834187008153,teams.exe,0,none
15.473068090951314,6.314030338300269,30.286347838832086,178.69785836942734,0.001066585638449169,1.0660076291781542,38.977095218940896,16.506490081232634,76.71375404380574,python.exe,0,none
14.195058988204723,3.6963867320277775,21.24587813351327,255.60811482544358,-0.3478417002932351,3.216109326265716,47.86035635376478,28.468739335316478,98.39684794270326,outlook.exe,0,none
6.273238474295804,1.9170616762869668,10.760418474810194,92.56126227132604,0.1055824685389401,1.0104370075091902,27.136760017792458,12.038771127821427,49.64428399235207,svchost.exe,0,none
12.731529702135653,3.972919819064396,21.05055476730991,195.99010340355497,-0.15036340329118617,1.8098464683725317,36.761946802885745,16.016238078199027,64.23927720110476,slack.exe,0,none
28.514528462582746,27.093481401294884,94.2459457448403,180.76963435490387,-0.06823334778434287,1.8562764443630972,39.86909359685881,20.903391783486448,96.79564479914379,python.exe,1,cpu_spike
16.434194170185688,5.733088688482436,30.5390773261871,238.60344603582493,0.05873136924816625,1.278673820296519,48.74035767835722,19.8824099809629,100.79399715126267,code.exe,0,none
7.0065475338523076,2.93430257869476,12.953617681653766,119.02359892903684,-0.04306264347347906,0.5306362536132733,29.723703366591288,14.800733044800381,55.48477195042909,explorer.exe,0,none
21.00428107120355,6.784117193065162,34.37527734999527,310.94719839043245,-0.03728662843131663,1.2338014010040248,70.04139644698444,34.701077713290864,183.79683049182856,teams.exe,0,none
22.40240501543357,8.84162205251744,37.11688938415035,446.43651536628334,1.3027728847252698,20.418473083080904,71.17289029885734,37.081797605094835,136.99311212142737,chrome.exe,1,memory_leak
17.48236695427458,6.897694614586374,32.007620972624345,355.3160189374386,0.17432277110325836,2.220200791278491,65.10079547971586,29.227548074021993,139.78804922226783,edge.exe,0,none
21.59445503972449,6.937066919434325,37.135189474642466,419.428175560731,0.02999659707865021,2.6180241615254354,73.3392940984874,33.68396676195351,129.65169651248593,chrome.exe,0,none
19.32274889042036,5.79349321704251,32.67019606178495,345.629396279942,-0.14860699411171177,1.2959409988008714,71.69005236488978,26.0727559531976,127.9152735907249,edge.exe,0,none
23.97114807662545,6.401610752543186,39.37929408664819,420.3583034450461,0.08910915493794581,1.4552654210849956,61.98741550589002,29.504583000656012,122.00904790287038,chrome.exe,0,none
20.296389856125643,6.5490297199162075,34.757360588355404,307.9716123310816,-0.23154664516265483,2.8536185494124773,53.40007357217035,26.31029080445186,104.26056451093496,teams.exe,0,none
21.92892334996305,8.287327464271524,38.040874488939544,416.5833579364676,0.09244665372825693,4.123500116955284,60.56132103381968,29.507416083762646,137.6340953740562,chrome.exe,0,none
15.705966158879018,8.737619121699813,40.52433138437957,197.2535809943627,-0.12564418777742692,1.4776283421567187,36.676478127721836,16.43091781215011,68.74706610392906,slack.exe,0,none
17.501951830773184,6.705741889808659,30.355859169124322,182.38523353884472,0.018042213871310272,1.5828782062365159,36.89185479182709,15.257997270058544,66.24830149968348,python.exe,0,none
12.921536533937006,3.8958837687849095,19.87099700227318,203.36496558444733,0.18690797056422828,1.6733702251636104,35.614671637333046,11.856783892407366,58.15754190470183,slack.exe,0,none
16.055588752043775,4.805360204293492,24.87043335564758,244.4622143054172,0.19140073806624874,2.0985499812367823,44.45096982784174,18.398159789249178,86.13820055171395,code.exe,0,none
6.009470135864402,2.178540506811557,9.775473316976967,90.92523802389354,0.06461326402925731,0.4957862121148621,24.04805123924508,9.85835097774793,46.70353441025733,svchost.exe,0,none
15.311537045488752,6.101763579206224,30.901685368276013,235.49278775382933,-0.19161303084299655,1.6675883895787236,54.591638936349085,18.85916033272242,93.69078922804945,code.exe,0,none
18.791723345259054,6.692110558687121,31.917712893300664,307.37225113777674,-0.08298504293296295,2.3904329290592545,60.301276864360894,23.954367851547087,94.73010196544652,teams.exe,0,none
18.96623606856559,8.529219660796501,41.438856144194375,349.90453311519076,0.08370002649220017,1.4132862396194243,70.36480447674779,28.222573191524862,125.8624542025028,edge.exe,0,none
12.636061020206569,3.809534922674752,21.852357620668013,257.2901241824276,-0.12027569064113473,2.832140902259162,59.49959488235076,22.860389615547312,104.89398514993395,outlook.exe,0,none
16.52055718333123,8.057669129081196,41.64080926078902,242.2742207512187,0.30684222045475357,2.4576898846036306,36.53990290956671,17.79472513625125,69.69822962322147,code.exe,0,none
17.189945403114027,5.601185883920042,31.332970016744582,180.8970176772303,-0.16901936909133325,2.4773451579016084,42.09035347654469,17.47694834258377,76.77626849905106,python.exe,0,none
13.34148680568141,4.238778362660805,22.895549106297743,199.87922413452998,-0.02341084244605819,0.9191835981325763,36.80141480922386,15.685540897926469,65.82239268366317,slack.exe,0,none
19.629492487967276,6.2244676927650495,32.29875221799197,181.2342411604063,0.026782146476250546,0.6885044915092724,41.59939835747395,15.32019003307226,67.92290364812618,python.exe,0,none
8.774554417599981,10.029490163303617,40.214827395829744,90.77630203202223,0.02309052289396334,0.3905965308280362,26.077417010264483,11.4389893834139,58.41107478000613,svchost.exe,0,none
26.100505651806593,8.354889218233875,44.41548365030543,420.2678855683913,-0.026520086836651066,1.3588299646181459,76.99281020694549,28.445707408707946,136.47454996742556,chrome.exe,0,none
16.272394751806047,5.904289848706964,26.868087801102895,240.27068545390057,0.0769376364216953,1.9567682180104922,49.43765104134028,17.872463570352952,73.88885184320759,code.exe,0,none
20.431676805197775,7.243453285745155,35.82778977729728,310.95631358568625,0.02255477882917868,1.4099724449841213,61.08105025339945,29.608170068178566,134.86464861392614,teams.exe,0,none
13.681582038371356,5.637011008406298,21.884429518792167,264.0947297852494,0.14095385505959257,1.9017761948789547,55.74028411532767,25.98974541792229,98.84996974912596,outlook.exe,0,none
16.719197619025444,9.107978651192257,38.68363472627227,234.84846885586916,-0.2327711969611632,2.107868985601015,43.68634388539719,21.12224304105097,79.97195479179726,code.exe,0,none
7.750431281852045,2.342894573013518,14.075339940116152,120.1077955783762,-0.01259557563229805,0.42058655921996313,30.79534306507225,12.92512294347882,61.478199487761934,explorer.exe,0,none
22.995956061067382,7.413622245946886,34.575283610371066,409.3457416419233,-0.691981263391591,6.392635769255755,80.67990870300437,40.55423342605811,155.53881686907107,chrome.exe,0,none
7.741873571270303,2.7879279531097314,12.924694655836365,121.2084455121263,0.09582731372358258,1.151141626051462,106.46506333405725,226.5735916514196,855.6861135271433,explorer.exe,1,disk_spike
5.822726874737986,2.310465192594087,10.145091233394265,90.36522604352676,0.05195063538576837,0.607203949187768,26.939531077047242,12.211780867325205,56.50082074805813,svchost.exe,0,none
19.52306985480766,5.384204840517751,34.87872508052325,182.5771979386778,0.001780979825510561,1.1175057549562948,41.49872792152139,17.799265912234766,77.96803833951626,python.exe,0,none
18.489414247824715,8.815152796122748,35.048301434202614,314.5404156479681,0.18935311533455207,2.253909793613109,66.1695802556102,27.28220815612255,116.82264355952518,teams.exe,0,none
17.42275760329085,8.085846027234437,30.175816104002877,308.03332023795815,0.07098240698629373,1.9047120338822703,60.9875030459118,27.234808337433925,146.52801137829445,teams.exe,0,none
5.477195781590921,2.0242105568764224,11.833327385214954,88.04255431828284,-0.013425538636148815,0.6292451915941405,23.41276505984108,13.020095841809002,51.94762488368822,svchost.exe,0,none
17.376589265183267,5.266854558453961,25.206049167327695,240.84245045157874,0.07545192485828238,1.1236427867706957,39.590858008414166,19.486742522939466,82.81804043077184,code.exe,0,none
8.555176914989026,3.1848048496609938,14.8023490224558,118.77805446074605,-0.06879513776214168,0.70896150617692,30.89672112777561,11.319046194427845,50.116316647212216,explorer.exe,0,none
19.789173688365015,6.051996260963493,31.289693728824204,305.8831150122379,-0.25074213161677034,2.610684353542502,60.18601654797266,25.622711746330772,112.5463919100188,teams.exe,0,none
8.037855688710192,2.6566509788595503,14.650993198856785,119.95189333181592,-0.02736931549754852,0.6069418434928066,29.993689339852793,10.987221361957696,46.80911257467554,explorer.exe,0,none
13.039005160160153,5.2971947083342235,22.815102667604382,202.3046006260487,0.004918873839703034,1.1219368075028102,33.39073106660001,12.907471601579092,57.65869633128705,slack.exe,0,none
15.601264929037786,6.953194465135519,29.5460882836868,239.69087005787668,0.08962607252975753,1.8015098690503655,45.1639259598539,21.11653087388936,92.20488429623734,code.exe,0,none
22.61327723148527,6.644837221259433,36.03364567334732,412.2137666613193,-0.28094355297966256,4.8520108270388755,72.07176972671938,36.67658429506702,137.21644919426242,chrome.exe,0,none
23.34499674681801,8.700827507090656,44.41026446228481,314.09891397192297,0.2556452482181195,2.5316588597841405,53.659177707744874,24.004762045190162,92.96583056795691,teams.exe,0,none
13.418695325765496,4.99934355085184,22.053782870751515,262.6675189475578,0.18168320531162674,2.978020291788173,59.881669443071225,20.940421233146147,115.53096334014693,outlook.exe,0,none
25.39141065559247,8.320565067687617,43.83644999819794,420.9371956362187,-0.022717790459762455,2.1422098087757897,74.05417493958748,31.64667960838539,138.3244932415252,chrome.exe,0,none
20.02186003373185,6.632710359968318,36.118043775963244,353.11252267080744,-0.08179668414686982,2.4741923784041395,54.40689608869408,32.066965084181746,124.41503178117523,edge.exe,0,none
6.027212763796113,2.1414313141448686,11.31638765423013,92.10577243925664,0.08807479014216048,0.9761391722881751,26.494894315132836,10.211191594885243,45.66333847789105,svchost.exe,0,none
13.724099662547154,4.368101002675496,19.886876933386077,201.2129400002232,-0.02752539022469591,0.8877554755466637,36.79697268069357,13.789637244648025,70.1817040599098,slack.exe,0,none
18.69245112958411,5.023308525343278,30.143682776623432,348.7621678766843,-0.06266694673955348,0.8169144395229747,68.28889331051481,24.300700678796964,119.85885233479112,edge.exe,0,none
6.968367486305754,2.0846725741222047,10.946948661358427,87.48049892272194,-0.0532445961332338,0.6557111435334236,25.25122086344475,10.176308257995702,41.567773586657935,svchost.exe,0,none
19.800034959224686,5.760929550607242,33.073465085685584,347.87257216384086,-0.15043356836027896,1.5262991886784474,100.83218129832125,110.2890903321101,459.1037198268312,edge.exe,1,disk_spike
20.476256415383954,6.810794712792922,36.089798303151554,179.28793730360755,0.026766342153122007,0.8922558172612127,40.151980787939245,13.30191523263951,77.6248706877476,python.exe,0,none
16.507047734743157,7.988337545028564,29.05777263193123,179.7375203551928,-0.06856804655605041,1.865143396199473,41.241264563187315,17.39360152291749,70.41088427742064,python.exe,0,none
21.33312782084789,7.225212415936512,33.14067368817756,418.19599751419184,0.10857519957900005,2.963842290641632,74.82244032166712,36.711707608810194,171.87956408438524,chrome.exe,0,none
20.423065781501514,7.237001489006817,34.885435215159156,423.06986551131337,0.18370358612172216,1.584444063219865,69.1602132079168,30.578507974469247,122.32175635624841,chrome.exe,0,none
9.204728959384544,2.389406865053188,16.12282015336588,118.77898631148433,-0.08330735422742445,0.8761421371548629,29.784851740434128,9.677227419619067,55.9887219802551,explorer.exe,0,none
18.431275963375672,5.713604713788606,30.73875345067324,308.3563419043198,0.028032985569664486,1.601233196708728,58.15336068811192,30.599999555977554,134.26086551913727,teams.exe,0,none
19.269515766099016,5.135259877354628,32.06150712219081,308.68243362267157,0.0106907737662065,1.027222764806014,64.7184799261504,28.82046335653178,117.28064103222847,teams.exe,0,none
32.19350521465411,36.34888516272291,100.0,265.2157622571019,0.35931852022188954,3.8351125873069605,51.51783058942265,28.187052758179025,110.55953344003657,outlook.exe,1,cpu_spike
8.903169787259154,10.082836628171123,40.267369524678436,88.90195855762964,-0.0026413369009091526,0.4898518487276626,24.09697973529507,9.023004510831338,47.08967898094308,svchost.exe,0,none
6.197401133312268,1.9368860617173436,10.65353824309675,90.10887426398159,-0.025418651533535317,0.28220001550591467,26.28876765554787,7.669905864078934,43.25561006905461,svchost.exe,0,none
7.902641069427947,2.62765651080476,14.911263392112158,119.59048648118348,-0.04017592474224093,0.5640554550350251,28.78171689127045,11.54464016610508,58.97254675822413,explorer.exe,0,none
24.057457507314215,8.917686064342346,47.65188859664234,414.2121948673013,-0.2453551470794063,3.126993009042532,70.15963573374295,35.772968217747625,150.85907828869443,chrome.exe,0,none
11.822072130353849,4.517974279402093,20.44987324633867,202.56746567935605,0.1454556963763139,1.8082077641376317,35.745159221986704,12.09012111951143,60.58294288242058,slack.exe,0,none
16.83725854469929,6.4104962334031335,28.045721704547617,181.7419635070732,0.08264941953950047,0.5154084016353392,39.498259294978645,19.015137649692793,79.82810553114756,python.exe,0,none
6.801275598780122,2.878590205787229,10.496835814731314,121.01929256038179,0.011373793422110623,0.9083178575095747,31.15994596045511,13.259215367149922,57.60801557967649,explorer.exe,0,none
20.66774750211453,11.77291739760442,52.043606018641114,180.566187631506,0.004020365333520696,0.8423996489442662,44.68915772887371,14.998306840012397,86.18799771099903,python.exe,0,none
24.08240710818068,9.482057907990573,44.11409994331533,412.9914961270569,-0.6895152364909923,5.5297581685236645,79.49095633257922,30.090197283099595,151.8184730051271,chrome.exe,0,none
16.832263544206015,4.412314238291701,24.081094542170536,238.47924400684684,-0.014323566121150103,1.3228082182257468,40.68287874313475,21.88768093141519,84.46166994760915,code.exe,0,none
5.841931843569919,2.1974887214259424,11.115246253503127,91.9650056454162,0.08444349515291805,0.902866472793516,21.97448939234871,11.790614175987233,40.598594315074294,svchost.exe,0,none
19.92584645289778,5.68652660184685,34.90093899107366,419.0643923326622,0.08020702552424458,2.089849668320854,75.96571347925013,28.5494843403705,113.81363352826844,chrome.exe,0,none
7.610581158943023,2.435310135103537,12.079350070423981,119.45649069470363,-0.015613544168895524,0.4173345319802818,27.87797706526347,15.003409973237043,55.502703026307515,explorer.exe,0,none
13.803096520808735,4.688761768046923,20.484602123712705,260.5400531402325,0.009883721377487593,1.6464533515367739,54.34205863250535,27.453608190641145,100.37307725330078,outlook.exe,0,none
14.812225986050638,4.33734618587582,22.22248204889025,261.1714656670912,0.13497020842086727,2.277890057088084,61.15786069250929,16.186682175056248,91.315826434861,outlook.exe,0,none
18.923458833550214,21.417793949984762,100.0,202.7079286335205,0.10161474411581348,1.0300129434019325,33.852895943832465,16.324800723378498,81.03644478580148,slack.exe,1,cpu_spike
19.839457604853713,6.611141012616472,32.805908033218365,314.16996810125056,0.10202940225839825,1.1342110141937891,62.99642465227539,24.615851156938117,139.00412733484086,teams.exe,0,none
17.427613218649515,5.907693348834052,29.394293710113395,181.034088428448,-0.010552121248125938,0.785662655999728,42.76001763475633,11.477845197821239,63.8034124607928,python.exe,0,none
26.77077661077831,23.937686624378376,79.38840137655819,259.9550360699552,-0.04025019208575789,1.17515289739689,57.34028697864449,24.5734912806054,120.68307260440345,outlook.exe,1,cpu_spike
19.218972630405425,6.332559775978872,28.75981843380157,345.93596455220523,-0.30010336976281643,2.951491522994813,57.244241738396724,26.520585282652462,122.83264413659509,edge.exe,0,none
11.450956608925175,9.884526269896483,40.49664817063604,119.07737734654616,-0.011778587896076923,0.6624518678417672,32.102350432681064,13.521956169597443,63.089637051267985,explorer.exe,0,none
5.769143674401152,2.297001486685197,9.695702254611204,89.63745409645337,-0.07399275392647459,0.5713825941007692,27.453846271196607,11.389181566313985,52.90615150342019,svchost.exe,0,none
22.540931856929273,8.003645527664547,36.86539814170591,414.49616736112233,-0.26845534488957695,3.066695616346251,65.65055796548428,32.652661211039025,133.56422285478976,chrome.exe,0,none
19.83833472108093,6.481766043497705,34.174514700279644,315.30158410414884,0.09957097431471122,1.6093873797986291,62.12582037215545,28.44770232247818,121.78790250262398,teams.exe,0,none
13.894709351579454,5.976840872354283,26.394273828151192,242.4239776586426,0.06129837123106654,1.159138594047233,43.17998903245689,22.88678620935632,104.18079634650425,code.exe,0,none
16.550350238676987,5.662233179230739,28.96391543450885,241.65439162774024,-0.09035196358423718,1.5619440217835996,41.63595315913189,16.703676633000548,75.54583173970532,code.exe,0,none
7.808220779912923,2.380169067423777,12.573396709057391,119.26491808416105,-0.02078499375416006,0.36067177916499343,29.721618794315553,14.717611943270722,64.651861595842,explorer.exe,0,none
5.461354969710283,2.226457981521871,10.02037812507428,90.01959956103168,0.015324834398207088,0.5100277385834887,24.22338031444142,10.956944612240099,50.01340235383509,svchost.exe,0,none
18.239114760078284,4.665152333669576,28.47451973972047,351.8531871294141,0.17511433805967158,2.4801207097577724,67.43374257114164,33.193105693530136,146.66112530175565,edge.exe,0,none
14.377195625768046,4.882719439781902,25.67794590468973,258.1354849402991,-0.14320949780500883,1.7657729627008774,59.84794446716323,27.69381128201485,127.7355885719183,outlook.exe,0,none
16.565866004070852,6.2413085735149645,28.52292139553085,240.50103927653586,-0.06713226385015218,1.4296289119919645,46.87220184562092,16.692710408092758,75.67520462301363,code.exe,0,none
23.385970146205256,8.603412641819299,41.36228078130982,418.5289576698037,-0.13655827129513795,1.2696013401513966,70.63662997739321,24.065939893668663,111.42214176004651,chrome.exe,0,none
20.107313377308007,6.764828264285961,32.814815382695485,312.8348744812564,-0.045596649794689866,2.0177124102391004,64.83309096748269,29.554366911702147,114.41824928760695,teams.exe,0,none
21.13169175787792,7.2969758020554965,34.6146010373247,350.84859308318045,-0.062184804691442726,1.8326275585968461,69.277031901438,25.50464053407496,114.82705531266456,edge.exe,0,none
13.415259415180248,4.821718551790967,28.499543894151188,264.1232022169516,0.22445257656191303,2.340426787706582,46.25443873956494,25.2293581643002,105.48911296178099,outlook.exe,0,none
21.670894018438176,6.605019673915175,34.605211658922066,307.6441295870556,-0.031190731368421137,1.4794000695692318,53.133692129155214,28.568913440228958,128.09181588212095,teams.exe,0,none
5.953464966453909,2.0116788040361655,10.067343098098181,89.01335152394431,-0.03282468470331755,0.47410819211420224,25.763126552527712,11.663037209994766,49.61160343375446,svchost.exe,0,none
18.56437853222225,5.848748291505168,26.54607668694198,177.59235953588708,-0.09109928692877436,1.3678907805483527,33.920825038003656,16.844588953576597,63.49082195010542,python.exe,0,none
19.419447555404023,6.649666553226328,37.18162297961753,310.1664412277762,0.060376747360834315,1.409636832784473,53.574042591115706,30.2921268806149,107.4728173112256,teams.exe,0,none
19.469434576723746,5.658613787672174,31.292223573676033,181.09727781482056,0.11154517342488836,1.3655453447010784,34.94399801253011,19.037302184118342,75.96580302411562,python.exe,0,none
8.552331429504239,2.748732079210814,13.45369886597263,121.99164372191315,0.07996615279151295,1.1709452775521432,28.491102378344877,14.282660437011717,63.05564172694424,explorer.exe,0,none
22.88373380207993,7.460526507698099,37.3468874075719,422.6805125954728,0.22420372981652387,2.3873380416030745,60.43758366888129,31.433124851260132,136.84951807930884,chrome.exe,0,none
22.86676311495642,5.650872564986278,30.92009838101317,420.7825438421022,-0.24914925914643504,3.819032293864929,65.93656743890354,26.681683167345465,117.15028464454392,chrome.exe,0,none
6.21789141978007,2.16882031723498,10.612966668210806,88.2560778244548,-0.04837558322365728,0.7051709079781016,23.475126437121403,10.42398076582831,40.40688837634221,svchost.exe,0,none
20.228619022988134,8.61608461954603,33.360165294088304,421.6904586398929,-0.11006204960335708,1.9210400967907397,118.17218650797591,133.8137689894249,581.5403015530026,chrome.exe,1,disk_spike
22.857513630923005,9.356532250570623,44.01350622697335,421.0518632732389,0.036886110925555236,2.62263542808932,56.69797194648654,31.566728427476995,123.07959264641278,chrome.exe,0,none
12.155226781222916,4.842387991323484,25.281843383804677,203.6265586296952,0.1255565146644983,2.0841603986207957,35.43777569046821,12.303109412962309,55.56683081918739,slack.exe,0,none
21.949284271869733,7.366674215485533,35.007155395664945,394.28219736258933,2.3936670507874966,26.975199733115,64.87378516964459,28.507279145228395,133.4063558151198,edge.exe,1,memory_leak
22.600947563972568,6.566311889111756,38.49068652670255,420.30337834547845,-0.00024183358067944027,1.5212705581715549,69.26539994114407,19.57957903213233,97.02624025960034,chrome.exe,0,none
20.094352100076083,6.310177209786624,31.806363727552352,313.18786900766577,0.3787662079423929,3.8449235369216948,54.17869592436706,25.330627922139403,121.72501422102586,teams.exe,0,none
19.22474395755706,7.549206237237464,35.23723670833751,306.5729081090075,-0.13714570349697888,2.390431345841018,51.90011683871265,24.91816489893687,98.43576891342997,teams.exe,0,none
18.719005166919448,7.7691431657256445,38.28717344955356,177.3880314780476,-0.13075092223384105,2.136799250775036,44.69795027665989,14.049920006675,70.31822175570898,python.exe,0,none
17.44137594098765,7.015360719441701,32.329276092622806,311.1158225805254,0.10941330452390995,1.6467002593831224,57.053776197043284,26.58782815056859,104.43801507064777,teams.exe,0,none
16.581930024286326,5.703995633583662,29.639222013789613,237.5085431572131,-0.4090939644571146,4.460310391787023,44.4141279241751,18.224096939485868,113.56073651865883,code.exe,0,none
22.191961106891092,9.010518447596505,35.63664898461634,348.65772748214965,3.215512304406798,25.27357544396322,58.38048841434578,30.0796277416572,150.6582730394368,teams.exe,1,memory_leak
18.249438741042205,7.392365787363004,32.97277141190814,346.9965370383858,-0.002290804714789374,1.7979834826965146,64.72622026434074,27.941636807229667,114.36464065781729,edge.exe,0,none
12.935775098607396,3.457912340902165,20.98551597412599,199.8716422364275,-0.010162656687905761,0.7574399089416307,37.42579068065411,14.820461065415957,67.24120834476346,slack.exe,0,none
19.029118044765788,6.8032209144448075,30.489230468274123,314.40762734869253,0.31907917582792605,2.70482483426208,61.10692259090687,19.413074355890902,107.62080126457519,teams.exe,0,none
9.019654344399209,2.8247694521239985,14.069853910645868,120.84813431808054,0.055991620120897305,0.6354616603791033,33.88661084179369,11.949090935784882,65.389390694132,explorer.exe,0,none
17.167305075825688,4.89665733294598,26.050971422563272,348.91051448901504,0.003567580967876438,1.6215967407627137,180.33988287426945,251.96017399263474,757.7285257673879,edge.exe,1,disk_spike
18.033081424253922,7.013779106468368,35.79236722731934,347.818893462957,0.013784506517377318,1.370659330537271,59.45653129684918,26.38972951610968,114.41008962702091,edge.exe,0,none
17.530285513566938,8.21126408842566,36.284696102539655,352.8371293996874,0.3639653070389272,3.5077081358627167,55.16168585600625,26.32720677212054,110.59449200437564,edge.exe,0,none
19.643417338405197,6.92838593896847,33.79999215478094,352.1354573893766,0.2758009735001944,2.2292276806648026,56.625252584070104,29.54967517863623,126.22187070226282,edge.exe,0,none
20.472130766917278,6.90426567818003,32.38606769368058,312.495730736105,0.1715687142059873,1.93726043654978,59.1001174171132,25.080395655249585,99.72637134007229,teams.exe,0,none
13.133531893717308,5.088499097863239,29.31577339615798,259.9570531123142,-0.0450267967086063,0.9761494416340829,52.92139768069451,21.444540618953692,91.46331339809097,outlook.exe,0,none
11.944165062111173,3.9480691897405866,22.80830580589422,199.5411689806303,-0.0049757802106417635,0.7195409549544305,37.83924487136083,12.18237006805456,59.03119699481973,slack.exe,0,none
19.572793741409704,6.733210751390274,35.31572950110123,179.50475771468754,-0.1029993584719648,1.7516776831656895,35.07282161529192,18.152108583753673,71.46886201930181,python.exe,0,none
13.40185761915564,3.964448417308353,20.65663559272695,205.22484325475563,0.09178194067601643,1.830708790774442,35.493203010202244,15.246023107497772,61.87739152894009,slack.exe,0,none
21.20236321253566,6.869082178758448,34.63929099961405,316.16332385620666,0.08583268238159765,2.496059498910403,57.28792643039747,27.488321976366283,108.84887499938198,teams.exe,0,none
18.961417110646313,6.555669154392618,34.801710212164124,357.9927498298775,0.3698567837894283,4.6633562814015805,57.22105711347446,20.488069530939256,93.02321513094753,edge.exe,0,none
24.262079798633046,7.870601539978997,40.69230308895797,717.2504590292741,20.475003401336327,179.71259120351823,84.50884985684384,30.29614589511888,153.66506236404234,chrome.exe,1,memory_leak
19.46276870061824,7.331758371636164,34.51727434216269,348.7688389578988,-0.006129074064887163,1.1818073668004954,67.82277748287238,27.281130089197667,117.76786340208875,edge.exe,0,none
12.129514439093667,4.450992204224866,21.13111828538557,198.28200998047217,-0.13487472838751652,1.4085362079684438,35.106828689171984,16.524802891970513,64.63158771387728,slack.exe,0,none
23.551397699612615,6.817690149939161,45.664797600117964,417.11126605017137,-0.048987201999151846,2.7449707741011267,69.37731414481397,36.18736277279514,139.12397240859326,chrome.exe,0,none
8.966433167230361,8.984876837998193,37.15665038752249,90.0433752565434,0.002761251546409464,0.5392440774095124,24.91041647684165,10.024407017253678,43.251941233047745,svchost.exe,0,none
21.454008685625446,6.454511316820138,34.97758749156573,315.0177608531232,0.37789507162426805,2.68166231176634,58.51154226325335,31.361101496803535,114.50743614673598,teams.exe,0,none
16.426326985712382,6.072172895924656,27.971869387460366,333.06237935304694,5.266142969821676,46.25355490280053,60.54933397741532,18.82094744994528,96.3513520577512,outlook.exe,1,memory_leak
17.14562801375482,7.742090200906928,35.38631682597055,180.63712697628378,0.06799810385844202,1.5902576297875668,43.99492939258924,19.94737626919276,81.02190954307287,python.exe,0,none
12.23575986153572,4.83472650473093,20.3832697183848,203.60299187389813,0.19856716548121084,1.9121337374751235,34.30541007650399,12.510726024186127,58.2809568424496,slack.exe,0,none
14.372089042243253,5.313360150380723,26.49966413441843,260.57090114282926,-0.1570144295360592,2.4741019330212732,54.1873316188814,23.01223546946133,97.165855835194,outlook.exe,0,none
21.697522456038044,5.829636593080067,31.09292952912218,423.8236785613104,0.05163528351086863,2.7709257660703828,70.49684096871597,28.884279265353513,116.74395536675155,chrome.exe,0,none
19.50133444810772,7.908443662540723,39.45463651827932,310.6955085142236,0.17705681372233356,2.0510448451545877,55.05429563186978,24.127154282310105,102.5227874704592,teams.exe,0,none
15.241940875115912,4.466162563118213,23.7025430431911,259.8944768896089,0.13581175094733264,1.4591183431505872,57.16618222663586,25.57666414899345,125.26568282822058,outlook.exe,0,none
22.44354416633947,6.07835104831967,35.977543689771345,418.1623302727208,0.12591457346514023,2.437943955904323,63.754341249572924,29.220232744720317,127.72004811830232,chrome.exe,0,none
17.75123643845359,5.876006714488503,31.77510659926508,348.715362924749,-0.13239400691634085,3.0688328155727285,70.23580261871858,22.376068586260207,110.19831054802637,edge.exe,0,none
19.859374683960667,7.620261945610701,36.321931314275204,311.9705233471764,-0.009609967188394346,1.7058604945939966,57.39738461401445,25.398090634894984,101.971496414081,teams.exe,0,none
16.653640671022913,5.24293736876824,26.71476553883557,177.0938326103125,-0.09162240806547382,1.8382432852975772,34.25080004290396,20.17625348230872,71.23622040899181,python.exe,0,none
19.008554481877546,6.477719168562845,34.95885796350024,355.03123373297126,0.18437282650435804,3.6564075532359657,51.74185450104444,26.6933365419088,99.22484664858317,edge.exe,0,none
20.532552959392742,6.32935453980459,36.56607854638591,311.4288105883467,0.02248246925827478,0.8929353472747619,59.62303430824863,24.54301804324557,112.13066483412044,teams.exe,0,none
19.889736022567057,5.091784108607907,29.62298577271175,351.3215963039385,0.07657014353781998,1.173545934799234,71.59793793023064,28.985004042903476,138.22933117909415,edge.exe,0,none
17.700931506595076,8.109205759525478,41.23048391235148,242.09136363091906,0.16654720205541101,2.1007381113314656,44.190843558008154,18.405607682451894,94.18290315958696,code.exe,0,none
18.865597011128408,5.927393330291067,29.288145082775202,346.5137844388154,-0.2346652684274166,2.4930177569841763,73.44077834334078,24.33219878099158,137.22398407326492,edge.exe,0,none
8.183757037325282,2.543273703008283,14.279225271198404,121.60074876898396,0.09392268517682065,0.7365484334007717,31.78868742104138,14.014540000954197,54.91369723767683,explorer.exe,0,none
19.94457320309136,7.406541160251094,39.76928593841255,421.1086459929257,0.006787716349416921,1.4426094913290568,62.7896027797782,28.505270340177937,113.94289918517393,chrome.exe,0,none
19.663715986405602,6.173881894721305,30.21808006025769,180.03428959332464,-0.025266494258877968,0.6378642104367759,39.00587736495016,16.816640233615153,67.08972216938204,python.exe,0,none
12.791507644009142,4.149978660205215,21.583754771993007,199.75947893259902,-0.11231806231832688,0.9034360992774958,35.73316794526912,14.993802315084567,69.01252639212024,slack.exe,0,none
6.1890145633320115,1.8913049999156832,9.172538750322554,90.187068429132,0.006084329856825832,0.4730775130938112,23.600006066301287,12.484297590298445,41.08735941992063,svchost.exe,0,none
19.9834889732894,5.5459330031398535,30.526614158876896,351.1862913581546,-0.004148581322080721,0.9121198018647831,67.57074731968586,31.02669221433444,116.1299537530721,edge.exe,0,none
24.22870318480527,7.6517868337439365,39.50967416302027,417.930500268872,0.269468921919569,3.437376108372186,74.44482067576504,29.65472159507267,130.17837047164008,chrome.exe,0,none
13.987796615813233,3.862645672921439,23.864476410086027,200.7180714840465,-0.07352033380957437,1.0286028602162816,34.96024396036263,15.98866594934899,67.88555817901155,slack.exe,0,none
14.531403260980637,4.1921837433121745,24.734059865491858,265.2787062433529,0.2611715304541747,2.5454037260248064,56.87638905811461,25.338009731499188,98.34761223426761,outlook.exe,0,none
24.951856944634507,10.360457732194796,50.76123590165562,308.64523120173396,-0.13229190576005673,1.18755408407089,62.39886073196302,27.007751688028314,108.7039886854634,teams.exe,0,none
17.69108784224899,10.415594459428235,46.98478811797277,256.8511382130743,-0.07739732349393004,1.4441365177340824,49.63953701773939,19.282320940517668,80.11254805436272,outlook.exe,0,none
8.076744250698798,2.943743455944363,14.371647677468115,121.33947221202996,0.10729188425867922,1.0034371038533758,30.63377522177056,14.931702933373172,62.64821325898175,explorer.exe,0,none
15.752100104927667,4.770955818170492,23.856599464928006,260.2721746487488,-0.04671746492954488,1.4009132114600313,49.8182952745842,27.017269275313318,103.61230121852842,outlook.exe,0,none
12.758393130403704,3.7355838105938894,23.351500241101043,200.6780556278056,-0.019603981142663922,0.8111429852332599,32.745486748413796,17.114658144383263,58.819656900087935,slack.exe,0,none
6.7451487196201,1.8000534543532627,10.220596272839368,89.60827945320288,0.004627425884730485,0.31605231458734356,23.70325912035613,11.13055903799763,48.10750324530823,svchost.exe,0,none
28.99407842406607,20.7554796374532,82.06579394666825,348.4500159048727,0.13673523197512244,2.0677250318096925,69.82520709245752,30.110179902156798,116.334956003434,edge.exe,1,cpu_spike
15.126323821939563,5.004027498514043,26.06796740544989,257.5654443493058,-0.19840210722868884,2.4204711234247567,52.4608263313627,26.163213333674047,113.53391426861964,outlook.exe,0,none
14.728254981693425,6.6558847047042775,28.45116053220898,305.37119695645816,-0.2728621902233859,2.8370307102250587,59.207683381723875,28.13643885724206,106.74148792541317,teams.exe,0,none
12.938233537446612,4.1803732232745325,19.150272874469355,201.90422520215205,0.11530096989065441,1.3768551374171145,32.54699538954037,18.86912415556027,63.49283461973195,slack.exe,0,none
16.85615758407192,6.467012262641615,34.75334749057717,178.28083017494274,-0.13452341322431588,1.1469072055606067,34.87617765485739,17.17470235530936,78.58713741479008,python.exe,0,none
16.308803393456394,5.743214347893641,24.850091863526792,239.84691274665266,-0.012707551486411717,0.608165923661953,50.415883496482294,23.06687637179363,94.49695915003717,code.exe,0,none
21.965248957037147,6.133731747760918,33.517917484632626,421.0813486999101,0.0090334193922691,1.3752878153646897,70.59256243447707,33.54604848245924,126.83188263555964,chrome.exe,0,none
19.113239446178202,5.907654207480605,31.445882273245374,349.34299936393825,-0.07814209380454523,1.5183127796195548,68.36308252932697,27.357721584382567,129.07175055128744,edge.exe,0,none
16.45034351705113,11.759253481085695,65.73703031070386,199.9763642953335,0.030022263218677382,1.241777523320639,35.44490299356876,11.935178192553488,50.652163919243776,slack.exe,1,cpu_spike
14.957748936957367,3.7587424103438885,21.691608134546396,259.4482261290807,-0.07082511767922028,1.0891344677395403,50.93181083004444,30.245861438718308,133.3800177564459,outlook.exe,0,none
16.13580070911094,5.229973179983756,26.34165738853939,265.43145018323145,0.40058392144308264,3.344611994643913,45.82116701096068,17.840778177085593,78.49621651377414,outlook.exe,0,none
14.846390880733306,4.413953379064721,22.210842277459353,257.87584577162914,0.019879418170167657,2.0549090879339538,53.71957568753453,22.84406374999035,99.77667068323468,outlook.exe,0,none
17.836753128446524,5.485982464242105,32.139357557385054,179.04987422224556,-0.0176687271165027,0.8380554011996464,46.3143843404537,13.003057446555825,72.76769887323374,python.exe,0,none
11.725356681973919,15.23535759623291,72.09735528201023,119.68320421217864,-0.023640107083731248,0.8221156526005035,29.609376857785083,13.07418117859674,55.64759354820902,explorer.exe,1,cpu_spike
21.480357401893446,7.343040983998015,39.05844027244362,415.5778286280793,-0.0826850680364051,3.417435700712476,62.05961168057713,31.366188619731176,142.8750030069451,chrome.exe,0,none
6.731430656041109,2.20848254289228,10.550493049013564,90.31826741652382,0.06267038386111162,0.8865346988642816,27.813212458035945,8.90746194847278,50.30729638589709,svchost.exe,0,none
7.3748923727422815,2.8513703426659993,12.126673519092394,118.54736783340597,-0.12597774914240698,1.0848888876259288,28.07001755225331,12.956325907570731,58.62557672338727,explorer.exe,0,none
8.774628966558883,3.195604691292684,15.899824511842315,121.27088433965577,0.0062234586943887395,0.7685816999203161,25.645215541515718,14.809789068221276,51.56481011053045,explorer.exe,0,none
8.948131266214682,3.4292366975951456,16.005109397657897,119.94386149760767,-0.10746795294649729,1.0323068912163031,34.895974237197194,12.483240368826438,58.830300992937,explorer.exe,0,none
20.730157972213973,5.617357551357675,34.201242494648746,305.42413707436634,-0.2959463609255124,2.6252594023065723,64.35261916019755,28.426024275390212,117.54731160326074,teams.exe,0,none
19.603588229705117,9.3435657814242,49.45167963782559,349.5886363369514,0.07772334851257862,2.7297554343657002,63.68888962177725,33.27022374227672,135.6556365547691,edge.exe,0,none
5.1412436653594655,1.9964603849716536,8.840935025060144,89.82780275072354,0.011132261847507152,0.2961958137312277,22.808657886367175,10.644766505076277,43.85480561657572,svchost.exe,0,none
19.02135444781984,6.350425963929011,33.06550692363399,359.20788315646774,0.32951993489353415,3.782241119077004,67.19459388195429,27.49696876505149,118.68029648847698,edge.exe,0,none
12.447304144839798,5.531378180437947,21.526709656900888,259.50020065986524,0.021020161560585393,1.3118219776370472,56.28286947264337,28.783115874064187,120.77997749997574,outlook.exe,0,none
7.791355329724837,6.354246357717152,26.08921503738413,89.81644089063407,0.0002680509536853985,0.2931839436275898,23.7312083562478,10.44774560539495,45.32910202656363,svchost.exe,0,none
18.688334524312793,10.96514218127951,53.88623217426367,239.78725579198536,-0.18067236029314984,2.4702066524220703,47.06747905808097,21.932698975268153,101.08970620528481,code.exe,1,cpu_spike
13.925418980402553,3.966187482106591,21.995819401619368,196.62599699807808,-0.22899162725573868,1.9635266746382494,31.469906475326162,13.629674894561967,64.48660254391953,slack.exe,0,none
19.481412563818605,7.925705314602735,35.84683950405031,348.44426034070403,0.01314496353886625,1.0552216120751743,66.16066325670973,29.286368531999184,136.94386837799175,edge.exe,0,none
14.939493161956987,4.258723704225875,22.489284819550466,237.51728972016306,-0.11741610606651894,1.0608535330077458,49.158212931514214,19.10867962430704,84.59860251526672,code.exe,0,none
8.227347884753415,2.223827981452677,14.235333655408896,121.30099644844441,0.08621354608623145,0.8254793768709254,29.9519510908424,12.648558607112795,49.45996645780867,explorer.exe,0,none
15.809006635258458,4.645777652943519,23.89530924342722,237.258885424048,-0.16946582105516275,2.1523909248759203,48.41397209152422,20.47927871219148,90.34538555139764,code.exe,0,none
13.293695366603815,5.029490882862903,23.489957037461153,266.80534151162067,0.2082109415745265,2.551066754252355,51.82044917847458,22.104776659569698,89.52695475569607,outlook.exe,0,none
21.993267651539597,7.442416928329256,37.036319288626075,414.565981774741,-0.49113367830118854,4.928240516003823,69.70024682421159,30.394754473753665,133.4183083252185,chrome.exe,0,none
8.166533304983117,2.824019168877775,15.583813465166399,119.87045084486263,0.010522480250596782,0.4633229349467363,153.2541283178746,277.01775636483734,829.1207949067889,explorer.exe,1,disk_spike
6.753085446999068,2.2043190251184552,11.683984334491534,89.50270349357015,-0.016474852668126042,0.307957033729451,25.069757128068762,12.388237513594182,49.01746932481319,svchost.exe,0,none
14.461059950788814,5.711809770856592,31.75890818121608,262.7477357122845,0.0959186190400203,1.0805334952315369,54.624171376368594,26.11891203149482,111.3443574127086,outlook.exe,0,none
19.66394511234788,6.171817720629913,32.477173025184754,353.3666557682977,0.003487957421630957,2.2907633860598273,71.70609987851213,25.489234987136555,132.33525714782974,edge.exe,0,none
18.901477093955286,6.344804668126828,35.48544446182338,350.93088161469313,-0.057061664986141146,1.764569933912663,58.80520799256744,24.67190438894867,122.44651116535516,edge.exe,0,none
17.305837180293576,6.538473552795354,27.547767705928223,241.8856442425957,0.1707717530419482,1.9269441364258302,37.345927580971335,22.035380130826287,94.75835707620041,code.exe,0,none
13.055654309679804,4.379695462874387,26.57515614698866,201.49288454493254,0.16434218048831042,1.1343519987001396,34.42459036618864,13.363383350935365,58.9810637179481,slack.exe,0,none
14.63651147513113,5.11864325328591,27.294631952070567,259.2422797482937,0.1329988032665407,1.9187840096900328,54.97987981503074,26.42421469176042,107.30704773389698,outlook.exe,0,none
17.949938885763846,5.881320268892115,29.003795565568964,179.83661531893435,-0.010345499909789169,1.0532239618663486,39.21137565345785,18.965220081859226,89.37295778355778,python.exe,0,none
16.927533548879133,6.442363086677996,31.764049795438083,349.4334724088609,0.025775301984972052,1.7822580714504237,67.27780062584421,28.08634398542487,104.78175217581293,edge.exe,0,none
15.54226809454387,5.900784119503516,31.763048171624348,238.80215071855665,-0.0677230660064121,1.5659264433396423,40.416478480499634,22.13463754198337,87.75176040236397,code.exe,0,none
18.122775863611977,6.825509730287796,30.695659527633545,351.8386705403562,0.15237327349425792,2.6529960600652593,58.48844472659176,35.652326230345444,141.283402910702,edge.exe,0,none
13.704759519328253,4.7564146602047925,26.46888167915673,200.67155009079622,-0.006628205153256772,0.8163026858527463,34.89635037512408,14.476530605821408,66.11945453849967,slack.exe,0,none
21.96934833756837,6.187335245878657,33.76057384873735,418.10735972076577,-0.12434895443177349,1.8913953021555145,83.70171973094479,34.05213632967978,162.11289734547495,chrome.exe,0,none
19.770135381706496,6.89952005874729,34.206859852909304,180.81919962377398,0.07228915486197897,1.1625061112243273,42.89529250148769,19.64437142020483,85.5742841993592,python.exe,0,none
22.46924762578165,12.784757401617776,64.2523115436825,410.9105527387938,-0.5266387824984083,4.993081343291257,66.86564180328227,35.985097847607086,140.2724229757104,chrome.exe,0,none
19.776501649180158,5.281235597005864,34.77521987968634,308.7438335792257,-0.15023122919523074,2.3100489792277865,79.20771284069107,80.61812960732375,451.58975645873625,teams.exe,1,disk_spike
9.120316098581274,6.035577417121592,26.495016565504677,121.0191736079508,0.02988992592733742,0.877373433261293,36.22840497710281,14.491888350300503,68.88509179894885,explorer.exe,0,none
23.318565855804568,7.176340607448501,36.14806421261687,418.40867849302975,-0.18570847089960124,1.9639676484725674,68.31546956351576,24.813031827492857,123.6250271981248,chrome.exe,0,none
19.034874665494453,7.245809894329828,31.65113896967467,180.53064559807163,-0.04763588330204603,0.8236572673555157,39.324853234561324,19.0981790274545,85.80580190953776,python.exe,0,none
16.47429802691893,5.280840745320568,28.75871864896608,236.9548000206174,-0.1723745583750836,2.3596964168153436,38.429281697478096,20.086958961565838,80.83358012261976,code.exe,0,none
19.216676297501888,7.136455302587423,30.934193644114742,419.272724224942,0.0604863226915351,1.67679784685754,66.40837494980589,30.84629183044338,117.12342623014572,chrome.exe,0,none
13.389388140531432,4.683603210947026,26.128369188283713,263.1365762099265,0.19911615644541789,2.141545226547663,54.21163119503922,27.69995496225532,129.1387548547567,outlook.exe,0,none
6.390684416077317,1.828436757657856,10.545270548018204,90.08774122331478,-0.02671098012217167,0.38259584514701334,22.892187513835193,10.632490164312008,48.25389464322903,svchost.exe,0,none
17.712801128524625,6.816050350549304,28.920366663247435,180.198025906173,0.03860813280167387,1.0114814689812939,40.26711436121593,19.015599647273437,71.92933795751175,python.exe,0,none
16.8171390948555,5.965147542912518,27.552174702699844,237.79964967860886,-0.14055183030116136,1.157752543464666,45.290775729808395,14.902972257125935,94.53356704500567,code.exe,0,none
18.83519913047136,6.114387006575903,30.46923517149667,179.46492723844275,-0.0975909852748932,1.0343918207461646,42.5397291460041,14.828881000495178,78.78634842091219,python.exe,0,none
16.24676452059673,6.605846374747703,30.19478839884256,374.08366118643335,8.391351794062619,66.37445616247793,55.03299098018403,26.04465497167956,117.11006839008272,outlook.exe,1,memory_leak
16.80089798765009,5.473617291254219,29.72197361022722,240.43906208043862,0.10283163358874485,1.1061210485921307,43.80228235050924,17.748855083878933,74.27855880344069,code.exe,0,none
15.321383360138096,6.899978482076388,33.350377306583724,241.15528415611655,0.08735200784333585,0.9809110134476351,45.968803311319455,20.09894262901055,90.03742872632526,code.exe,0,none
21.75623296998783,9.133761433935733,42.67995232377291,310.5219115891344,-0.15038990630753232,2.214942224373331,60.51374369309246,27.377754263893753,104.37622686345131,teams.exe,0,none
14.933872220868155,4.353486254559042,27.984721511744187,242.21811197196328,0.1448402434065798,1.1430798013357684,43.330796122786616,23.747057804456595,88.72742978086985,code.exe,0,none
20.11805606732349,6.270598787457154,32.24789675624723,313.441003986256,0.1708114302216927,2.224428996577599,67.9855154690138,23.350752200892337,116.71338250216083,teams.exe,0,none
13.381158941994265,4.1579800017102135,20.60454971139832,199.5043679869882,-0.07502297466783148,0.8295925452501667,37.36324662656469,12.901915230453012,68.5166492927948,slack.exe,0,none
20.49574347256594,5.956874622682199,36.23796073657611,310.30361413626935,-0.06830504092877732,1.8026551265828226,63.66090080081165,34.69220565995153,149.45805033905424,teams.exe,0,none
19.669684642438106,7.6052468943895395,37.823180232933126,183.5722277703458,0.14776143121385416,1.7807061737500989,42.78017465718578,18.428081512231405,71.15977540514334,python.exe,0,none
21.006447700236023,7.792214548195878,37.40296183292707,423.8423146395788,0.2576850360409177,4.563850701777857,78.00265602115934,27.101097318732737,136.41286590920902,chrome.exe,0,none
21.10139097348714,7.937796724321197,38.72981364574714,418.23559621107694,-0.19618898072385113,2.624583063305698,69.65902032349692,33.4736657651943,134.76859462159905,chrome.exe,0,none
15.196485868411694,5.6688652165922715,26.594977040011266,238.862134428082,-0.15165963991604106,1.0512897825174148,40.923014957336385,18.21596944837558,79.47664589837451,code.exe,0,none
8.493026040302485,3.5901462856796282,15.731139827882467,120.10418696057107,0.04538047219617501,0.5318575850568555,35.26479452761676,15.200782024296371,58.694758571118065,explorer.exe,0,none
29.777922415977688,20.69242326237053,90.53220209450002,425.0354989827733,0.3611671488767797,3.4759512627938833,73.50242386248371,30.568930745639822,139.10359420802757,chrome.exe,1,cpu_spike
8.26306493144378,3.519526567083026,18.273524149357698,189.62683362791313,4.690504612369135,41.868262275273885,25.96342363006125,11.563013380315125,50.244130249951965,explorer.exe,1,memory_leak
22.07172896060259,7.511214788394857,48.435409006052275,308.38656948581036,-0.1555673844467435,2.01118049753805,63.14621484566372,28.954863352775668,134.5869714158519,teams.exe,0,none
8.00005135774979,2.659548105470319,15.454300590681036,120.98900627154129,0.050851521162852485,0.6307059413643533,31.17275668743788,15.324527349564546,60.29935163388674,explorer.exe,0,none
16.257024886121556,9.402811232901106,44.58538550312659,262.6961801442968,-0.0008480270691412291,1.481509678555103,48.81221651362171,20.980802520039312,94.94221235683852,outlook.exe,0,none
19.44583426224303,5.853039038056171,30.057145315073715,283.77547686801734,2.4744024827733813,24.120056473480737,47.398094422645094,18.18996293737923,93.66589145484423,code.exe,1,memory_leak
21.059476307102504,8.445417220604106,42.31472189080613,422.4799464322656,0.11912328857550847,1.5851950031263844,68.05268031950803,26.048699141574268,130.86489439812416,chrome.exe,0,none
21.412273191643376,7.0326166449055405,33.95604106875983,541.6088261172486,13.171451706933654,113.09962038349572,60.91761720982059,30.735019989616184,119.18013992980391,edge.exe,1,memory_leak
15.167798632038197,5.484079652997433,28.808662150365528,202.23056554064888,0.11742606801482225,1.885522116232412,34.72761754193458,16.128486278904948,58.430532140800516,slack.exe,0,none
12.602259700480694,3.7078597723300346,19.35145472049455,262.7283319530398,0.11638062173439039,1.4886452376291102,58.653816710608844,28.695966901650745,122.306888987344,outlook.exe,0,none
22.591341848085687,7.120383156491175,38.43574275843264,424.5255628884161,0.20736862471461373,2.2299523359210087,160.16737449283522,193.1364694215075,653.8983802688941,chrome.exe,1,disk_spike
19.630795838709574,6.460979588216291,33.7492431736236,310.0967611977095,0.12153634020409451,3.008938173413875,57.827044776724016,27.843364970888402,104.98012616980269,teams.exe,0,none
6.34864511632184,2.259517521988177,9.836411728113145,89.1468725695215,-0.0011716785056691491,0.4102046301361616,24.701029762936457,11.393306662165864,48.343300293505166,svchost.exe,0,none
16.59798358801327,5.028699578627479,26.034385729219686,284.26989569234536,1.9931936633141656,19.00807937091548,56.830862652064205,22.353636957627092,95.54437539887931,outlook.exe,1,memory_leak
9.010559570228924,3.021383757391441,16.165367217093596,120.56821061580153,-0.004064972859064161,0.956976398732301,33.82833142740499,12.106374017041773,62.91227820761455,explorer.exe,0,none
17.949305908514972,7.860471029342081,35.96549728356605,310.6726618445817,0.028116191800703898,2.6008559310213037,56.57476938370477,21.283211175535964,92.01349536425874,teams.exe,0,none
12.340013396640474,3.6678024880964917,20.40882593525996,200.8984990016598,0.0921585332928449,1.2317987333727602,174.17458352899564,284.3881952147953,861.0278750118929,slack.exe,1,disk_spike
14.659320986274908,3.972320265719441,24.827675907138506,243.89198359541416,0.0889358068019258,1.4001370858223747,51.05654559911933,23.547659714453538,96.94003912391673,code.exe,0,none
8.719396926207338,2.704279216340695,15.23338908596762,121.10262912731793,0.04610559754650059,0.6046285649701845,28.36765049503462,14.52131247092851,60.94004883802117,explorer.exe,0,none
20.037510635587726,5.1086250295020115,28.298489790581527,313.0445456926799,0.05895642617496151,1.0756827455043496,60.28902385092401,30.239433601407846,126.88097778360981,teams.exe,0,none
14.820504008261613,5.525316493155858,25.85171517302592,253.59411590892893,-0.3021159272628362,4.609179504194777,55.46339269187949,29.72158928557698,118.05219831245233,outlook.exe,0,none
13.249347831527237,4.905538822638343,21.69007813443666,260.9283447298905,0.04996906929062182,1.985148106231997,52.15253382121677,21.118930516443378,96.46416905093318,outlook.exe,0,none
18.960228130812315,7.845688296236807,33.61969020728036,349.9608514521775,0.014131023167698232,1.089602443057045,66.60819330484088,26.558273988256758,115.85746876418885,edge.exe,0,none
14.038943449744949,6.540342437394203,32.50394242656047,264.0940677988492,3.9673287095002525,39.55883368828659,30.71038279582253,14.615363873152646,58.828608012562505,slack.exe,1,memory_leak
16.580520162748947,8.634293379785506,41.301888377025165,258.11757617290095,-0.08245131849421342,1.5478309500744731,52.28718087717253,28.958117130568294,118.79751781658862,outlook.exe,0,none
20.537157079737906,6.779279064686696,36.19337693211918,351.3817981503818,-0.017880365979527822,1.0075761635897884,62.76669919651827,26.944926178615304,124.47249980146502,edge.exe,0,none
8.160126144070514,2.575589677043839,13.701358969243717,119.9761621280241,0.045218783008648226,0.9249643823669177,28.933811117790704,13.09802881200768,57.48043871560593,explorer.exe,0,none
15.192867208154734,4.8613340838910855,24.94227112728079,262.61826181735245,0.02513707331115711,1.4012966381894016,50.84289181338139,21.30222368207776,99.76627530374336,outlook.exe,0,none
13.052856305732497,4.65210931537844,23.243875571845503,202.31885844634223,0.0489894682789109,1.3707355376885935,37.722178886757625,15.929204999790166,59.655346518348765,slack.exe,0,none
16.35534552721499,6.1239204293785106,29.930284287088377,178.5259878356925,-0.10347053871908353,1.5002273488739748,41.95381742590283,17.369192803074,69.49193573291825,python.exe,0,none
14.412506666268197,4.585586690066225,24.05040325097552,258.69557505870335,-0.06827138692855025,1.1305453359584174,55.062750692878474,27.228073175513636,116.34705777081908,outlook.exe,0,none
14.957612820899069,5.0716912008854464,25.44864058719054,264.1293676679305,0.24014179502811808,2.313933513271912,51.59463113002143,27.91250062393645,111.84928705647378,outlook.exe,0,none
14.377185176149407,4.788553580441234,22.19433839673391,240.6382863129288,0.03161936026723045,1.2484553000774508,40.0322613789912,18.320171056177752,74.91535908855693,code.exe,0,none
18.096833701326254,7.304919806948679,31.190806760183122,178.5393525112059,-0.11346194655052103,1.3776361547010025,42.631629018000346,14.257505412959016,66.82794905380943,python.exe,0,none
12.916771132312704,4.672661741227083,27.411619336399575,203.59632852782312,0.17260002616413792,1.797255910297151,36.602322699951735,18.21531878068707,77.63852376520765,slack.exe,0,none
23.332436508728968,7.319056258017592,35.41897834260291,419.1269526189412,0.03643780369192958,1.6327855113407788,70.23000620096299,20.00800171340991,118.5983437183606,chrome.exe,0,none
15.88275388994399,6.273490542139153,31.403246297592457,179.78049593319528,0.036377390239094136,1.361885902153242,33.267885137890794,14.209921050742677,59.292834189469495,python.exe,0,none
8.575339228218661,3.21190767400947,14.834292396164027,120.25956717470099,0.03594906108584486,0.42598434245448935,31.254175535491534,12.393559182657306,59.31719534860024,explorer.exe,0,none
19.732567168884923,9.988795113274126,49.9013115128611,242.34938605961736,0.09704106381184943,0.6696538575354113,42.79153624150511,21.60821570706013,81.99682998735548,code.exe,0,none
16.849116956678866,6.35168548667641,28.896379819926494,233.32304644530353,-0.32206940560695707,2.95125125538413,53.444723624153426,22.501273265821123,112.29034374179867,code.exe,0,none
14.590846915133264,3.761297577059451,22.975537008546,199.89968046623525,-0.007721139633876343,0.9418304473296731,34.26359158530824,14.274797115790888,61.141689361923056,slack.exe,0,none
22.481015718190793,6.602553016405777,33.79759035682554,314.2089756594649,0.14653314569434503,1.3630983211132006,66.45258121156031,24.28646843892208,116.58193531861625,teams.exe,0,none
14.695344824667195,6.02842882389412,31.903574155782874,258.1740727142271,-0.035818564934102896,1.1942284510212726,61.12090314092919,27.610635237264706,141.39397022952133,outlook.exe,0,none
6.041397708973993,2.284213463584442,11.02854569882156,88.49118341890468,-0.05455381384109378,0.4616512247248553,26.799244931818613,9.265145184091027,42.387786894375026,svchost.exe,0,none
17.489926313989958,5.16836821517158,30.43887568720421,180.4404210058916,0.0729022278628662,1.345230322353342,43.002102947652105,15.709891851417318,68.21523888192922,python.exe,0,none
20.247985761104744,7.6584224984600855,36.995531727573656,420.28187423171306,-0.03142735028436997,1.7728167817138407,67.84082905529714,35.65081498898951,156.32032540336155,chrome.exe,0,none
17.652895097997543,6.323019120246548,32.819530364326795,177.94613705389295,-0.012717741008002766,1.1037169108202058,43.58684800538639,18.7418368157111,88.43139130019006,python.exe,0,none
14.532242566374988,7.467019360557994,36.286513582146654,200.0625666675671,0.15765347887340983,1.889738821938424,34.83633436896903,15.180000448147974,65.87052709383227,slack.exe,0,none
17.11818843589517,6.3752266496501635,28.318656294343786,179.73297603799614,-0.006760840495248507,0.6642753516136469,36.399295586617775,18.838439424438135,89.03479516863493,python.exe,0,none
7.8049819605872575,2.819825831646371,11.88659204910274,119.09067990132289,-0.06435263570919716,0.7630956726949712,30.249081998418447,12.487779445655304,58.068222533539284,explorer.exe,0,none
15.850935120373435,5.415507513562163,25.518770474259785,243.81845739026468,0.1769467666120363,2.0477951874800637,48.88935644899396,16.4981671197023,89.31739064397371,code.exe,0,none
8.288603649463228,2.895716283435276,14.998387620091728,120.9707510905801,-0.001072246245214122,0.4487617765723853,26.62665664855688,9.937208470062748,49.888645986260045,explorer.exe,0,none
15.98752807287708,6.8866590854052,32.168841290402725,181.01514790066503,0.048374397505160496,0.9522506775558011,37.01247559155816,16.513884071637296,67.93934904463681,python.exe,0,none
5.84571135293796,2.0882018073851483,10.346100396512522,90.60146044712556,0.04226797823374729,0.4479621266156319,26.684783926428064,10.270366893134094,51.8055111806658,svchost.exe,0,none
19.53723293712699,6.487986883793767,31.78059724274568,180.71860154884612,-0.03192729483541257,0.9041882207799291,40.14185715005337,15.891488106511932,75.53126756422526,python.exe,0,none
16.826776923326136,5.577019735899885,30.578965543916993,177.621912357492,-0.1219725859606001,1.464995317643341,42.96348159587918,17.096962049114868,82.4047393169894,python.exe,0,none
6.30498354385918,2.306443615267995,12.54507890678023,89.62270638340641,-0.008099712762715683,0.5399578894070345,25.251895583094097,11.028167280021165,47.23437328935099,svchost.exe,0,none
17.451558467514012,5.7892751085387095,29.743803883567473,383.9074289048384,9.349432569768254,85.46063855374126,43.65577742819679,24.67397222032933,87.9902172781468,code.exe,1,memory_leak
19.135473039906806,7.714715616841966,34.49779857026723,348.5035061794143,0.038159546590528254,1.4483116672431016,64.4743845777885,25.38233880226483,131.4464971670758,edge.exe,0,none
20.171485718436696,4.897334800172928,30.297642600853,181.72518415127087,0.04262158636989095,0.6536427624424946,41.74999135828655,14.495139394640253,78.59673529271666,python.exe,0,none
18.488508623031844,9.357163969774,43.15971782991522,238.61312701278518,-0.04937221770804475,1.2192806126105775,38.79381675681338,19.986195696780467,73.1371540577757,code.exe,0,none
6.651676671014791,2.7439990260858957,11.229029052462288,120.81660238920638,-0.0410475386055784,0.6633469475340252,30.79858157748912,12.564968513026354,63.78955727403278,explorer.exe,0,none
8.533002496447814,3.3426855039052206,15.781685256705938,120.10202927937002,0.03166603330475179,0.37498271428596497,30.219424174348212,15.813517405044367,55.240792503292944,explorer.exe,0,none
19.55727396893628,7.695076300923968,41.057637615243486,307.32211010115833,-0.288393011180231,2.2771962851373186,61.80124565961732,21.016904964156403,106.80286375376505,teams.exe,0,none
21.606402525081688,8.999716957823544,38.17302637011929,417.20807451382757,-0.153935665405758,2.2085096649688922,68.82607570464286,27.963393779254123,114.84893973974165,chrome.exe,0,none
20.212963270967695,6.900456171520557,32.66922401775315,382.39918213291736,5.542677728681601,51.03419805705727,69.56089311180524,24.659858762166664,126.89836512682189,teams.exe,1,memory_leak
15.920926787587986,5.584772908318014,25.958031520481278,238.15512150371006,-0.022210306523402324,0.7102069491769738,46.522936536929386,20.01549169425264,85.65439310254135,code.exe,0,none
12.612551971678469,4.800201061971661,22.800610214982555,203.07932770237093,0.20902143212716265,1.944885965836773,36.612144063812444,15.602852879766814,68.22103176935349,slack.exe,0,none
24.509523889057487,11.094556288051072,59.4854485273591,409.7279480877823,-0.38911923815887806,3.0939236819854505,69.81464457975444,30.453100615097746,132.3638873524078,chrome.exe,0,none
20.309381356889194,10.4103125127225,48.41892685795811,346.9623830962842,0.02008204172577924,2.2432341871569323,66.31287590951612,25.39532083342127,116.28197312010889,edge.exe,0,none
7.512432022125192,2.5410357396705017,12.430354567484622,118.2632532382058,-0.04921423177802779,0.8240121493808465,28.23470993475933,16.342054324496207,64.9255209869496,explorer.exe,0,none
18.55136359794687,7.292735611914809,33.082997905917686,178.06685740848403,-0.13568725186371847,1.252692914433527,34.82923645848175,17.798174168685907,75.20446695431204,python.exe,0,none
15.149216102484962,6.8594233705115455,25.49730982517844,177.0493559904485,-0.17055146001031668,1.2527486458891894,39.72341604733054,15.666882637296691,67.83964929971097,python.exe,0,none
18.636311605404124,7.43268916471983,37.71212891725541,348.7811142123907,-0.029697321117076094,1.983302435292954,76.94870550587383,29.62316747324497,129.2025988316909,edge.exe,0,none
16.337272912038294,6.300775691956668,33.046722817037804,241.74450085306202,0.06053851167753047,1.402634221097657,46.45240586563716,20.10802332320528,90.25056032335357,code.exe,0,none
16.859028214034605,6.322763818225268,34.07214546342169,235.53193440449468,-0.2360550117800623,2.3456721588788425,43.525874217615886,21.863319379279147,84.03110115505405,code.exe,0,none
8.30896545057731,2.91854534859175,15.832782413007962,119.85642325902793,0.008854040832146855,0.7695334433418407,28.973297541185136,14.015869784162279,64.56429922760728,explorer.exe,0,none
5.57211244843784,2.4672413412442062,10.647660906164276,88.58527434087752,-0.08335539999327655,0.8975353620103708,29.089341485054785,10.93731264148469,58.27407824922576,svchost.exe,0,none
13.512017498566376,4.253221476453497,20.56384563030079,262.52905797076875,0.15585082345471998,1.727952604575035,61.47385603389384,23.944218154857417,101.24953882757134,outlook.exe,0,none
16.17706353961375,6.647358686496595,34.72852072624562,177.82078433303812,-0.11642431080660552,1.3704848326790184,40.43757312256457,13.432354619193617,70.69756970058828,python.exe,0,none
8.661360660098676,2.486634283102203,14.432823350167162,119.77208953171481,0.03472338460161808,0.6404552740976578,36.39913684638463,11.46323202716497,57.41945776902662,explorer.exe,0,none
7.5464726203715395,2.803242371271298,14.454493726171723,120.00340005922091,-0.019674639832564365,0.5032405424491806,101.48269866321803,185.4164505712842,758.9187071046424,explorer.exe,1,disk_spike
22.58772734890584,8.46976386002128,39.708287066827765,420.3737940723915,-0.021400831228900567,1.8795743047529239,71.42093287057835,29.39803287367527,134.51067218242912,chrome.exe,0,none
8.155484453921458,2.2250755542097287,13.06921587899281,119.93207410205551,-0.008539569192602414,0.7045399631540716,34.96414031354358,13.417565989478346,79.07137904010072,explorer.exe,0,none
22.971282845465293,10.158923356750725,42.114340309982055,424.05149707016045,0.1384290216655984,1.9664036182914144,73.26158628304444,21.391000671507598,121.64980294711944,chrome.exe,0,none
17.669187150074436,5.844312054210149,30.076643283102978,179.700245757354,-0.042685947482667075,0.583892266613631,37.323545034361246,17.367959181725865,76.0063751116007,python.exe,0,none
20.601629150635656,6.747546270693745,30.07417004203173,422.58771499239253,0.3753450742570408,5.048720698229053,71.87406359236232,23.26185629951336,117.74764551071682,chrome.exe,0,none
17.04447411279385,4.899330562242701,24.207050438533948,240.81240440095567,0.017955581437785403,0.7352888025749414,43.443974085116174,21.442834833246742,94.58097547903239,code.exe,0,none
5.351836033075205,2.1364195910249686,9.377019029253585,89.82428378595337,-0.05374592809415806,0.4580274719758988,25.513071299956362,10.563632727516929,50.06114910915643,svchost.exe,0,none
12.059328885260127,4.357145120937167,21.7709927001384,200.34990802605577,-0.013539262278939646,1.140269349168379,32.18132207886308,15.964515536586669,71.01048450574442,slack.exe,0,none
14.529559795393448,5.253193144602124,24.94734187716019,260.25221167392624,0.06431886080365151,1.324613127475493,57.187634555673235,28.292600508167748,105.45079661208626,outlook.exe,0,none
16.2161939997309,11.53004292757506,50.50102227299355,258.5429188299491,0.003230392719962083,1.0827016474004085,63.88563358349957,28.416714970120196,123.94080130088244,outlook.exe,0,none
6.273204288412665,1.8647835769602603,9.641234228108791,90.7709252366019,0.016114799192040154,0.46466395293270923,146.29941922127816,360.70372191538905,1302.7921100290798,svchost.exe,1,disk_spike
19.703655922578534,6.652392662146347,31.342461648147804,352.0240220484762,-0.12412922657552675,2.0098812889340287,68.85497398634101,24.847895037795187,125.22776390455644,edge.exe,0,none
15.13740936746788,5.6765302749991875,25.475098012537593,260.1891367697043,0.014042874749041328,1.469554293675109,54.64858084790808,22.456792736665047,100.24321204257039,outlook.exe,0,none
7.402000109800797,2.3871243691586046,15.978792312617465,118.67685391955366,-0.054526057114328806,0.4952833057861578,28.29409793322168,14.15790497517286,54.24599563857625,explorer.exe,0,none
21.71588193665219,7.7982231222574185,39.27631348008792,423.47938632797286,0.21546461598910394,1.9053387851389798,63.54350190606046,23.99052349845349,127.07321385880708,chrome.exe,0,none
18.53230534685008,6.831982038225989,32.12412479104488,348.2626321690453,0.19215031693122456,2.2928686776576392,68.05246289110516,35.83855022308406,150.62238400899625,edge.exe,0,none
13.175603549746294,4.912459235298364,23.93368346113585,200.4523697022718,0.02679791405736296,0.6119405168099064,29.596308617469777,17.772773852826692,56.85027860122347,slack.exe,0,none
17.76668378483334,6.3294837242463124,29.63049460844585,350.0160175405398,0.03957255817320515,1.235202429252817,64.52974390508344,33.778113137252305,148.88790412978727,edge.exe,0,none
17.38015566709016,5.828249909364214,29.83117325403083,358.4618720826121,0.3913701233727352,3.2826793756372035,61.26281223494343,29.25017882407553,135.1081440118325,edge.exe,0,none
27.374145536468458,8.445613323338206,42.2789196240564,473.787071681024,3.4342778613762523,44.93102903784172,68.4772098029952,31.078332229720775,118.68863581797976,chrome.exe,1,memory_leak
16.202557239797752,6.8077646999006936,31.87167984904776,236.83928994033417,-0.16958825154694163,1.5709932292334636,41.49737685991144,23.745145672850203,96.46391505141776,code.exe,0,none
21.676465859662148,6.756731196140447,35.35616895602702,303.77764780449706,-0.21468106722449912,2.93206656687686,62.30641970939925,26.000712801832037,120.19802640552227,teams.exe,0,none
8.07305805631304,2.7422579710330295,13.499731141621798,122.22963776353774,0.11442804721988295,1.2634923050062057,30.699259610099322,12.405736272116453,63.20790607733374,explorer.exe,0,none
20.47735486712766,6.69970712933789,35.10738919182789,311.324615267146,0.2224139835863165,2.4968007588198895,57.41443302094925,27.289828284508115,107.6748849192652,teams.exe,0,none
5.9731639999731145,1.1251937740234927,7.903571268446402,90.1429213770083,0.038309951734144934,0.45625341498179833,26.58260098929647,9.915678528142388,48.443612302769075,svchost.exe,0,none
14.515461174062121,5.480319098586083,25.43144533465322,241.618877669417,0.05493716355862072,1.7343652199058994,51.86378313250097,17.621046889654952,90.27644187087736,code.exe,0,none
6.086300875303679,2.022540036684428,10.702332698420658,90.0379875583996,-0.02206866797529775,0.4256970265119348,25.64353371024548,10.059694383768193,42.87634183085405,svchost.exe,0,none
18.626885018441143,6.721178176961827,31.412835578839065,417.8405350060375,0.17554797577746134,2.657271641427195,75.71262299952733,31.6313974320994,127.40686720574186,chrome.exe,0,none
24.444942880447638,5.994029589730038,34.972331359994534,364.27928975608404,4.085393696701758,34.87849602619591,52.78602585072102,25.295596858538204,101.2883232953431,teams.exe,1,memory_leak
6.992124117282726,4.998971974886267,21.20054131645853,88.67072413251458,-0.0857740288511541,0.8625055381687096,25.707098728664256,10.516774374727097,46.77488015829928,svchost.exe,0,none
8.050246620176372,2.360105828490481,12.10486541240596,119.73608029289538,-0.022776122646417225,0.7539614507292972,25.614553382357645,12.914827966909847,48.64474976403387,explorer.exe,0,none
13.059598635083642,5.035312113070578,26.74297335486534,200.29988450916613,0.050186378471607895,0.7352872722781751,32.15652255890212,13.602562431453673,63.61739429914668,slack.exe,0,none
13.779457418295294,6.666661426970397,27.243149752720953,569.5480135132799,19.56619928512629,182.75865279775553,52.21809948369388,21.99706186275535,100.16580306439198,outlook.exe,1,memory_leak
15.715501544296213,5.066609075407904,25.01126985700923,179.66467793575637,-0.008674734841604467,0.8895494450782799,37.22849136160823,11.145182098610727,72.51050526170462,python.exe,0,none
30.09944925256647,28.286851869544783,95.81428223474508,353.56123853212983,-0.054536042687919915,1.3595699540367185,66.50320342449474,20.146567031480988,97.98452290379947,edge.exe,1,cpu_spike
19.68877515962918,6.169111337093621,31.93968958874605,307.8391026383044,-0.0976957878358481,1.1510977216014613,55.18965049181186,23.890033357603187,105.95626568070986,teams.exe,0,none
14.591312560132105,5.98670307803772,35.38935621853434,222.4954865407371,1.1991842792805463,18.23559402070857,37.442661616892956,15.465840438669298,64.2431013127512,slack.exe,1,memory_leak
20.840893211657672,7.390813460921242,39.900031011659244,348.11039170359885,2.763913904946916,31.0116868068603,57.05272163713403,29.186716063523786,123.34455414280723,teams.exe,1,memory_leak
19.521068032146065,4.46587528525467,29.15280935316178,346.37775270495655,-0.23374543124773292,2.01719714621963,72.49782520576761,29.24526135642401,124.42703142644399,edge.exe,0,none
15.135753300314283,5.4890562061286845,24.962746831767124,240.31212021141354,0.04614097734146678,1.4734793890507674,46.694144961035136,19.155260599964457,92.52003111761671,code.exe,0,none
18.49218984273275,6.081839415763759,28.664844918803908,347.6515315814205,0.0006781452414789631,1.341262034187544,64.16986582358778,19.609744840264074,98.17922138130868,edge.exe,0,none
18.52948931916456,6.919508691799208,33.573326524179585,350.0080757095036,-0.0014352100361766892,1.46714811879848,62.394720705383044,27.60923489013388,140.41128887262016,edge.exe,0,none
13.933066475396751,19.201407649598607,83.4373765529555,119.32470722771195,-0.04443255319117014,1.1072668758101196,30.299444455752546,12.61535786866333,52.674042131669594,explorer.exe,1,cpu_spike
13.757384731322649,4.209357717892615,22.027352263836775,258.14742166752416,-0.06261074313469142,1.1768809364104746,60.71104596248895,32.06641570523701,116.10692054764456,outlook.exe,0,none
19.904254514783574,6.843949945019992,31.99612177043306,313.2750632307092,0.1685977525342101,2.5449198868245104,60.25753060230997,25.67611194672574,110.7207743325983,teams.exe,0,none
19.216371436697667,5.148723380456926,27.51214325017279,182.7047414515737,0.06484283694336075,0.908580441277841,40.36408307087386,13.466652573356077,77.7848219465796,python.exe,0,none
16.78645118871893,6.475885523307581,29.09823152466526,182.3425684103592,0.15325065918904007,1.4451026915736684,44.206780311133066,18.20609508109175,80.43147008664897,python.exe,0,none
15.564610063251925,5.2315895441419835,28.261326499061955,242.1595203285262,0.13157775058801444,2.7567973958065366,45.05782271367255,21.513686985235875,84.80244062627452,code.exe,0,none
11.713625084589001,5.1245414884966385,21.09216411968561,200.18516309851165,0.006888814012707674,0.5641250895022472,33.437737823150044,15.756658922480327,66.73550659395163,slack.exe,0,none
12.845824431056634,4.373322543656918,21.70234081519503,259.8087764120568,0.03904042132245043,0.9347863083545247,68.69705644736275,22.80807918309216,103.04112781782547,outlook.exe,0,none
15.301201050878104,7.95384650791051,41.64756474879225,202.5502552033031,0.01047865209226965,1.1600485832310123,30.363582117019856,15.36295443912072,67.2874930002607,slack.exe,0,none
19.599912477545544,6.967699511298021,33.0496759531493,355.1367059445431,0.11810875135299549,2.0260534999761233,64.32516486105072,27.492419289287437,138.9516650383934,edge.exe,0,none
17.572089888782013,6.689165482367984,28.034129545019603,308.98187992151253,0.040177162678651256,1.4760210768084188,63.48440275308334,29.434470701985575,121.34339209923485,teams.exe,0,none
7.752688463375652,6.460331560493758,28.98731238388031,89.52371419536878,-0.006121794503794812,0.5476515479083511,23.927891386252217,9.534577792602674,47.64313185859925,svchost.exe,0,none
14.411230489139747,4.3971166487770885,26.449694033644903,258.59476069062754,-0.1214085644106812,1.381369176008834,55.38606505864182,27.8567339298301,117.02325777171612,outlook.exe,0,none
17.916637859013242,5.17471990567394,27.26943290611053,176.8198296041777,-0.09502617710934658,1.517938466882929,267.0481665349061,444.510162957758,1265.2965226410954,python.exe,1,disk_spike
12.375396407946365,5.168278477082247,20.50234546133168,199.49781762443774,-0.03762146408831389,0.8652243184016902,37.59038983079444,11.888096996872958,65.44628963467167,slack.exe,0,none
18.590386965622212,5.732845489248914,32.08355065863232,179.68017778810943,-0.06629961161006008,0.7434830056797029,43.845034579227985,15.939403066938372,83.04920943170238,python.exe,0,none
18.271682796457583,5.302765048682477,29.48795234589036,358.77267044851186,0.3260045890839535,3.460715957962878,59.513007569130416,27.28724644965732,103.95187529870367,edge.exe,0,none
16.22851761351371,5.396760423027064,29.86583003885187,351.07938341896994,0.01340560322271358,1.1383546422927797,66.6552576631321,26.920159692453407,128.0161945532704,edge.exe,0,none
19.40516552600537,4.532462586429923,29.58648548951696,181.03283125467038,0.03271698223867929,0.8766559296971582,96.71392713054072,190.93704513905456,835.2933185744982,python.exe,1,disk_spike
8.712572222132358,3.0258434868533177,14.482197007955923,118.5543190212113,-0.06712170523337306,0.5093868619711173,31.42686706708231,13.172623967900762,55.74490173516004,explorer.exe,0,none
20.082026152192764,7.036910712347818,34.64929906516822,310.54572173157794,-0.05500758242888348,0.8696217982046633,67.0452998953727,21.057348868502142,110.2216982438527,teams.exe,0,none
7.9135073921165935,2.9327871212138334,14.046983053522588,118.87438744685379,-0.008115909436371756,0.44402868320163164,30.892877281139565,11.386912892465581,60.034358437910534,explorer.exe,0,none
8.186893768182525,2.788995945815211,13.718791801207624,118.13940057764164,-0.08576702220023928,0.9074372528640562,32.697218956919826,12.049448338039383,51.32502855491623,explorer.exe,0,none
17.240224220528024,6.732335149622191,33.90868397074707,178.52135547437058,-0.0799659792769243,0.7357802702360416,35.2929490266634,16.102186985482597,76.17205347362537,python.exe,0,none
6.186012063348893,1.88739689059416,10.39681156896257,90.18418319456437,0.02790105579735685,0.5518504389530888,25.5039552551679,12.015188369331039,48.322681077305994,svchost.exe,0,none
13.899027906319608,4.751415542397261,24.807532005390883,259.45054208986375,0.06406429745709943,0.9866488764255363,53.26368286162651,26.946474791430205,111.97980086397138,outlook.exe,0,none
20.57827944900952,6.087049048822075,35.56782868193784,308.67436480735796,-0.12210319504369144,1.9061648754304468,54.905947858129345,33.9294328448828,148.13074763944715,teams.exe,0,none
19.12259608711281,6.710419000320099,34.65516277322221,352.04546661875077,-0.0481621053807847,1.7452563492906854,68.77419378855157,24.744997674713076,122.52670977038814,edge.exe,0,none
23.973247344294723,23.084780027701527,84.32702270022173,180.26334444567976,0.036915160545425846,0.8471981507142968,40.1436670563611,17.62596875203081,73.05600292895794,python.exe,1,cpu_spike
21.494098285465476,8.087598369418833,36.73551130107598,430.3810404411916,0.3522317040792397,4.909733391600861,71.40176598901093,27.812871630165212,123.78761336687049,chrome.exe,0,none
6.240750659485084,1.6172409043972258,9.550126160980504,89.07222689053135,-0.13351750967388085,1.0639829256041031,24.605516512800005,10.317581123567976,42.771970347958565,svchost.exe,0,none
22.159497445761986,6.067372515647211,34.88817268815948,246.45963023825908,4.250200777990715,39.85046662432771,44.68385486751647,19.757985251003845,86.7129041652223,python.exe,1,memory_leak
5.884425039807822,1.7617060527236292,10.234643379859536,91.62750639041435,-0.005656016374913501,0.8572755060953825,27.96432029543975,10.229415837529215,48.3120172679465,svchost.exe,0,none
20.56102213710322,7.612385918999826,40.53496873066915,338.049612267024,2.140726821966835,24.683176437234728,58.89159529984069,28.795110083278704,115.74976277404964,teams.exe,1,memory_leak
20.31041900712082,6.059618055841887,35.28898408015119,310.79296197969325,0.07264911891562065,1.8808207042242084,55.53972416624888,20.462063896756614,91.8956610004137,teams.exe,0,none
8.055842651438057,2.630174749146306,12.854732942838758,118.89846589661316,-0.047233454583560784,0.4788831661054077,30.524017350647252,12.42149949212506,55.559611802810785,explorer.exe,0,none
13.598894856461412,5.370872741940248,24.73230758123617,199.9999264179697,-0.05931191082196297,1.1365651697265897,39.186664775409135,16.693103196051663,76.24334665739444,slack.exe,0,none
19.85220204032761,6.678803708604753,34.00799736756915,304.1633810735155,-0.20492770849926767,1.9663330216995367,56.16704999490137,26.04399212245951,128.8816480419803,teams.exe,0,none
11.41262345586825,4.644251075110325,20.699678866488068,199.73013501769805,-0.05860485460125252,0.8516824748004778,34.816514751678675,14.422215692701949,58.92289409964461,slack.exe,0,none
11.58697610152732,4.515604391686125,20.43220087032726,197.8087444647782,-0.030874317222836112,0.7446742026268754,32.180804947586395,15.71312973557482,64.87617085390009,slack.exe,0,none
22.306828589722205,8.053275959445378,36.66660887714797,426.25835698015214,0.20348469238553168,3.054944582352991,79.17773149193233,30.71617649029849,144.78795166979828,chrome.exe,0,none
18.901154966098485,7.398128826076086,35.01792801338203,307.54164831179384,-0.11222229294562377,1.8437430207376033,65.27932939657538,30.080918926182246,120.98478533336011,teams.exe,0,none
18.855720170397934,8.015439818051915,40.10455374389454,182.491296623485,0.10690420376189327,1.6379557053731315,37.27455707458204,17.71997954853057,67.34004681228237,python.exe,0,none
23.813178501380825,7.826239638421996,40.678938631047444,420.14644206122847,0.0018194841206195633,2.4044853249890705,69.05975187758462,24.032743801752428,116.02623560726002,chrome.exe,0,none
13.348940121041844,3.516993901467134,20.26321570450964,256.4836280589099,-0.09973446327541069,1.2864356905527619,48.94938975852497,22.526385803634646,107.36294624496723,outlook.exe,0,none
18.138182221055494,5.384219414177801,29.511840354952405,235.76301526973384,-0.27320802725018706,2.322793043105139,40.91054363354254,15.930911018034752,76.56868054905514,code.exe,0,none
13.792187797833849,3.9195397755332095,24.921107762080872,259.21416953692864,0.07890013288323985,1.7939785357366176,52.29305684270374,27.1855134246652,116.37396431473829,outlook.exe,0,none
13.296720000537555,3.84528588426206,19.82510227977533,198.7344563607844,0.02364308069606693,0.9269384631922309,34.39070171172626,14.782000487832397,64.94196417059197,slack.exe,0,none
8.199577629510495,2.5733016340583537,14.223417139211136,120.43504830268802,0.08201452768461953,1.1035375245545584,26.74391062743854,13.590485026631226,60.75549152591347,explorer.exe,0,none
19.401323752192845,6.602942110963328,34.02296439238867,353.4066552629027,0.3025307842331226,2.5339778440744536,63.074998393864895,29.136335185864894,121.49900472995617,edge.exe,0,none
21.90398798608313,7.361899663905368,36.58566804095962,420.2954436705537,0.09243375974153878,1.996418578944007,80.37704394276508,34.08359049116686,158.21292942132936,chrome.exe,0,none
15.62768964197827,6.439703842668665,29.48812665792215,244.05591105793755,0.22714750324263283,2.463952951268531,43.52167059383644,17.892576754456606,90.94169277970111,code.exe,0,none
13.390247300476,5.309855591205509,24.058156411534867,261.98246759268926,-0.03567850620015444,2.1859353217829423,48.2902029761414,22.422360433830043,91.16417695132813,outlook.exe,0,none
20.45845307584881,7.55950347614062,35.10520175957885,356.20672809477514,0.2668551076408581,4.25230199594578,63.298487266987664,33.902204149492384,149.7822924840999,edge.exe,0,none
13.348820784094016,4.925827318924249,28.72994181443194,197.36761183261723,-0.010799513932624905,0.8905084289568561,33.92095396237101,13.425719739135562,58.84784334592009,slack.exe,0,none
17.71354802278223,6.100927914500826,29.6192500598411,349.23108024999937,-0.0361035671225333,1.0430004193472844,66.11394664306161,28.772447753811765,113.54758665703953,edge.exe,0,none
13.57904684201168,4.531848273532651,23.06403863261174,261.9069821380874,0.10781141771306389,1.1252948781606036,53.882136652046455,21.220580146284313,103.88714450029099,outlook.exe,0,none
17.905792699096033,6.08719195500497,32.94087668627476,179.74332041487577,-0.053723597008732325,1.0888689628098103,40.7139753746415,18.64021509764443,72.76727528251536,python.exe,0,none
14.839120927632766,6.451285561983721,24.793854482182,240.49494131382565,0.03710991729608395,0.7954612961623013,38.89572821702074,16.044595301347105,73.71591699421886,code.exe,0,none
19.10009750144524,5.239682483090573,31.427052008194668,416.78993050434536,-0.11049487920307115,1.9736048767311134,66.91870610028866,33.15693453555194,111.22616370531689,chrome.exe,0,none
19.573639302952532,6.648989948412987,31.108176441296557,354.07891791298215,0.2737658419527312,3.6233375593839012,56.96048075683237,29.305756727395345,121.86175294665556,edge.exe,0,none
15.013696397358824,8.648360914126274,44.675695719062375,201.69539126249677,0.1252254335087476,1.031831896200204,33.954408824551,16.040563439088995,65.67045255558612,slack.exe,0,none
19.19670700516989,7.008172577664302,39.44015152992881,413.29159704999824,-0.4310233503098137,3.2867171124248773,65.91375868860995,31.74704957920323,124.8272920291224,chrome.exe,0,none
18.667306312944753,6.1801228704328235,33.23034378038108,353.64408324658166,0.14335793415597967,2.837746591353892,57.66528712307552,35.62654217337769,136.97791247795615,edge.exe,0,none
16.13799261509807,5.238205952108887,28.73846919325064,242.26619396997094,0.09132787981910913,1.5133415113040634,43.61280875274756,17.018394385588188,82.31192457509303,code.exe,0,none
8.651276318364932,2.487025019298446,14.607874751175482,117.6016947251377,-0.1332610429513835,1.141008299046307,31.043663387032723,11.262901391119566,55.05797852563289,explorer.exe,0,none
13.737193280279183,3.9803498612891115,21.573268448103228,201.51274301098653,0.0947065862962025,1.584893420422993,33.74609639455066,14.003643970640205,66.36704737863701,slack.exe,0,none
21.128845264796077,7.319567556044702,33.815284688234534,418.07648712855274,-0.10118568596167658,2.252719641077854,68.54270442159937,35.441209262520125,187.5097955353431,chrome.exe,0,none
19.628411098027197,5.048908531015385,33.13190586830593,181.1702314461323,0.03660393188445236,0.5589279507470801,39.64132769864162,18.284969243999186,74.91982068547995,python.exe,0,none
6.949061000533716,2.499637257246702,12.091882858999991,89.75182838087987,-0.0012601418856959868,0.39012399577784906,23.08114971123337,11.117302439865455,49.41637966013197,svchost.exe,0,none
19.05276702565411,4.642010178705806,30.130416729435048,177.70026683715932,-0.13032202871027987,1.6738978280297254,41.35127014470989,21.75167563270501,84.35660897696108,python.exe,0,none
16.705421387060937,5.392209486765358,27.164006488452955,182.25132045185728,0.13517202815667323,1.7122887894420935,40.64752170455037,14.1266254222,69.75896918552672,python.exe,0,none
5.695760473095281,1.9295501248127838,9.33147630258906,89.56661423597352,-0.008742501402110747,0.4409165746394809,151.39680742481636,322.01065685438675,1147.6322946950675,svchost.exe,1,disk_spike
6.024340872869337,2.2236193830105684,11.16518582607302,88.9016656598374,-0.03544772772875623,0.4109157461644387,25.62152482068461,13.128899881881807,47.834776544796306,svchost.exe,0,none
6.473953080530562,1.9596359127850056,9.95630805692768,89.66576841420145,-0.03238008696186701,0.5623700287969917,22.58171591039156,12.461527139061776,48.14794222003331,svchost.exe,0,none
14.295084518927748,5.314339006047499,30.23474107208113,263.6871382412108,0.35011879917725724,2.500553738126754,51.78304520429876,20.963557166966662,83.77725570172463,outlook.exe,0,none
33.28862620356862,35.46381158701946,100.0,200.6275408691631,0.014321135479918704,0.8528591641891865,36.90212843562602,16.06802145520858,68.39393576917757,slack.exe,1,cpu_spike
17.305688172115367,6.539252047251213,32.5696818470049,182.8018081005519,0.08684214910198401,0.9936512359582207,39.90593866769245,15.958838442462891,76.59644807750368,python.exe,0,none
17.018804906343618,5.495528194079854,31.357291618705617,179.87200832483043,-0.001298613530486629,0.8292724604545305,34.669781760238635,20.14488226105163,84.33648441375826,python.exe,0,none
7.621185918891815,2.4112314613380255,13.635531028092956,119.514359825152,-0.05111278580758002,0.5982814063524037,30.3893155058998,15.10238168002647,54.244801204304025,explorer.exe,0,none
5.657860976088473,1.9738548426591662,9.440391817568823,90.3452585945831,0.02460931365705458,0.30641105172228955,22.85489757891234,9.766240400424891,39.098075611860764,svchost.exe,0,none
18.05147618797306,7.215972197024218,33.00817344371005,308.4858512916846,0.0009765406113975435,1.2808113848635023,63.23006331372075,24.275093437378874,119.48811662239571,teams.exe,0,none
20.553134920306782,6.3663995589640185,33.251248672294864,348.0434977748557,-0.14532072248257086,1.461001293068508,59.90520032833557,26.735558803518927,115.48024203710209,edge.exe,0,none
12.23165595095898,3.1275036166434735,18.67440230228199,199.84391546527843,0.012518263143023015,0.9325554398259331,34.450646473159466,18.40956787287882,71.00292462852323,slack.exe,0,none
20.893436442782836,5.759843679523858,32.445868321113224,424.1269131003963,0.038565258936453496,2.614392235626485,72.16573019456429,36.9919846581828,158.40328682378203,chrome.exe,0,none
21.437614943883638,7.159441045235915,40.85789451171195,313.1682276537507,0.2789275091359722,3.551254705675387,63.836379503320224,29.704459586983784,132.57326504420547,teams.exe,0,none
5.6571153620095895,2.115299482853374,10.108377673795417,90.34139419443574,0.024919419203912222,0.4459210462387318,26.108521287743425,9.840899032997172,50.49935720028448,svchost.exe,0,none
5.856334183870799,2.385228013683242,9.879160892700842,91.68662728158596,0.09285426761993752,0.7042318923460512,29.105232849769035,11.250873869587338,58.2241943821508,svchost.exe,0,none
18.583122585794317,5.473032787976454,32.96288756810603,353.5928881366539,-0.00929133515261166,1.5215855781125245,59.42339469140123,26.77417590482926,100.85405372124617,edge.exe,0,none
12.13412781204187,4.4186963299244955,20.322906256277818,199.14294643321483,-0.12315236325921433,2.137256472280369,35.459117053042014,19.770542581986387,74.68468955223672,slack.exe,0,none
8.29260350955914,2.161032082960927,12.156356901854329,119.9727763618518,0.07063227569407501,0.9414835077073869,30.308470410222277,11.131100079791567,53.444294098825566,explorer.exe,0,none
18.121343016437205,8.12350065536809,33.293653960906624,313.2813180265218,-0.032261884991604955,2.4413487000256886,59.114145667280454,25.185290230848217,101.58391483363599,teams.exe,0,none
27.833562931275612,21.993079343209867,93.69749075586404,349.6483776639016,-0.10380354145556035,2.048758211331177,69.58113245494773,29.7683080521498,137.48122529752266,edge.exe,1,cpu_spike
22.229850176287982,6.295763406516129,38.63275668012629,427.8932377358716,0.19085560570552124,2.791879642104692,67.09284020239704,21.396816462525944,115.26509992834335,chrome.exe,0,none
16.028430305061757,5.140078003209938,27.64978948010512,243.470377272283,0.06898645859954702,2.19332756508133,36.062230568320615,18.710528812589104,82.98230132459273,code.exe,0,none
5.422821310708528,2.0279066849738716,9.018117423037193,90.1485560981395,0.003067926336757883,0.34791010565855224,26.676471686009418,11.460047587742917,50.09865476153496,svchost.exe,0,none
13.559445550999891,4.721080100193738,25.147113496002767,259.77509487118056,0.08358831345251853,1.1892663263847378,49.42605467948344,21.32598285591951,101.30966822831664,outlook.exe,0,none
13.204631451206442,4.5899662969033965,25.369834029296584,201.86713493008392,0.11583523549435881,1.1741130288347719,33.299748164379075,13.996480951264495,60.97756332599048,slack.exe,0,none
8.561716194155915,3.1139824935191616,16.457468700080476,120.99807636691298,-0.04092240031979818,0.9295975519066955,33.263129502589265,13.022861573412351,58.60128004968551,explorer.exe,0,none
20.541599198818066,7.276577367293407,33.47077291567804,304.6284954818446,-0.27278756661756914,2.366715256625235,60.70204943332537,33.043192582990955,115.64113039212978,teams.exe,0,none
14.823598274216248,4.440007156989452,23.822043618219798,258.8121773433023,-0.0295133664710022,1.9119867260087624,55.62326291548459,26.45079137721221,113.12756312109646,outlook.exe,0,none
7.192817603953431,3.120290885122878,13.311882656907752,119.07157335958159,-0.03451986812967315,0.4535384506317291,30.079100549616726,14.423757776537046,63.41940016448959,explorer.exe,0,none
12.81767390967651,3.6403907027368843,20.825706932958425,199.18855339302056,-0.11816060540439442,1.3332616971725226,32.68459958011044,16.30258365800362,70.90971905067573,slack.exe,0,none
6.310369858254651,1.67912718869077,9.658434821623423,89.82742676660449,-0.008365016005463133,0.29421451772615975,23.622460475363976,10.711000432212904,42.079046591605405,svchost.exe,0,none
20.70951968587896,6.8473988934062175,34.69868686484311,419.5446598455136,-0.00975924343187747,0.838237469887385,126.41213464191392,170.34089498807953,763.438714843986,chrome.exe,1,disk_spike
5.429835528385463,2.1099461763313347,9.012849676626466,91.15982484575994,0.06347471497311735,0.6659436053609974,28.170958823459323,11.998235585888057,53.95382254189629,svchost.exe,0,none
5.811562440195972,1.8369298427394332,9.822606988709111,89.0366335795508,-0.07535048052844076,0.6787611411608563,25.454420806408773,9.783114384620179,53.61444887045661,svchost.exe,0,none
15.444133891257076,6.165572397171735,27.642609092233776,181.35871445009718,0.11745648712086355,1.4013189781917792,34.73663976801986,13.538099017177796,61.01471825322393,python.exe,0,none
20.904515387299252,6.034474544687907,33.19091371327063,311.66088945125006,0.12105932205951907,1.5902025805021944,53.77821836890314,33.70381760486424,160.58873372025204,teams.exe,0,none
7.487476308155859,2.8677436463424915,13.236416272935651,119.97618005613442,-0.015225318971457114,0.5744652748966449,32.35083465435376,12.93264413054242,55.95585046227464,explorer.exe,0,none
17.691974568723815,7.385802747951564,34.38725754209867,380.59954285952915,0.8810288040015185,26.61542664627539,59.821950267835646,20.36861252663243,93.60537209364708,edge.exe,1,memory_leak
18.562461156130986,6.042530109162065,35.36770491342469,181.05749727543576,0.10771853371166647,1.5132310075360615,43.5250848022139,17.94440368023586,82.80979384059295,python.exe,0,none
25.72471168076137,27.418312624709372,97.25746550339069,246.07507691659083,0.11981293874905154,2.5570210768764636,46.274808037213596,23.578263315879177,90.7647098354798,code.exe,1,cpu_spike
6.296801879168006,2.4775662105363954,10.509149210434416,90.87501367417948,-0.009623959638643953,0.3480096578382698,24.21396795676202,13.109927496961012,47.35159751743188,svchost.exe,0,none
17.1519627445003,5.484877213956184,27.454343982377637,178.27850308288143,-0.08692915555508401,1.6202946356144325,37.0006628768477,16.679848013253782,70.20695886310014,python.exe,0,none
18.397463385307578,7.2012370454301795,34.98929520320591,306.9972254153691,-0.15811669677585957,1.9654877857391126,59.00106658938169,27.763045723739772,106.24208272596371,teams.exe,0,none
13.43648268359102,5.077520363812752,29.55344220561956,194.32627730111716,-0.23254028945894067,1.7303792922408423,37.90532969897018,13.180819835839682,62.827827127383145,slack.exe,0,none
23.85851438142499,7.787845815989691,40.07423652810719,421.1130456048066,0.05468396462428018,1.7284681115244138,61.89428377651533,27.715892536332895,112.60372260206762,chrome.exe,0,none
13.146980042309261,5.138630784203293,21.712655176407388,200.87050155773562,0.08346898766597993,1.2823364182050456,39.12739953801702,16.110510189615848,67.17385604386246,slack.exe,0,none
20.569137453906738,7.197362483036951,34.45107384980576,421.4671325951365,-0.20539058851162129,2.497317296312451,67.02696343549205,24.65603704518211,102.43692047217603,chrome.exe,0,none
17.679370911796035,6.5944662876082845,30.54823510542846,179.4840848261441,-0.004088409674489905,0.6903756870767025,36.09428880004282,16.84733028086402,72.38689366139178,python.exe,0,none
7.892388445888992,2.504344128217338,12.101248367001354,121.11336503647016,0.08084642066804548,0.6642391115683793,28.90251020879042,12.295730922659581,48.97525935784263,explorer.exe,0,none
18.984032296906108,6.731256350815242,31.196617183301207,353.48163391021143,0.21387048446703147,2.4448365818007924,65.3733460996996,22.858544835806672,102.13104298395827,edge.exe,0,none
8.145671276092907,2.818249076547508,12.990346752453966,118.9673670734409,0.002962264951315774,0.7354550340664741,27.803024785684677,10.681321401328818,47.28644747134994,explorer.exe,0,none
17.53919940154655,6.618242107011327,29.645651318080695,348.39322222891275,0.1122656613174532,1.879381111213726,63.810723029895115,25.38624848059066,109.24740233233064,edge.exe,0,none
6.831906526239899,2.4270852265076828,11.928553399491747,172.98622146591964,5.388559776435491,48.64711852180886,25.070125769408726,10.041690701640336,49.53265144415322,svchost.exe,1,memory_leak
7.697842042579913,2.2804550977018385,11.873011584763415,120.19050021435008,0.03250545404457436,0.5076165307573547,29.350529256586324,9.684388889793377,45.87687651329421,explorer.exe,0,none
26.114752056549424,17.05054492532164,71.02369936886392,348.47586651412695,-0.04908356077528045,1.2974496390949921,62.03578884580813,29.610035631350346,114.03864468006401,edge.exe,1,cpu_spike
8.582069389717702,2.2779638067103116,11.97987011065126,120.35582030948083,0.016888172398207738,0.9708981709069721,35.97766495154765,12.778744480607301,77.33612979258909,explorer.exe,0,none
20.754532460691294,8.625224263250994,39.887520722319955,311.4509605108616,0.018860019222857242,0.94038911540077,114.27355788843965,196.36917188641044,949.6608277940611,teams.exe,1,disk_spike
14.789068904036936,5.737329603711704,24.264097757670694,243.1343458979932,0.19484362623396503,1.882114199453663,46.65168851901265,16.999875120035522,91.56140721586863,code.exe,0,none
16.62634833605503,4.316640495142003,26.140103979782918,242.84823753835738,0.08551897581888852,0.683922270984233,40.3768075694395,21.95239288145744,92.10947933993755,code.exe,0,none
12.900830267170193,4.725826941764436,21.77218846051479,201.9937098282151,0.16302758103391757,1.9167002287238142,35.75522333791841,16.201658624927365,64.07468900405996,slack.exe,0,none
19.16510478369139,6.133680921713208,32.21536318412832,180.54781610836542,0.0093080199072773,0.7531922741793756,40.65220538516883,15.475676849970831,68.97011591219888,python.exe,0,none
13.127612392027922,5.240685094722177,24.358602031426948,254.3309282148328,-0.16589504613232198,1.8675333997354069,61.15259162090141,25.50315827620115,114.80554695157534,outlook.exe,0,none
8.563811995355731,2.9022570059283352,13.537466306364664,118.92338778778239,-0.024841385782959927,0.7282850342949077,32.39649227909179,12.766661338947445,61.75785926475344,explorer.exe,0,none
7.563246078166634,2.631275850347468,12.266243415372507,121.73188622639609,0.11211429107814487,0.977888473410976,32.04349006966843,10.660440461079228,56.901437931834025,explorer.exe,0,none
13.331399599370723,4.291077360077392,24.53773459050464,197.90403138243425,-0.05713102918984513,1.1877060058864537,35.86596078325938,13.617333459499397,63.25768341391942,slack.exe,0,none
20.73904680435611,6.052785813263268,33.34463658332872,308.8229374989223,-0.21009664253800225,3.1138975074752357,66.10572423828553,30.955773010750352,122.90246069814435,teams.exe,0,none
18.03291421781532,6.5089604117275375,31.081723625486973,179.45502185632895,0.03344150284448707,0.552035062467547,39.67064622086522,15.624375914761815,73.15927676258315,python.exe,0,none
19.929347306713456,9.09197931216507,35.31758760948972,352.19661239813536,0.24482537746571892,2.9606898260851984,65.80940389745308,24.046303496237798,118.85533998955376,edge.exe,0,none
19.29415787552597,5.268210104512871,27.672300948099277,181.64475792452427,0.02016829608971591,0.906903986783163,41.98272251265168,18.45106304249345,76.19353663130649,python.exe,0,none
13.769607476054187,5.15828428294455,25.83325707367232,259.3062213201778,0.08490196046367941,1.74834382473547,60.45194775828949,24.28030032279653,110.08980190293829,outlook.exe,0,none
20.975981292460702,7.135765425974227,35.19851936423979,304.69438939599314,-0.3766813830072067,4.568961937134103,68.0201594228869,25.429415902803807,141.4475509085651,teams.exe,0,none
7.365322154283563,2.501252613058966,11.774642301237005,136.22095074873224,2.8131516046828513,27.39006254111922,24.423889738338644,7.437288889986297,40.143833211218336,svchost.exe,1,memory_leak
13.511801530917634,5.333480123896266,26.781959792615126,203.04896125896627,0.1380204943052784,2.2257849903514613,36.9298003070023,14.43763446528417,66.66224245520924,slack.exe,0,none
16.77441763791091,6.792755768427369,37.1790353775356,263.5027966972015,0.29628030920828413,2.2818656266143407,50.92052151824198,25.54819268844446,104.16842602435815,outlook.exe,0,none
19.926986476068546,6.015562074656884,35.490318972354,347.8177716706219,0.08738193513134433,1.8141514197152877,58.982255877533795,28.270011735393982,101.44837005511205,edge.exe,0,none
20.748302398184077,6.731962589756061,36.9651085069651,304.88004618825437,-0.3517086901435296,4.227231521198807,56.9346559868255,25.939821617496396,101.60293322916513,teams.exe,0,none
16.46859300575611,5.4080188302040595,29.621626278874643,357.0102297788382,0.27189531727346056,1.8375168244024271,71.139548397637,32.36996789049164,131.39136745943387,edge.exe,0,none
20.882474080230704,6.695624662549314,39.240143108797426,355.73314349214127,0.11991450505667368,2.314028239813088,71.31895203279367,27.010884989058813,130.75739575620224,edge.exe,0,none
19.144019168060954,6.387726019023046,30.52025231630933,349.14571959861456,-0.04105412560977773,1.2476676681280185,56.19189604341473,27.895694442771212,116.75434669632216,edge.exe,0,none
15.779354783234798,6.571844272991716,30.62198381452903,240.0240133317695,0.05168242055808605,1.1549636437061808,40.721917713432155,17.903230229869493,76.69875680983941,code.exe,0,none
19.000981536145805,4.739065262941828,34.251810400116995,349.65738837001925,-0.09564450972541559,1.9387747606746835,70.48246337835897,28.966907168467763,122.20015452810489,edge.exe,0,none
6.215239655582608,2.1108861355142943,9.860500377025994,90.07834576119241,0.03756806602228409,0.32631864581742165,23.195420973718026,11.325982019711947,45.07744941887526,svchost.exe,0,none
14.028012458376965,3.525028413478521,19.487978761270902,201.77830713423475,0.0379409801142297,0.9551635566871897,33.87889670684458,16.00040472183638,65.52866549225197,slack.exe,0,none
29.096235790453626,20.0099269154069,88.08496209687989,421.33837003858713,0.1182175272754724,2.047749630660529,79.84834493438102,31.72877790001558,140.04280524654266,chrome.exe,1,cpu_spike
5.693949059764842,2.4427947304284325,13.895191108560574,88.22735666132441,-0.06986532906447422,0.6367646930139667,29.03386403101027,12.363317323856744,63.92866289318272,svchost.exe,0,none
21.698763348894875,6.669091050384809,35.015487935247776,418.7282114089861,-0.08125850680816787,0.9369094950194559,72.72403255519002,25.080857694380487,122.98547115995804,chrome.exe,0,none
8.244596973587464,2.5431088907556014,14.108025309493705,119.59302627324813,-0.0011007353939793537,0.31431100597389666,28.157231416019865,13.255800513926387,57.73848719567144,explorer.exe,0,none
19.89276871157806,6.3756402556912395,31.577053458403817,309.069419052043,-0.11100150280470682,1.1281238030210359,56.42201223122511,33.21007178484307,144.93231850845382,teams.exe,0,none
20.846277519612354,5.198895293561102,33.04604435370677,347.15866802069405,0.11946745217801814,3.5123763445009,62.264842316468844,32.31206552174365,126.34785472078585,edge.exe,0,none
25.31716030741392,11.172066966239061,45.89464310449486,556.521053505489,7.6616942246565864,84.77571106503144,77.39299756521942,21.359061771865363,123.60703967276554,chrome.exe,1,memory_leak
19.28666577540577,7.232581688097328,39.83127374198716,310.24465792782667,-0.0337294940809727,1.485693443309771,59.86332637497101,27.528523893841307,126.17172405466444,teams.exe,0,none
15.544838897654323,5.312330073550444,26.50544727636735,239.97544808140904,0.11455058992892096,2.488765899742611,41.00613341210457,18.15383189719934,75.50663316414604,code.exe,0,none
19.455154398367036,7.369941265352224,33.66239905281852,418.53424509188085,-0.17852846998573757,2.594261230962383,71.45523367782056,26.303357946319945,117.76863255275074,chrome.exe,0,none
8.403520223620673,2.6051452317647428,15.675567898145538,118.99602031183552,-0.06477447247965434,1.1217626808492238,30.751650394450042,15.44396978103008,70.91526373929966,explorer.exe,0,none
13.651673912811308,4.625238196593301,23.313703222403678,199.6994022291698,-0.10152074396519595,0.8752815866086904,39.22225790596599,12.5719008989717,59.8605561177653,slack.exe,0,none
22.61094715792455,6.107878908838273,34.20712484656948,419.14601703192534,-0.08654125669477253,1.7887034974749638,69.96169586230685,26.04757595281384,121.7755405092486,chrome.exe,0,none
15.31976275087127,6.709710196243562,29.345406421729543,242.7195534292605,0.18261571062784962,2.0399043029029005,44.96907694321228,24.594492266082987,96.16251771906394,code.exe,0,none
20.75686475572689,5.7839817233567965,33.49922982217831,311.57169138883586,0.1052999426951203,1.689823886769014,63.58971087525204,30.343720074281414,115.93468552515797,teams.exe,0,none
23.094608142337584,11.509668772810102,53.11056708238168,353.8719467901444,0.4001777319290378,3.6618982327798157,55.3120161791424,26.069810697959834,100.17674327404642,edge.exe,0,none
6.713791657708348,1.96936902801256,12.145674484268726,88.24524051922785,-0.06811912930840075,0.7051245380307102,22.006803490842646,9.486567188784303,41.84746308602791,svchost.exe,0,none
17.489810498465186,5.96730636309763,32.44584251796809,344.6436987545239,-0.16728179561800213,2.354787160352678,60.85899183531546,21.04933897432849,112.19834082408542,edge.exe,0,none
20.106589362042822,13.897285372836388,68.85258126434461,239.22407070498932,-0.016411968311860883,0.699019357748824,50.232923797152765,18.088115179592688,89.09967925641672,code.exe,0,none
19.116625458423268,6.027000496608137,31.496820235839678,344.7423362862294,-0.3391158867169281,4.416981255595853,70.21158579234368,30.84173819359926,123.99672893501018,edge.exe,0,none
6.469104187921333,2.481917786787223,10.343398683681766,132.21537939596837,2.59115479734401,24.023361620694946,27.650880682394433,11.638426945956825,58.94631713961855,svchost.exe,1,memory_leak
8.114448092757785,2.872987788452437,13.393337084637626,119.14137776563743,-0.0014054115857888405,0.5634348776896007,33.0889277318282,10.742359873167107,59.96072079220654,explorer.exe,0,none
13.14383682895193,4.435934807828426,21.724725089312148,260.71492786449534,0.09568428504037267,1.2381361997070597,53.8190308576718,21.54206581670607,102.59089177491978,outlook.exe,0,none
8.089965197848057,2.3421310217787155,12.167578638036417,120.2544708378691,0.06190037177036771,1.1268480324029286,30.10549493128173,12.699054419921751,57.41707192863478,explorer.exe,0,none
13.784540417075643,4.666964444371681,24.225632100162827,199.95425098090067,0.1191893131705522,1.5314297315678744,35.871999098621394,16.452467090021663,75.8580420880061,slack.exe,0,none
21.23901572678538,8.341108691406891,32.915304455019324,424.379178299139,0.18199142422255743,1.6691469430541284,65.01357662348066,30.538776284636423,140.68776075876318,chrome.exe,0,none
6.106880667590291,1.9256931559675128,11.571379624063336,89.78723163131764,-0.005211495949284028,0.5590565539431697,26.54904755518441,11.62963464149632,48.75426293449994,svchost.exe,0,none
18.630564550469565,6.624162167638663,31.239497522237023,355.0266584680612,0.2958365860216247,2.3914282070080897,64.59126078550375,26.82362112356365,108.78575682611839,edge.exe,0,none
13.541008621500849,4.318890108862471,22.236925914485674,259.8488185374491,0.05900715721191053,1.522038705620556,51.44660212934317,19.193410119616523,86.93050454943327,outlook.exe,0,none
23.474503160078655,8.500225559024145,40.301869662132646,417.3325263550301,-0.3005698639908985,2.9744780395538846,65.95762882921119,29.680001466708436,108.47415527031572,chrome.exe,0,none
18.820481174790597,6.263538603795899,31.791134403946558,341.64501680533357,-0.519093764062823,5.420222765149593,64.37937509150413,27.42278309539004,118.57559125045361,edge.exe,0,none
13.718319910698249,4.291229778710632,21.926364108185908,198.27555161819802,-0.12257663616639054,1.2676051404183986,36.97359392748555,16.78164460056344,69.02015943919457,slack.exe,0,none
20.259446251283546,7.272171380033309,32.011513575058714,315.05965472218503,0.18316658697305002,3.632781049330386,64.02490004170485,27.574399974053662,129.53038812149208,teams.exe,0,none
21.30701568628394,11.573389335030514,60.84969066117326,176.82233898263976,-0.26395956805812565,2.0783873190852473,38.94570489352334,20.191005759178115,88.75178153821429,python.exe,1,cpu_spike
22.29195428921561,8.56565845509795,41.115292860564026,421.4591203808741,0.22976795501152197,1.903352652959096,77.96287324407227,37.70719185490918,139.9221295783612,chrome.exe,0,none
12.301790249081845,4.44466462856411,20.98116890778484,200.22115468204177,-0.019924875570600874,0.706439823128522,32.659648131843156,15.210385795477539,65.43113785934251,slack.exe,0,none
6.543538491886057,2.252733574163701,11.286999384970708,90.17873074499862,0.042161050330534994,0.3730050434507148,27.071977613388608,11.790912755432378,48.191157064627234,svchost.exe,0,none
17.855716718273985,6.103895629350575,30.181927817562663,177.8548010958944,-0.10772868241684724,1.0465524158496051,41.820975301284435,19.3619742277641,79.40814791156595,python.exe,0,none
18.731275834791365,7.404164749987363,32.87297629928593,308.5225171755262,-0.07858871663500319,1.4855015988708298,140.2878385071172,174.29083316512907,652.8353953760117,teams.exe,1,disk_spike
13.314990767006414,3.4074741043733745,20.51938726946602,199.81127077206733,0.06495153153485186,1.3389917682297303,34.75104882443467,15.018682213962675,67.61684088937557,slack.exe,0,none
15.531606137620509,5.577831881452635,28.611585139594098,238.70356686680483,-0.04035988860428764,1.5021110427492272,45.38509774134385,22.383068191583718,86.43080718036384,code.exe,0,none
13.292950409557072,5.133566560972197,25.991268431849363,259.3811091675516,0.05299519037467159,2.30550579397955,51.842869137683344,23.70641315615309,116.22718241121837,outlook.exe,0,none
8.824427341465396,2.3456209784441224,13.981420128442316,119.0094555662916,-0.03443094419718828,0.5599321394941095,28.228864172709688,12.39530183290296,59.87031703599134,explorer.exe,0,none
19.02354882949432,6.2830839909200655,35.11132968138338,179.90950228470257,-0.005975140273717253,0.763603059760642,34.07848012224635,17.321884697830072,78.22678955415,python.exe,0,none
14.202687692667395,4.388492663365598,24.22304277790654,260.81741468395137,-0.08534925984165133,1.2869377173089662,48.67269473107175,25.426098768585398,103.19019376809845,outlook.exe,0,none
14.143914996686638,4.162799346891357,19.297081491934037,199.04531719191795,-0.025181243274938463,0.7737207597659257,35.52983632287518,17.672848339815545,69.40733596469765,slack.exe,0,none
15.100956543179617,5.496645308266376,24.96108407564181,241.7822534353035,0.0015275860965876594,1.049864570592964,45.52379146631531,14.636762031770388,74.709294654869,code.exe,0,none
7.71243286470245,2.5742919020552004,12.564922563932559,120.22182925999606,-0.009212374442900285,0.3454634181808913,29.758120471391212,12.766263219843164,64.3040353131754,explorer.exe,0,none
15.094024705355451,4.5549843268668075,25.632055488944008,260.16382793634466,0.014072711679371725,1.3185823220267416,62.38890102962139,27.995951213647807,127.49813928162465,outlook.exe,0,none
6.352101753156613,2.4545970359710774,10.051336619925177,90.21405259760087,-0.004495106120556614,0.555882452925073,24.645019645757465,10.74373622100301,42.22049917337466,svchost.exe,0,none
18.066849751740232,8.224976991944576,33.04600699780188,316.5252232355148,0.180005281225804,3.8188990984952578,57.761083014416265,22.850225004760773,109.09541163584873,teams.exe,0,none
24.926800964102515,15.96096031902639,85.10199344938616,352.2654358725634,0.10599433609025558,1.0520459097772497,61.7470970649946,27.3618845647199,101.02023170565094,edge.exe,1,cpu_spike
8.280942080979477,2.4325706966695213,12.981395438515426,119.94234038145942,-0.025494009575189124,0.518107376620629,30.160392936295843,12.275571170051617,56.05686669926445,explorer.exe,0,none
6.48281036838732,2.479720343344165,12.270215755476919,90.6755628526125,0.02712721281706886,0.42031122465989335,28.004205737042426,11.521099190971618,52.125355650420076,svchost.exe,0,none
34.315351452392456,29.375948709484785,97.19175258903826,180.16994509773812,0.010663009328412916,0.5436643336467314,39.44290729488839,18.003383781099583,76.90513946253776,python.exe,1,cpu_spike
6.193212223749421,1.5794279215702391,9.41140873031176,88.6823357870371,-0.054460499132171,0.7983622096651308,24.058790284609305,11.942690043805586,45.71211693982414,svchost.exe,0,none
19.885548788196235,6.235121258080217,36.204754132962776,179.4411117435434,-0.017822540979059907,0.8145246560088046,42.38356662773165,16.94930831992122,85.73270217120098,python.exe,0,none
23.384863153458905,7.756143960730447,42.04766663546049,421.0641319114176,0.07111955544593987,1.5258321925932101,57.13500723627018,27.704014251041663,114.16179506712238,chrome.exe,0,none
20.89592276247127,7.12095308878398,36.18458522214316,343.50224711843447,-0.43905142554237764,5.76195421551638,62.60317546478867,30.73275606822745,135.3523714182097,edge.exe,0,none
12.890407275272855,4.489043187114437,25.346988225280988,263.18971164433145,0.12290629133270273,1.1765441736662132,51.373132927681965,20.70054211426517,96.60843015404568,outlook.exe,0,none
8.421304202880217,2.6996010044107535,13.304620275908277,119.44501264655493,-0.02315795234163289,0.4202526302668829,31.602671725357673,11.135348727041059,52.622910489929474,explorer.exe,0,none
12.68196302744355,5.253146030263449,21.901545228393662,204.08796049582693,0.17230913220651775,1.8838055846960176,33.125924421530165,14.130493208699644,55.93852791129295,slack.exe,0,none
16.981413648684068,6.430506478226943,39.64144470533863,179.6192946643751,-0.02439582556793501,0.9464001437747809,40.46485728117534,20.180237854256376,80.60404437049002,python.exe,0,none
15.340677563870367,6.484657164819165,29.8220113091741,246.0995085001004,0.21728406789549032,2.0755054409590135,40.53025632227443,16.895999626562116,71.39681345125268,code.exe,0,none
16.735769213351976,6.678403831122962,33.54947284076743,180.4146387242681,0.10872626916198934,1.2597431401058294,41.629278144019914,18.31987305802481,84.32173333464152,python.exe,0,none
12.997163006576264,4.619078767710158,22.259226216558027,198.24104256622917,0.08107627512485939,1.5540864707204207,35.18622421290516,15.073421141813094,74.84577407884353,slack.exe,0,none
6.129269619382722,2.0069166596232284,11.516679794059154,91.24818672317504,0.0632951976478689,0.5519852700482524,25.248976415132724,11.809549615372164,58.11891206057221,svchost.exe,0,none
8.11353749164376,2.9694158819658996,15.687627286948038,119.09315273941068,-0.061666161852329066,0.5961280903593095,25.96668389309156,11.412662017760066,44.08023670801249,explorer.exe,0,none
18.37254779579684,7.803766364611127,33.912397179081715,308.3319234341749,-0.17923631247760266,1.1997355287178515,58.71106397993613,20.06537475763153,92.73622911127154,teams.exe,0,none
8.816851340463149,3.113048362628077,16.72396799870456,120.56352133021959,0.04874207750207755,0.4887113676204823,33.725170754767284,13.518117888577368,56.14050556498,explorer.exe,0,none
13.589703988932163,3.92069727584242,20.58006831946864,259.3635435323241,0.019261472680411392,1.1033743972375358,50.576042834257514,24.971269751699072,96.62543322093055,outlook.exe,0,none
20.177132517400835,7.770905407410961,37.59002681601211,420.0934276430095,0.1151196912106722,1.5994693877901658,71.71262888551274,31.17888246023472,132.03483642578436,chrome.exe,0,none
19.433809757307827,6.980807332801332,36.281693606438196,308.7913479709961,-0.12030914706068264,2.1786395379299326,55.15109181806186,26.675116169809588,101.29027295982559,teams.exe,0,none
17.484485099310675,5.4992448879375875,29.07208498698939,177.71504277860006,-0.16251365559313438,1.1359676661947364,39.629855123275235,16.226929400070308,71.47153702841837,python.exe,0,none
15.643002404773805,4.676799232725147,25.13541846310194,241.37861978932568,-0.010462615608746735,1.572717974473857,40.16163112663924,21.15333195903799,89.29274626453517,code.exe,0,none
19.514817871909024,7.898149217292516,36.553255317317735,416.580323427547,-0.043438604416688044,2.0905226763313696,69.30199274328528,27.76304824484845,118.83581588699701,chrome.exe,0,none
18.878623887232557,6.3526500668033155,34.4482791907116,344.9722197331132,-0.14013897045791168,1.3968808460731195,56.49137569651558,29.675929509938594,120.18657653358719,edge.exe,0,none
22.18860882970173,6.403157170610691,36.62679737330016,421.7947346970437,-0.19799014338692209,2.5637742791731712,69.14099099115491,34.272712152223406,148.3088078851195,chrome.exe,0,none
14.071641415033895,4.383558473822611,22.051530985050995,255.23648999598058,-0.2602074061562992,2.38604164508541,51.44565495236096,24.98488354406531,94.59566397677096,outlook.exe,0,none
20.318008176598234,6.2119804595527945,33.51279340045521,310.22726484556836,0.05933843641109509,1.6480802937100707,66.58915466439572,29.219248496496306,151.36754070881975,teams.exe,0,none
20.756935391092657,6.7217653063546425,37.60904368377254,416.4437185324743,-0.1175976591867728,1.7437903342420316,65.02776532301021,23.62141904277367,103.6831851672549,chrome.exe,0,none
20.420025870969383,6.230711532782229,34.706387197422785,420.5663041625051,0.20496160739390917,2.221327320088853,75.78339072912236,21.709831123327067,115.28629259892676,chrome.exe,0,none
22.398312634937277,23.00352926279138,97.52417545228408,240.88128792626097,-0.0730814521936433,0.9487946125534369,39.027800093675395,21.245449004750682,86.06742757168129,code.exe,1,cpu_spike
15.919354992672348,9.995493133429303,46.010534791781055,198.68776190812432,5.506865624056445e-05,0.5627353876806992,35.13497252364961,14.563574537781777,65.06344814569722,slack.exe,0,none
17.19958216081393,6.017237826542143,28.162783290856034,179.15345317915768,-0.038827442619436665,1.1767369880905132,41.685185577947536,14.669569427600583,85.54694806029696,python.exe,0,none
19.539850312982416,6.08050602832837,31.607905967218457,351.63624739662936,0.12198552318768066,2.1574915424488506,73.33771074811776,34.013416482238775,152.24462084008763,edge.exe,0,none
16.382325236935824,5.561654292601458,28.46006742718358,241.04611186228627,0.018920060635492557,1.1256469421790314,40.5614542593567,21.207232504905306,98.86925004972503,code.exe,0,none
18.233418106497883,7.514027285628166,30.541460947587325,309.7705579342111,-0.006886067457192742,1.537168595841439,116.0165744294355,139.76458856208887,511.13363969455696,teams.exe,1,disk_spike
5.518492155624913,1.683542241176585,8.60833004506846,90.40448279724828,0.030966524983881052,0.3327330344006784,25.652129619957158,9.73329718780186,42.23113781713169,svchost.exe,0,none
7.60723601236709,2.878106343346789,13.98402331052665,123.04530253412074,0.13520440473423842,1.3101723870419049,24.97619138328129,13.99132218930185,46.33063337906658,explorer.exe,0,none
8.359766106199354,2.3902503152989647,13.832891985147285,119.88956500262752,-0.062388155627362586,1.18706501121638,31.60699069774853,9.5815971358354,53.20901044253203,explorer.exe,0,none
8.148230302530278,2.163907955500123,12.576272944774479,119.02007826906194,-0.11732878561067063,1.4124184404847768,30.166757019478588,10.793482149333872,67.23503830471687,explorer.exe,0,none
14.119159129522949,4.388989709698284,22.299339562591033,262.64940834610746,-0.0037924391404582517,1.5535197139167343,55.15252370537184,23.31349714850087,110.94315174459393,outlook.exe,0,none
5.88946579603551,1.905539198966246,9.256869574937955,90.03414786623422,-0.02754431142085091,0.30350933735974117,25.120351076614664,10.60477147474552,52.55927011837609,svchost.exe,0,none
25.047184718598483,7.788889478268154,40.12416818875981,417.5904702092199,-0.3416493148764819,3.516722887553755,74.16383001504508,28.44923571038482,128.22659286487107,chrome.exe,0,none
18.65864535658284,5.674099597339896,29.722122108534112,179.62649205764757,-0.10607292688607023,0.8546070385362395,43.5523974480413,13.341878366435722,76.5326044872729,python.exe,0,none
7.680201584769662,2.72114772035978,12.080749097509607,120.31855685615223,0.05395537393091653,0.8623234303333818,26.967207376338397,14.93963477863278,58.128724604324084,explorer.exe,0,none
18.479421337162307,5.23299925065787,33.30139281278685,181.36730113948323,0.02735903873295721,0.4841285943187515,42.008873714717105,15.191577770192442,75.71367232430693,python.exe,0,none
22.023251393248593,7.460530812448571,45.752582204571,416.87916855314216,-0.16651323446729976,2.4953143158106035,91.48393610000099,63.098156113221165,316.0450692002658,chrome.exe,1,disk_spike
8.747249228269169,2.4910262851288327,14.392217091400347,119.37683050391712,-0.06687669160528457,0.6053426249329111,28.432303483360617,11.754832489883107,50.875440096202176,explorer.exe,0,none
12.455501095911567,3.329792326545967,19.144149657817177,201.84592016760874,0.15072293170526146,1.2202118641652702,34.91616475175333,12.02318268080576,76.36383365166685,slack.exe,0,none
16.208189314171833,5.310635229687866,26.701485245025125,243.61002754235432,0.07989621936056134,1.8332984398878538,44.414491739581806,17.673057759861976,84.55683426181685,code.exe,0,none
21.727717814460597,7.113203971651274,35.22852671460834,306.9730011372533,-0.2707025640879503,2.960216998954288,56.965275016370434,23.764889574002208,110.78934679159326,teams.exe,0,none
10.282201523248377,8.58240526074397,36.79388475742508,118.92355978349057,0.009038812948314974,0.6948035976068266,29.46301011949042,11.502734675453143,60.269728196051815,explorer.exe,0,none
16.327184414143296,5.880811649249111,26.53324598933768,238.01150072284878,-0.17321730995937798,2.3831785178821767,140.12767211551525,248.18191832671164,892.3513580742415,code.exe,1,disk_spike
9.01944140150068,2.850569085943807,14.271310827676352,120.49205490909324,-0.0041164431819012744,0.6585157317974871,31.408541747290254,12.834988347761797,64.91451385441624,explorer.exe,0,none
20.22202484822068,6.763397629434754,32.67058041016536,416.5941747971258,-0.4097445369890655,4.57574078091934,77.2665736715923,29.84584529319086,136.3550146266041,chrome.exe,0,none
15.784491793784847,5.392815350662645,27.950089675263857,237.485147071482,-0.07250890798347029,1.36560099962719,46.88532534180937,20.16440402806104,86.19389157968442,code.exe,0,none
16.329999455615603,5.024027003478897,25.87977940275755,242.81489501499863,0.11624345914194313,1.358464398823873,44.759009921491824,23.39304487142507,96.96153513568368,code.exe,0,none
7.7861506752854215,1.9994390997971014,13.865042258706122,121.25121172182453,0.002617310057469998,1.0832459222245878,30.437732313265418,12.665344137653529,57.38326371640876,explorer.exe,0,none
13.053352566468858,4.509489034363353,20.236719062288604,200.58587733180258,0.10626192775039746,1.6379444133349546,29.868844173892246,16.43572839069199,65.80601770922733,slack.exe,0,none
23.93236453691492,7.046742159723424,38.303424324249164,420.72189503308476,0.009345704175482675,2.442015641389393,67.1191884723136,30.8482108693821,145.65306225871166,chrome.exe,0,none
22.70206135057056,12.050634670716825,57.78242913172238,312.58037455104557,0.07588089031585431,1.937655895492887,61.13153942614108,21.925701034759435,110.80660946690483,teams.exe,0,none
18.241652706573515,6.209991681183264,30.396210995636245,314.92667058829284,0.14286051844357908,1.9698754719411895,63.926131650438165,26.807560073994487,114.48361657591018,teams.exe,0,none
18.46733790724727,8.246658884883873,36.708946691232235,179.19896396623415,-0.14712935734729246,1.4350606124446512,42.71935333683439,17.301755651379572,77.15504068274043,python.exe,0,none
12.74807751440892,3.1769197572495176,18.97735936771046,200.24456738928646,-0.05902647251196337,0.956200024213944,37.47567415774794,15.070548231552015,67.92446736810433,slack.exe,0,none
10.441077238611923,7.632978375781619,34.6810180016259,123.1460264647062,0.10112810301918576,0.864514516843721,29.388224325071583,16.82280208857306,60.76980279074828,explorer.exe,0,none
5.716928869454074,1.850079900252551,9.853901242896177,89.38949223679064,-0.06736594705882387,0.8246750060483833,24.55427435339702,11.939339883500956,52.91479890395321,svchost.exe,0,none
13.50835311967175,4.003553860151274,22.727441751935462,194.40694184433357,-0.3954436254499683,3.07819365490953,32.99726463003752,15.412994291019963,72.97452775729886,slack.exe,0,none
20.722444934459396,6.941270206995674,33.13629099310279,420.9266955099986,-0.0469116170890383,1.2456770189857707,67.15373640495815,33.41554878034077,134.2373169809356,chrome.exe,0,none
22.71984133082129,7.4492103461716646,37.61093134273267,417.9008859046189,-0.15443555699785444,2.2121870898750786,69.20550989879594,25.403958846425777,111.29094847558275,chrome.exe,0,none
12.911865732749668,4.060435274326138,23.792918629063585,201.26581153619043,-0.02242180585325381,1.381742995504861,36.878277462294946,15.162127063597083,66.2313756124418,slack.exe,0,none
20.499688895018803,7.41309767490798,34.20316788867869,351.70839795282575,0.06831740249709052,1.1534054177209851,59.013019986772385,29.456482887255564,110.29604623776254,edge.exe,0,none
18.146966202866118,5.54228837749376,29.748280123005387,345.9298754737607,-0.34420861520257895,2.7837497485566343,66.85705820801381,29.558864882836417,131.31765373495077,edge.exe,0,none
16.857290072038687,6.535252434184525,30.836111293280524,238.59733640556627,0.025797137983157845,1.0450979887138354,47.77755355762898,21.98269498767753,95.38601515304325,code.exe,0,none
20.420171020626288,7.031820742802331,32.194074786384746,314.0549176143077,0.1984532862819132,1.386413167565162,56.75534126306009,28.43088551845103,111.67002416954239,teams.exe,0,none
8.061128690244118,2.6635269312522505,12.928879515470399,119.6940624011485,-0.03417546858575946,0.5003682159675024,34.052074182446766,12.020660699532874,54.24407538596807,explorer.exe,0,none
13.081801424318204,4.458977377509008,24.04551304422521,259.3730612441457,-0.05103652095875759,1.0064262317190251,52.48567380330527,23.08750295418763,95.58619889206426,outlook.exe,0,none
12.515768331863121,4.642254572716247,22.85200082537599,201.0646139787977,-0.010085540752046995,0.8199252403109956,31.27603224024286,13.473243103068821,56.74424827124544,slack.exe,0,none
19.065320231287068,6.875780243976556,30.230576511541948,303.415244561561,-0.19071980319818257,2.4927642513847275,60.91206950817976,19.227469593560087,96.90607267503593,teams.exe,0,none
19.170905605743666,7.169575914314804,32.350625654322656,179.58097509920964,-0.08923891939762617,0.8757161519186607,42.42165543013858,17.296300347639345,63.16067075334433,python.exe,0,none
13.218437896211764,4.203379281835653,20.208769511045087,261.2889583210409,-0.06243979702614221,0.9682942675715057,60.59667141210931,21.431742846320297,89.0468686230851,outlook.exe,0,none
5.854831117938418,2.457971078402859,10.001262212804033,88.98468323696025,-0.04573122033349743,0.7385094620308094,25.045737770795665,9.97914764812148,49.98356552715038,svchost.exe,0,none
19.87861398588634,6.66849742432132,36.4057315638106,311.3166336654556,-0.14793096005382722,2.312375822141357,66.40729318603292,28.966479357483447,120.30528578189762,teams.exe,0,none
20.915454094047668,7.465247685240785,39.72413174014911,307.76232830846317,-0.0905388190140343,1.6435728593101244,61.373869605241694,29.411215929652876,122.93121959442949,teams.exe,0,none
21.055359379978185,8.040398383420438,38.81192199666601,423.03043181699013,0.31554718319258274,3.297465593543738,71.60977064143806,26.044797467921626,110.71124123561589,chrome.exe,0,none
13.098272939435242,5.293353119979989,24.49720025411462,260.300460806405,0.02717744649361862,1.8658226622091945,52.198964035172224,32.705419347781756,115.20102966371805,outlook.exe,0,none
17.820136639019022,6.560280649345182,35.20887647393353,179.15924343583455,0.042413863060152344,1.1466803561461787,111.84191200376024,184.7177969043865,672.204445705035,python.exe,1,disk_spike
17.257285204671856,6.051829190339137,27.117135452336576,353.01968982069343,0.14120213958443817,2.0129296214614083,58.94270103206013,35.06633118530143,131.13555008827348,edge.exe,0,none
17.990155793164014,5.790733464731264,27.214691548667222,181.25595824937363,0.02153105260068552,1.0264268742563878,44.01019201239723,17.047560071524952,69.21300178614015,python.exe,0,none
19.77468784426196,10.24538601214904,48.98882014168047,237.8079084442967,-0.05203204289029013,1.3776536731134457,42.20797258102835,23.378248554411826,96.18072811863611,code.exe,0,none
17.02086866265195,6.418383570324826,30.09167923330641,178.98088189486995,0.03223216253969667,1.1187085224206068,45.445843701668544,18.22045695785985,100.04836700735545,python.exe,0,none
18.208465702258014,6.728726408987633,35.655684462444775,181.84650483478924,0.020341961646173936,0.820498065155728,35.97912675708667,16.438047244488946,66.94596638354341,python.exe,0,none
21.532254793366217,6.57859061243027,35.69824080126901,312.2598164225982,0.18692015210559323,1.8324913818587074,61.44203069651309,26.978908574542487,123.62769126097041,teams.exe,0,none
22.31182512173812,5.692344913466045,31.796377922167018,312.71729379108103,0.2885453415843055,4.8705188943454125,67.88627345547563,23.25949734553009,100.18011553902986,teams.exe,0,none
19.231105503174106,6.369446432618431,31.65662367095186,348.7319271908893,-0.022641052721187785,1.139089183119353,69.6924604805596,31.65474230609764,117.39243348559853,edge.exe,0,none
21.440174022544188,7.119746379424651,36.75662555086266,420.37677268488574,-0.0704201741285658,2.114686596003172,67.17804821964329,28.209700194184943,118.62002496445842,chrome.exe,0,none
18.754130727815376,5.480993747767418,28.523383491686232,180.36541562411898,-0.05020710818728844,0.6039713046611053,38.372674687737586,16.768582901342725,79.59742365193001,python.exe,0,none
5.814181311323918,2.0934054124965837,10.194259116033443,88.98676419389328,-0.026552114952986965,0.4558417102929629,24.830038450881833,11.595054157517446,46.370876037646156,svchost.exe,0,none
20.023981642842532,6.859591374447863,33.46719498968273,352.9765165209511,0.17463760825348232,2.802061009509845,72.15533141830865,30.785073163713133,146.3988725271887,edge.exe,0,none
23.58985513011645,7.479426942491227,44.03620912475638,417.3248404855158,-0.05981782430264578,3.0971452951478744,71.07186182714187,26.774448336381774,143.00812927220903,chrome.exe,0,none
17.64687901195117,6.757866852941187,30.190238641628092,180.0399388233494,0.1521899292653681,2.0638061682953492,32.63656925906808,17.17463182888437,87.71001382610812,python.exe,0,none
20.808886883302968,8.914940456916748,36.22523554407058,417.1661456844685,-0.005434449392062864,2.085603784508998,75.41129824554469,30.546285072485826,149.7508375565685,chrome.exe,0,none
19.245587172892083,5.155019817752042,32.07403945396108,348.1358786893942,-0.04216296891462624,2.0867853854345,58.66827148580178,31.42409684822455,116.06942772857906,edge.exe,0,none
8.796396319332112,8.525385378083785,36.278026810232205,89.1347164831789,-0.07469549214151337,0.784141544404966,25.50507295601008,10.341759380624142,48.55464119780021,svchost.exe,0,none
7.861338179840612,2.1659191222841336,11.90828173366003,119.88890093066722,-0.04685933248369499,0.8127063519205797,29.100448075845566,12.901602637796564,48.948287894992184,explorer.exe,0,none
17.127837392415998,5.239632779411496,30.878133152231996,238.78295813503863,0.003761462479576494,1.4862860639961466,45.50025852806297,18.50076275061454,78.24908606103739,code.exe,0,none
7.236312311242106,2.8362924651869044,14.066687180817823,118.39014476577067,-0.13279734726458942,0.8981959582103394,26.556995834697254,13.26070184160153,51.55307641066332,explorer.exe,0,none
13.743484151693362,4.142045220191258,21.853036893645996,261.78405402791515,0.14771219879844846,1.555740234643999,57.9587293442932,19.93144015528971,90.22257701953532,outlook.exe,0,none
16.282283544383425,5.404541947777637,32.065106265742486,239.01766656589513,-0.01199351709267944,1.2569822113531917,44.55563418958093,22.796010366744298,93.83269498685345,code.exe,0,none
17.426760658113427,6.642937701924146,30.47881393805077,178.41764453013778,-0.06413796556995331,1.3482629377376727,40.25826314563939,14.42248398829047,63.23083392299203,python.exe,0,none
8.225361284255428,3.2949525893290024,13.579929723890237,119.92186248676745,0.019313575330843,0.3836237805992759,28.91740918139595,13.876986918534493,57.74105443502722,explorer.exe,0,none
13.34117717302097,3.446279608328648,20.66042058536232,200.40074263493227,0.1325104015892369,1.6842620898512821,35.98895376171223,15.46648270777705,66.0358190303521,slack.exe,0,none
7.501731206533313,2.6147136503950636,12.959903857441155,119.95090015516368,0.017588160946427914,0.6402530510082513,32.49769612296549,12.219832842870025,55.68873860337722,explorer.exe,0,none
12.451002188756103,5.163907361602734,28.74787365375487,258.07061970818734,0.008096251334944782,1.4360219967327006,65.50143711209752,24.761254631169667,123.70896152401933,outlook.exe,0,none
20.67830455023626,7.347277771845708,38.039389923653836,420.638817529153,0.061240275244807664,1.2756137250790585,72.51377087515183,29.862673870461546,138.2197412459804,chrome.exe,0,none
18.361211983568328,6.653988120645148,40.05081977252621,302.94870057880763,-0.23594298204578762,2.4735417691996586,62.365894700970024,24.708224156385445,112.18041000352264,teams.exe,0,none
13.865031729012328,5.231023235036157,25.154340166230796,259.8269267237435,-0.1682991540967104,1.381683041952954,49.99909613862517,22.19303198384737,91.13657565980381,outlook.exe,0,none
20.981013239678738,6.017828847166703,35.1329065019689,311.37179151013356,-0.022076417055067545,1.5325257342292695,63.37756540745196,24.845581240575036,111.80337138164185,teams.exe,0,none
16.17735043533817,4.857189980635968,27.442047637658312,238.8815717916307,0.09676860528961319,1.5579617287730811,41.41093642363682,20.804601773125132,79.43209793991196,code.exe,0,none
14.39253978840906,4.393179448233439,20.99508421252068,258.1462105935545,-0.19945718320304687,2.3834033103302414,43.12649187754285,17.992513786019508,75.29660545446575,outlook.exe,0,none
12.142231551882718,5.001438162656616,22.808535249391745,200.4881518719919,0.05302049767925041,0.8583717625069507,34.43603708570747,16.16235885615705,66.3975561617963,slack.exe,0,none
14.89680676508689,5.5735213950569955,27.455148931167933,238.57650600446183,-0.1615591621466289,2.1362356703973435,135.66652164542973,261.1352664874752,1020.251231026484,code.exe,1,disk_spike
18.19275433617208,6.783098338890882,28.048500620204297,179.35201126227963,-0.053922804147885015,1.0419682866617652,40.49174679659999,21.28151906003657,83.4366833970593,python.exe,0,none
14.73787149673201,22.32858842891183,95.03846815767014,121.51648972694679,0.06491702033041283,0.9660750132927268,29.631216048636677,15.156943914944334,57.18554941473956,explorer.exe,1,cpu_spike
22.57408100401103,7.703116824429598,42.90704688769102,419.5369825588293,0.06943833265265388,2.8409961612865122,70.2161249355132,32.43075590965308,144.7053652698943,chrome.exe,0,none
18.494436933987362,7.241608035161522,32.29590012272651,181.01613148677805,0.05882449416082333,1.1355526683587789,39.8603465806762,18.912609012776407,85.20586293531318,python.exe,0,none
22.3449945501854,9.167791048267658,41.8576090919928,312.6980337168506,0.15100406152605123,1.6805777269400117,57.945541736274215,20.884432411140654,101.50368461154089,teams.exe,0,none
16.133690546014602,6.917075256694624,38.558742565515104,237.1205537659679,-0.12392508388963487,1.383500727724288,46.69214847513285,18.966957951987194,83.38618357711948,code.exe,0,none
13.81446613835692,4.745785891743174,20.906151283540908,243.44310373170842,0.07308360790264791,0.9969457409975685,47.88002015777518,21.056282261801538,79.63699498539597,code.exe,0,none
18.951102982297638,7.386458912049618,34.27238507463539,312.57116052307646,0.25544971668996747,2.2339775298861717,61.61471865863478,22.467351939187317,105.67511621039134,teams.exe,0,none
5.575764880349545,2.1772326767799672,9.668959107733167,91.37503165419281,0.08666536942478918,0.6655901338343965,25.973575165886867,10.05288410461341,52.97426244915792,svchost.exe,0,none
15.982736976770095,6.024859013865958,27.252587062014758,182.34800263209777,0.09231780431116382,1.4088774079749833,42.28620015000509,17.737756419482103,82.45899036959942,python.exe,0,none
5.809976479000014,2.0607071683567386,11.003195427419008,91.3640652654011,0.04252412723053709,0.540097850045931,194.98884575022606,335.3009809601996,984.9285049609938,svchost.exe,1,disk_spike
20.333966109779986,7.241890598606168,36.16602110832547,309.58389802904725,0.01781031963473841,0.9513444371924151,77.291662875588,24.639449942941084,115.055871840484,teams.exe,0,none
8.126091410314174,2.516905757098096,11.744356543468712,122.07290391670614,0.05827044890458334,0.513375599540375,29.028467980882667,14.25480133274513,55.52514314473598,explorer.exe,0,none
23.083616417715387,8.399358172226394,43.18990623635091,419.4597780649121,-0.13222343855622587,2.76254114819158,73.51942664111218,30.026966886614204,133.64231393185517,chrome.exe,0,none
5.67103357553873,2.1453600613897943,10.07312060562722,91.69229483990793,0.11140463873291111,1.0164628499769635,23.86970995955038,10.650787066512391,44.590271790802134,svchost.exe,0,none
19.717895448349378,7.771477951991584,39.81531452064432,305.91213136263815,-0.3378347245132071,2.3607234093491027,60.345278335300236,26.912122724619127,117.96875807422953,teams.exe,0,none
21.154890044727214,7.761255347175811,39.51332772433794,308.112876132615,-0.12019758821050269,1.2967968334716107,65.90739981889185,29.590162352468788,136.75494355321013,teams.exe,0,none
18.3038625353526,8.020491714850628,37.64090711653697,343.00915431839684,-0.282947696118498,3.233675147050525,57.3115651137339,25.835189121629696,98.94430225910497,edge.exe,0,none
19.77284791890627,6.963517297231189,37.45301878834938,175.62092581137475,-0.20924776900728734,2.4318768305745118,42.301720078855375,13.893158914168701,60.89042829282684,python.exe,0,none
18.99097721777129,6.54556080688604,35.967456016530065,304.76938876413647,-0.29285273126806716,3.244717753727345,67.20528673959716,25.589922316156535,121.15542310832174,teams.exe,0,none
13.209552814132708,4.586142466432256,22.525217130166176,198.65001774574563,-0.091165018693088,1.1589174964499798,35.63457110659214,15.249324941845513,67.72452868914331,slack.exe,0,none
17.620628290857805,7.621872579880002,30.342170310801976,352.3658146797914,0.042238964918353376,0.9612724823251216,50.85163503305054,29.27699063758584,103.8309306929318,edge.exe,0,none
24.05785629000691,7.494233166329436,39.6597417172474,424.896489250833,0.35121830599501325,3.440024703160523,80.50221969305085,20.16046457797998,119.89231250170116,chrome.exe,0,none
9.331430314455124,8.912026340615324,37.10794270520043,88.22942969056308,-0.08354180970489485,0.7193883138073734,23.464883142179822,10.345002430176985,42.40894554688486,svchost.exe,0,none
14.047238084750102,4.411645615914565,24.24662283229965,254.87209393485526,-0.37905258526395563,3.989291758013861,52.39398772001542,22.925380472213643,101.80155780784654,outlook.exe,0,none
8.05313945274328,2.898771710134148,13.171690031976679,119.73300093150334,0.020290470858673852,0.7716940165211011,30.547563643799666,13.959826819549596,63.240398978050195,explorer.exe,0,none
20.323601881232943,8.004416122026951,37.7080004980872,418.9886409628962,-0.2695230321421472,3.9124877946223027,71.54186508538533,34.103513383818,147.88620076008942,chrome.exe,0,none
17.953114760380952,7.236459254225713,35.17143218541975,392.99960861720746,10.471341524023021,91.84727968246831,48.496170068503005,16.245133422688852,77.8453223417615,code.exe,1,memory_leak
20.23808835755035,5.7739970919761765,36.23126147014894,348.62737982846505,0.01624873405310344,1.30603495594367,61.82899450127231,26.66710105450615,106.13337376767075,edge.exe,0,none
19.21009261009181,5.723281828210846,29.884930871488763,179.9531139884228,0.0801728131081821,0.9754345444832848,40.815851225570235,16.519837128065667,74.12452435319675,python.exe,0,none
23.598642051904967,7.320101557837507,39.370146202039635,418.42383538685567,-0.19138669761893728,1.925207851690153,57.23777200562435,21.213047096406772,108.11287010169227,chrome.exe,0,none
14.577935929580558,4.549380186207299,23.690300576920926,200.942666622673,0.0430627762026603,0.9355405776636949,34.491787611367684,18.04079040727304,81.98679267737265,slack.exe,0,none
14.59306693233192,6.224414938913454,25.828929679050276,239.1420355314428,0.06588584970562389,1.618628016619976,42.352408387758715,21.42806332152751,84.49954825271905,code.exe,0,none
7.706204082546418,2.1712634995407267,12.10303769187384,121.49435524817827,0.14179259829676263,1.2315766286881775,27.468857614630053,9.414127883100921,51.71640475037232,explorer.exe,0,none
8.359586511948102,3.361433646981185,13.238005629302517,120.80495454962144,0.08171641788251284,1.0132333311145005,30.821777592318014,13.854171460059206,60.185381169840355,explorer.exe,0,none
8.457624767015258,3.064578779016396,14.334628950829812,119.63352553197583,-0.04547290989746481,0.7547552492463631,33.66713092002887,13.443486200266776,73.98407246599864,explorer.exe,0,none
21.99426797983492,6.746464409681504,38.45231692342162,416.58268158912324,-0.3096615877955647,2.324067747147086,63.78072193397144,29.7710170887488,130.6188367824738,chrome.exe,0,none
7.605608221302319,2.9028411674604535,14.63913864375081,121.40045924080076,0.04597508452322264,0.6130869236216786,87.38307287538174,204.3243349673672,881.9360121177751,explorer.exe,1,disk_spike
22.254122853893,9.520394472229563,40.889818828581454,417.6645721906197,-0.13361240659130544,1.4466918319328717,69.55934390324086,32.14745028975602,159.13463567078355,chrome.exe,0,none
23.86103676155541,8.280637834647798,53.477007645324,419.9526684548186,-0.17833511356010565,1.6600674914056817,67.58577012804159,27.604915876962995,121.07664041603184,chrome.exe,0,none
20.660141118680944,6.393689373926963,32.075188020414345,428.74617972598145,0.531031589389094,5.485478716923213,95.4520852297292,66.62082033019388,277.1267212763469,chrome.exe,1,disk_spike
17.87375910264412,6.096188634981411,31.599329479475397,178.49601825882965,0.02937339922128217,0.8087821979855634,37.50620569067247,20.719411316690714,79.92654510481827,python.exe,0,none
14.433980748303771,4.875474077200793,23.532326609493598,260.1243498159533,-0.048629242500622165,0.8586589677492686,46.73019684649264,25.570109278070557,92.00059314450267,outlook.exe,0,none
5.563259477826875,1.7129667414869663,8.756524182912813,90.9546206228676,0.04246666489376262,0.7745401357327506,23.271120435142464,10.942697610994779,45.652764357015954,svchost.exe,0,none
18.632664042441366,6.277660423560312,29.60595941057493,180.15698982380692,0.011273112793576463,0.37275743264452815,40.66604887728307,19.561168657163243,83.60549154676931,python.exe,0,none
14.111803305752533,5.267092733273144,24.129646003766737,261.0082275678122,0.14605830024573643,1.679594234889652,52.6699946281764,28.047296002332622,111.70869228710846,outlook.exe,0,none
21.59922851077065,8.943244065422011,45.95270931347257,181.50069420541843,0.018430298870933372,1.155850181644311,40.485196722545744,16.241531065872287,75.09704765538105,python.exe,0,none
7.481530783253868,3.275087653472466,14.89664479128442,121.27507805080057,0.0565554259385299,1.0031531775951557,29.911178584145244,10.734598748127164,49.521526333370645,explorer.exe,0,none
14.042622933519489,4.025135151070412,21.67306928461558,258.9733294120889,-0.04948639962839441,1.6171748035440479,58.84791080345822,23.13426715884526,117.75486810052054,outlook.exe,0,none
17.83006446086214,5.830535517938867,29.72752516479639,178.38815329429522,-0.08323627354234778,0.790191269036567,39.223612539395596,18.051996172428726,65.97711212511301,python.exe,0,none
5.5964403281459205,2.24191312581168,9.704235289769493,92.05218547831377,0.08568377835695505,0.9858950572719337,23.494972482325057,11.077929831716068,45.632859404814994,svchost.exe,0,none
5.834364681102637,1.8570438072928097,9.328556134257216,90.86759253376228,0.013680065798106966,0.4347420267875539,21.827959347345008,11.458092034784572,47.04033479811908,svchost.exe,0,none
12.94505977209118,4.882104669776031,22.925599083385883,199.63662458767686,-0.05032843477205707,1.4937826567933579,34.06324836606571,15.044987409187684,65.17928013547223,slack.exe,0,none
8.363046617213296,2.59779629121367,13.871973760468917,119.21806681016322,-0.05337848666460398,0.7224859766943702,31.68012106148675,13.23485202342606,51.36369995340267,explorer.exe,0,none
25.306164484376907,8.308594844323174,39.92355030245158,422.77137448967255,0.016820666682104957,2.0274271778867896,73.89655464743332,27.533315304943603,132.40508985504368,chrome.exe,0,none
7.964413161878278,2.9889527982255433,15.523374499845536,228.04206776335278,7.255504669583505,64.34705760429036,29.331626066311152,14.741823687804128,60.52669667687569,explorer.exe,1,memory_leak
20.07274996323913,6.099847393066814,31.145916411767608,311.8164364540158,0.33725573821602095,2.7282016369952697,49.22011704208004,28.13794034082368,119.40065729985051,teams.exe,0,none
19.108654876727986,5.86086953753138,28.651048439477844,351.3876064584874,-0.006727798016061115,3.3571112352871255,71.34414997175212,24.50873516202921,130.4107911353912,edge.exe,0,none
16.488969248327916,6.205904223800616,29.231394727582384,353.1489259537987,0.2264236749567677,2.90017421371247,63.920385906995875,25.81610120873437,120.18431067880844,edge.exe,0,none
5.727597602290735,2.065364762858371,9.890301086364458,89.34712118697557,-0.04071473382569858,0.4881405910859786,25.31673165299335,10.89663562149113,41.33833766048224,svchost.exe,0,none
20.133086976538177,6.625361069107567,33.30048717668564,343.0012096443306,-0.2839199293103396,3.5447126903405923,66.96646082593776,18.77713565207984,100.21834365157508,edge.exe,0,none
13.122276839765444,3.7254092218071424,19.317915188075578,199.81735652186867,0.12807913289629766,1.20894301348264,26.078405029035007,15.744088265076936,67.49753544003121,slack.exe,0,none
19.867977416897226,5.685440729727347,31.182694063003716,313.40892751200283,0.21455837819825282,1.4919033892061584,54.6488236470613,28.469244980714553,105.72564645903996,teams.exe,0,none
6.722375935244458,1.853540162417696,10.116946379396262,311.2215933228026,14.943420200452218,132.15297641855213,23.747515428291873,13.267136367501115,52.45238109702403,svchost.exe,1,memory_leak
22.830026628463635,17.778865110199664,77.93780732257918,180.42817938912881,0.09850782604662905,1.2084944223292389,39.13507903408073,16.68565700505221,63.69464236634524,python.exe,1,cpu_spike
14.026624163842774,4.441336780208422,24.65928380364651,237.38934645053644,-0.03606112158788903,1.6254201488900017,43.79738023286299,19.823910612774856,79.05743884052994,code.exe,0,none
16.527626839760316,9.152377193586926,43.11162748093672,201.31963570819616,0.06334388828719568,1.4831984610463955,36.94390753887472,15.672642584629692,70.99849550863439,slack.exe,0,none
8.615827507574748,7.166951729074468,30.279307365674804,91.75375232207715,0.0933654568655991,0.8796577870175584,23.329667880404592,11.531552474577802,42.8789611199532,svchost.exe,0,none
15.819395100989285,7.866596964888983,36.82719273330798,261.6654878886878,0.07300025743880761,1.423092873852109,56.144933583782496,22.592576770600274,100.08006556973876,outlook.exe,0,none
14.100600359036878,4.50913532201942,22.406803152487882,195.74163486487006,-0.15048109670927373,1.556953640783166,36.63223488481853,16.181782839882754,76.27415253957204,slack.exe,0,none
19.85761570526852,6.4169178572077366,34.37141006924187,312.9146397363897,0.25792258272444807,1.9511486723668052,60.259560733302926,30.31147255510535,118.3062580711038,teams.exe,0,none
11.216805194096844,4.885882695219049,21.904490952495166,201.70781210018276,0.049504264995042034,0.5874264979537612,34.20172165371828,14.682949627433462,61.50612959261138,slack.exe,0,none
14.240809713330323,6.11766095887801,22.753250656527634,259.4133236772778,-0.03987159212717302,1.338279140129242,57.79019796421877,20.37749107929242,100.18297843302048,outlook.exe,0,none
21.558750112357686,7.136752146416826,38.99027337097368,315.8228432105662,0.4361343446070388,4.330114362819923,65.96122804652255,23.65012637146476,125.18510181797059,teams.exe,0,none
16.236512208185367,6.604491665269534,30.9633816881774,182.98653473632805,0.3006319187353739,3.484756492199528,42.768850018974504,15.999097674918849,75.9411063147359,python.exe,0,none
20.377980641048666,7.164141343965332,35.08070332117293,314.3300731393531,0.0645275729886824,1.638248369023553,63.563816780988425,22.8342882979975,111.9661719200489,teams.exe,0,none
19.157705509993104,5.448431755349971,32.453961319944916,179.93269367003805,-0.028133059673917653,0.8340359566705893,35.80338017284778,16.723335364480445,69.85515228978777,python.exe,0,none
13.025889175639774,3.631700188028308,21.7571291859181,199.13996419332747,-0.03268248875421686,0.5715136522402167,34.79632591298314,14.757274172756471,56.98021923029593,slack.exe,0,none
18.580721405727143,6.322868879064678,32.55784503063894,343.35124723542106,-0.39413286648781803,3.7709339210903097,64.52210488164697,29.285190650514348,125.02157399507635,edge.exe,0,none
18.957349199780833,8.471467561393455,41.325645607725065,236.8573559607936,-0.22633060016920487,2.5316562223450907,42.93420733035384,19.491840685580986,72.27102613030381,code.exe,0,none
8.035680070244302,2.8775402740625617,13.924762076564537,119.30593212981188,-0.07729219604524265,0.7591090425198169,25.477353227735147,10.782598157204484,45.303536980964765,explorer.exe,0,none
5.755274205234402,1.7639575941800116,10.910205291700576,90.2617947629807,-0.02598814053187463,0.7357338338483157,23.732135370856113,9.724654113488848,51.261247876353664,svchost.exe,0,none
12.058793084986398,4.188586853106344,21.920573281078525,196.6528925209213,-0.06819553082163357,1.7654634560960334,34.31564543386515,15.75069589445752,63.42001954813789,slack.exe,0,none
20.67474176692611,5.875517629763211,31.285394059205135,178.97241430422122,-0.021979920359234482,0.7300819886046573,40.06114242426622,18.949022919926517,71.75428897584447,python.exe,0,none
14.492233041944576,4.175112966232133,24.017192230524095,265.36271437145314,0.2599395173992908,2.251645033777354,50.669040177782854,20.5722224860522,93.05218703708316,outlook.exe,0,none
12.390812601429692,4.127856521188756,19.456718167759526,196.14631924651107,-0.09543546711844234,1.2052125478500202,38.18484636036647,17.033113769574104,79.66745348780066,slack.exe,0,none
19.675462671247026,6.282886760670049,33.75166212685892,304.1873303206195,-0.17951554094947256,3.3904914740241368,59.648197013919024,29.315973463531698,124.51504847952707,teams.exe,0,none
17.55360876995623,4.32042646789839,26.089198584340433,241.48675320836045,0.06399411105245273,0.9950652630708532,40.92815769579681,15.264941889699806,71.12058691692383,code.exe,0,none
19.793391537248713,7.923912812263656,43.76456579531972,179.61073764589122,0.026574145391414086,0.7406438291519764,42.35894305186063,20.10121323122185,85.02465392158135,python.exe,0,none
21.54119389937392,8.010058974483465,35.95676346792966,342.3554050452564,0.8252435730051142,20.926234005470395,55.16762332524615,25.692971081799108,116.82446182985977,teams.exe,1,memory_leak
13.988961484323955,4.7177872799632405,25.23492084168718,239.47911499372847,-0.08178658585644882,1.4420286537422247,43.02130492539946,18.84454796910008,80.77438602032987,code.exe,0,none
16.770058235810954,6.091747470595907,32.94273419064147,178.00501026410862,-0.05810740901544401,1.3347010532112502,40.73964009592196,20.511728236571813,89.0545532583056,python.exe,0,none
17.21167908061278,6.02377061924283,30.65713893910081,347.2623856942998,-0.017608513413824765,1.5248318149898237,59.42141109769112,29.83996104875198,113.32535371300824,edge.exe,0,none
22.4806007287954,11.537216829754636,51.70258589166244,310.1544808239701,-0.08249401061812213,1.5706985598226741,72.34989989236257,20.874347440728453,128.39512431707192,teams.exe,0,none
22.1928496065564,8.609282170479162,38.91737232585044,416.7612127705188,-0.3838684892780805,2.9229295004671605,63.74705287071209,33.090672156535376,145.8058248734105,chrome.exe,0,none
23.47537760119614,7.178149505255018,39.641785802161344,419.67390951574686,0.04813772531247006,2.163792346316292,68.14816247271442,26.15075336779634,115.66849641454318,chrome.exe,0,none
22.06283615199774,7.593474443297557,35.098126493685406,416.90999473526114,-0.09554906045717454,1.4984499079281657,72.10460031866847,30.58257610714645,172.35213585724853,chrome.exe,0,none
12.261795354701029,5.718913322938695,23.811983309527065,200.06379894022703,0.09588457088542081,2.0062840650584595,31.304439747822883,13.962078551502177,54.06370682367226,slack.exe,0,none
23.12967996559343,7.638173659394683,39.80363781107235,419.66866071856174,-0.12793620274828374,2.317235929262919,70.88055140687494,29.58239828891601,113.4167212637355,chrome.exe,0,none
20.9160993182759,6.079590332127543,32.45494969766713,306.25395695565,-0.07469260561325465,1.4315041887151263,67.91636653927874,24.973032655954388,115.13705475281853,teams.exe,0,none
13.913790204935331,5.0959831584179645,22.26599377185191,258.50102445731625,-0.14887445777550093,2.2993830477293846,50.793654067076304,27.393278036411743,112.72394887892258,outlook.exe,0,none
18.35914568819482,21.21251305268965,100.0,200.68822085402846,-0.023332311401139803,1.2423438691847197,41.789854202991584,17.492490854593527,65.03752141053917,slack.exe,1,cpu_spike
19.94316730951456,8.520382536413072,37.84266426833395,316.1694649789902,0.29901963463702635,3.334608372602438,59.41333511269841,32.33082698916647,114.374061140317,teams.exe,0,none
16.171310995232748,6.140474445570217,31.13102043193375,236.18603208366022,-0.134439553379796,1.9938569299466415,48.48710931675899,16.717386835401992,77.28983003372619,code.exe,0,none
23.6256609472716,6.02738437914984,41.32918968940847,419.0995691891984,0.0016556874294735735,1.674562365887681,76.50658033307106,26.02936519076982,126.91753555479332,chrome.exe,0,none
8.46226387192546,2.518637915464043,13.852848783853009,120.20368760576324,0.08305789717072258,1.150022088205718,32.243659297106355,12.691487325572986,62.99232479582998,explorer.exe,0,none
18.697148323863605,4.635377599127203,28.422525975457283,354.2174552280797,0.1184655613836109,3.2954201121878577,63.58473987120667,25.233797214898527,117.39212141159811,edge.exe,0,none
18.207097538810395,6.453349543008044,32.64257911792367,308.86106935605767,-0.15268981342940718,1.8054203196750045,66.45523047043547,20.7467793884607,99.37004195281449,teams.exe,0,none
16.678123944143866,5.47857484140463,27.326288217745088,241.85485403955562,0.09820469434234269,1.2235215641514645,40.98241123801727,22.346428257218516,78.06727801306997,code.exe,0,none
13.113879926799276,4.565067678314841,20.40950048203179,260.70312553394064,0.05437786435863927,1.287230526344925,56.33525461398757,20.751797209512215,99.68935314751116,outlook.exe,0,none
19.917431124500638,6.274590074247168,36.43795660144711,180.03619679776412,0.05457277399843766,1.4509969089129453,37.07661826376214,21.918445793228504,84.23007082141835,python.exe,0,none
17.944015646086697,16.545178155583383,83.76160887770011,254.56776330735255,-0.4030617121854751,3.241828769220511,56.92786027806052,26.916740516915965,99.57344002479806,outlook.exe,1,cpu_spike
5.723850311149908,1.630875045128233,9.419282403532476,90.61928979505274,0.05874488845965591,0.6498471954132703,28.07338567519937,10.84433940565554,56.01648994589037,svchost.exe,0,none
23.38862252162398,5.8040711093226225,36.29924343291989,416.16439939366285,-0.23202089479077964,2.1312284395559904,72.86163624063663,33.06359868320092,139.51913921793187,chrome.exe,0,none
16.78841224670387,5.942832467062455,32.24592558563354,240.68841736871622,0.009940095786926879,1.1458436452347187,46.80811605251916,19.960482505932568,83.6241675057012,code.exe,0,none
17.25732671234589,13.63896414052836,68.43141417989504,196.67902082522926,-0.22353746300595106,2.1408548028035037,38.594864722130396,17.115466174191845,83.71379268633228,slack.exe,1,cpu_spike
17.79281443520174,6.959845968803261,31.736449975857937,182.1101308955253,0.0766493515020566,1.159659172651345,42.43758286504921,16.153733005962984,72.7226515930501,python.exe,0,none
18.496793717224918,7.265064248459967,35.83432328585961,349.4376995181766,0.04259034320073738,1.7826441039314596,68.94458819633084,30.876460274601097,134.89653824039772,edge.exe,0,none
21.887435651474984,6.946859411648453,34.17592519259677,418.2849313286497,0.052114246639210174,2.572202024381757,80.46988718167367,30.876646653206414,136.50205514328366,chrome.exe,0,none
11.739865975000805,4.9663872350127845,23.89975545324475,198.4504102626191,-0.026396471226432065,0.7914546478454931,36.14031084801967,16.28811159987964,67.77003733255125,slack.exe,0,none
21.808260941196025,7.131670119325733,34.78446057087495,423.04736718849927,-0.03832481030486671,2.465692027426943,81.88695475208257,34.46691201672151,141.58614672296386,chrome.exe,0,none
21.036907374662746,7.896950089233124,39.3910861999744,313.2490310754924,0.27649352625732415,2.571911013852738,65.59496399001547,31.020449147844793,128.02046605629548,teams.exe,0,none
13.681014707258495,4.366285728165755,22.155700353779938,203.53406444917104,0.16508074717064858,1.6982211774234346,36.30499300563831,16.63256803045079,62.79879060568833,slack.exe,0,none
7.739456626136697,2.807619889313638,13.119588320127303,120.60845185671464,0.04505191645001503,0.6638033532281922,31.889755582634212,12.076966926244745,59.18575704821337,explorer.exe,0,none
20.998809464879322,7.5915046006398335,34.983431052712774,310.8444526946834,-0.033738631876370086,1.741989005859911,54.89310453514581,19.961175460964824,91.56745749596999,teams.exe,0,none
14.378627695081313,4.175226223844474,24.01170174251976,256.7387175511732,-0.015581205591918964,1.0997328645690885,57.340623188849605,18.71857893305866,105.0761483667529,outlook.exe,0,none
11.326257285816201,10.902194195172305,46.91431163075357,119.5709647817766,-0.002498273031259638,0.47772037233021275,29.80150088292466,12.808223913700466,49.24570824930423,explorer.exe,0,none
20.315876132905963,7.9298102416133,36.667008713956974,415.72465793384146,0.10230604316160073,3.2269570406189505,74.80228189107503,30.872547010194975,137.835066675275,chrome.exe,0,none
14.833221235580998,6.5730180682861805,28.51137821262588,239.41281340152537,-0.16589289816021355,1.908653207961443,43.661083737267155,17.77681823688422,82.44068745413898,code.exe,0,none
22.858225000778184,9.808571153285031,38.11599256618854,422.3038172343488,0.3288438481175812,3.143512591780384,116.32852624971267,155.4435053566563,668.2480535804289,chrome.exe,1,disk_spike
25.385479934807528,16.852537329835855,86.3407882749497,425.4210049125786,0.20061927393428694,1.987237802517522,63.18934478833062,31.99543259496038,123.43247416311812,chrome.exe,1,cpu_spike
5.798922316594778,2.161566298105125,11.374567311042014,90.18808341948122,0.027995268733006638,0.3552490946719983,22.98368393167132,11.238981852933474,44.542104232404256,svchost.exe,0,none
15.458660895065169,4.981519506196397,25.146796074407938,179.41094114014152,-0.07204186443581098,1.1928958901119602,36.30248840914102,13.91613755144891,62.446347459477515,python.exe,0,none
21.738019952989344,14.471971606547667,73.10632480996091,347.5687344433785,0.0635050618952467,1.0193444155889546,61.75612311354603,29.821182880065884,122.4808383872296,edge.exe,1,cpu_spike
13.513980454698922,5.974648484081934,25.08834653707435,202.0681938878365,0.07552641569942674,0.6707230402360934,33.52742566420084,13.041948282777263,53.11083029291421,slack.exe,0,none
8.339844958747719,2.3031197597076174,12.767232475223077,119.70506292896863,0.01307852226707098,0.3392760498104466,31.55997942969715,12.642055868641977,60.68717809254966,explorer.exe,0,none
22.37529011533351,5.953830777519648,35.675308348659655,421.38183550678946,0.20733271679269857,1.772366544175857,68.07064395247217,35.76283163244714,145.91359935905882,chrome.exe,0,none
6.114438166454586,1.4366668841338064,9.806757586815582,89.99946997367773,0.029973640770318846,0.2510757941732822,24.651290995535096,9.418472531400774,41.612532546912384,svchost.exe,0,none
12.35270779378878,3.8544691231430117,21.36535314121944,200.81719118399704,-0.14689860574138341,2.0163180545877424,37.03570234191386,15.543410355185703,72.5997441854938,slack.exe,0,none
19.919768545809998,7.944472827756631,41.99246682138829,309.5801632474071,0.052423223623219425,1.3938598694149542,60.18327381581101,20.662192370796944,110.15565699998692,teams.exe,0,none
8.383621047483588,2.2888173564156533,12.103382725538086,120.50726935425831,0.06613111019130855,0.7120128945052155,27.94061037315747,10.809051750084846,48.53541676123381,explorer.exe,0,none
14.426146086859038,5.81483796516413,25.776379322284416,258.2180549976898,-0.14400962045708637,1.7884054630331412,54.26842127685363,28.365150098773437,127.90491597181465,outlook.exe,0,none
19.931169031362323,6.3791408310046425,32.13259263056863,309.59450717186166,-0.14037944259673812,1.558886051002138,61.26340413912884,22.460170923943718,106.66597795143598,teams.exe,0,none
8.267829858709554,2.8535836728134996,14.738169330227421,119.97125788938108,0.010160348936197276,0.28705569015290255,30.587470201677796,12.364321968051918,65.01548406627262,explorer.exe,0,none
19.603638979358347,7.392002087803086,34.983507867073136,345.0631212429988,-0.4318451638559698,3.8698858137618504,65.38770917902994,30.630511106233836,140.80464329848223,edge.exe,0,none
20.588302620077155,6.043664058564379,35.804699024378124,309.39042584821965,-0.1429813640363913,1.8436914414795607,58.16273146839467,18.095174171567123,92.98715410850434,teams.exe,0,none
20.43160496701595,10.145975843979672,43.805627997513255,413.2355045978103,-0.2589761844424288,3.9119886809958393,70.12885585831741,34.79430743910036,140.51071610751768,chrome.exe,0,none
13.247515307933163,5.051530048835054,21.822939055821017,262.6695719638834,0.03740410862432857,0.5951787064327455,46.22137860415022,21.884560012945006,99.14026696142635,outlook.exe,0,none
22.349946670884282,6.654226698428476,37.73652304127274,306.5539493626783,-0.06491443588840677,1.8347373236608873,61.80737379519737,26.833938764600155,111.21130428592313,teams.exe,0,none
6.079966141564886,1.849604944745454,10.430561395291399,89.4780373234759,-0.012067423524897928,0.3224992059940159,25.68965014263745,8.860781316679718,43.94596700238779,svchost.exe,0,none
22.957780778853554,7.594959465512139,35.24925222038807,446.2808466547789,1.4493060371027373,27.309433164972436,71.04826279572946,25.919270388808254,131.97960218307696,chrome.exe,1,memory_leak
18.571750970668948,6.694208110601508,29.99046882886863,179.41033179772467,-0.01760930334674053,1.1538171427316806,37.78686778720369,17.66585023633535,79.81409494462942,python.exe,0,none
16.310887030430635,4.422042149413297,24.8999485032084,238.9348487941132,-0.015848077244442985,1.0401772272361354,44.465784769534096,20.06525246717124,76.09667194000326,code.exe,0,none
15.144284110244985,5.10513991966581,25.970669589239264,235.5678813004893,-0.36293070895534074,3.669152716066935,47.67011064502637,20.68873582296855,113.4672587211764,code.exe,0,none
5.679464684105508,2.0998723045699768,11.396192654911445,89.60575954464109,-0.016864537070600722,0.5597893177716354,21.134127861035463,10.33039601596997,42.37751624149145,svchost.exe,0,none
16.835878082086953,4.391407231631488,26.115516588325754,239.81938587293502,-0.09803224847458977,1.2287099710369782,45.04424677952322,20.994661771612495,97.50070981630411,code.exe,0,none
19.042847941888287,6.304194438981464,34.209227314128896,354.032805159878,0.30995151006123556,3.726033480172035,104.53568133411711,86.15918471809299,296.67672616658433,edge.exe,1,disk_spike
13.234643899503814,5.632414215039828,27.46488950082673,255.9530647897973,-0.03407996069279496,1.423002718449096,60.72290800618811,27.614166219416695,135.90924653044024,outlook.exe,0,none
13.213213054792087,4.9281243570514,23.33241049624618,203.77063345503586,0.06831432719595985,1.9081109877670688,32.73558388723669,15.948729498743075,64.82852792980513,slack.exe,0,none
13.0446961948138,5.184506255944421,21.65272110849543,198.4598499236854,-0.1609148726277425,1.9014047047530371,33.941260968952605,13.576031711215748,64.97961483585252,slack.exe,0,none
18.633099091501766,6.8561792638746555,32.671591925578,176.25318495115218,-0.19751016871786836,1.4132201747135826,38.055081188019265,18.459810314845452,74.18923022297598,python.exe,0,none
23.30643734241362,7.163497562622419,42.35258171750395,423.569578572015,0.08361777495282846,2.2510052847928135,76.11392362860492,31.999503308722566,135.77841105183876,chrome.exe,0,none
7.916275229595268,2.5716904850227045,13.962874048247775,118.65582242544994,-0.06098407577999249,0.58687439736208,29.49566974854096,11.728393563783483,58.35273934253329,explorer.exe,0,none
19.039512411036693,6.543723016717649,32.17188616538307,183.81707230308464,0.1890273755706005,2.4815454298865696,37.755180138753445,17.67014668082398,67.68212043986766,python.exe,0,none
8.04552784486821,2.747209826371212,13.001955516777468,120.9199500848968,0.038469257979254226,0.8700967228115838,30.50713102222112,15.67747739835606,79.1752661605494,explorer.exe,0,none
10.790512965688755,10.77886580571989,47.826295809625385,118.57238763666923,-0.08537586823735381,0.9919043010052481,28.627398292520684,12.66508288228149,53.78840498648343,explorer.exe,0,none
5.880555246329772,2.4006244308178544,12.100998778982323,89.9211754978833,-0.07785985162181674,0.7699979584396519,24.011222637331187,10.081573646662866,52.349826411605136,svchost.exe,0,none
13.94503319933358,5.186433603360314,24.651832423886063,260.2084765535354,0.04417265715139062,0.7278032154178499,55.98670280980397,26.631066153294487,116.17717612088785,outlook.exe,0,none
16.812255792767708,6.268027896650958,26.47133409427898,316.64681693908045,0.42634598444903987,3.967138882542705,61.28641478774371,25.71483099738416,126.9090519294875,teams.exe,0,none
22.74890414952049,16.134252670449687,72.85991062408158,236.81875379514167,-0.21463351918647788,2.0881036883393898,47.15985860164576,18.320356341294193,72.25381299133639,code.exe,1,cpu_spike
5.808007736655568,2.6112882867786493,11.64427453861548,90.50119337437825,0.029179391238771283,0.5305879104930102,23.6418013319262,10.289371971060042,45.651234859659326,svchost.exe,0,none
8.486844366761265,2.38875773547124,13.923583571924748,119.12272171565701,0.0066081999448703264,0.3132394445228979,32.82201776622915,12.893095205070953,61.1453739143204,explorer.exe,0,none
17.994851275105326,6.389822474557681,26.57195523613401,182.19007757467304,0.20103740312340315,2.461044649701066,41.22793224431665,14.867927477693494,73.65841362977129,python.exe,0,none
12.93223406705236,4.228044047751651,20.661539679582997,199.47860025413598,0.15870979024863155,2.342864824629995,130.81917454385183,208.72273075466092,688.7836677970896,slack.exe,1,disk_spike
13.438995473372593,4.9025826882460155,23.429920671365345,203.8621028824423,0.14386180296934867,1.5455687276607142,35.97824352741804,18.002388479837386,85.9407314396071,slack.exe,0,none
11.609735639202452,4.914505978078521,21.54493900356217,197.98731740431725,-0.10895643497851874,1.0519452933231295,35.86128542471638,15.79507827898793,74.37969653795494,slack.exe,0,none
19.2028451426279,10.201226685449235,49.847280026670845,243.2346073795096,0.24630270334247087,2.3232450000860227,50.760970164294505,25.291508425799954,93.51360199803493,code.exe,0,none
15.655191505005552,6.1910835230211685,25.850111557939904,380.99600627806166,7.98537254329259,73.44472447422898,51.41728499078225,25.951806404094402,110.13511080240293,outlook.exe,1,memory_leak
5.964527172870892,2.152312519047781,11.36745108284262,88.5393817073573,-0.06199039315710119,0.38555490013150223,25.129532266016007,10.183810876083893,43.97624531741121,svchost.exe,0,none
12.857964630529473,3.8448919095721785,20.61913558669935,199.0842626388772,-0.020082938418801176,1.1343731763647764,37.26956306497053,15.711664133059394,66.68424724610742,slack.exe,0,none
6.086261446414358,2.128095710039983,11.16070531725893,90.51496493584243,0.016272270398309273,0.36036498308674086,27.957323774918144,9.89063671415205,46.984300903027886,svchost.exe,0,none
18.974643789605484,8.461262642985004,37.372744439176955,421.36169563730414,0.1544753994201585,2.0791641699371066,74.45973029924339,26.700533861332456,128.6016356705001,chrome.exe,0,none
12.892137012631204,4.453911591472133,21.31929724943766,197.21750821491358,-0.15234814513203693,1.3952946563006887,33.49741267590812,13.885298924354393,62.63260532204904,slack.exe,0,none
20.97467562579736,6.912793134169653,32.40581933660353,307.80508899365793,-0.21677270594695414,2.426502978306303,63.86557665028299,29.422136101887098,120.6914825153303,teams.exe,0,none
15.847713435687648,4.6418745203707665,25.366273200300363,244.88363837115887,0.3066144328455105,2.4455338599882364,44.961972139162455,23.490750043974018,100.4544339368228,code.exe,0,none
13.21317101595585,4.8787295268995745,20.000693901772067,262.1182529181264,0.05469035755796957,0.9156130043089371,54.62075488159761,23.152566053739168,91.46663940181418,outlook.exe,0,none
16.05360936386255,5.365697920578286,28.751027305016876,243.6918300680882,0.2251465027553972,1.8666988841494792,44.274544306891876,19.409518429457272,88.2122137420453,code.exe,0,none
6.014030072487264,2.1614114979442247,13.313464815007864,88.7024459582868,-0.07171245326933426,0.7627908776481358,26.661560170442794,12.690567353293034,49.14998378940936,svchost.exe,0,none
22.635831668623215,7.367307162156722,37.183050773671866,427.2731626360281,0.2842538960039974,4.9475719239872005,69.45691733571701,30.231639115953087,117.08362277679429,chrome.exe,0,none
20.352705859762853,6.397289467788639,34.955215767761345,358.20154934346357,0.3930018074549707,4.24391323744939,70.83170086819152,29.22103080660699,129.32301172430914,edge.exe,0,none
20.687926618035075,7.696877069513288,37.90841500523187,417.66918519099653,0.05423113464244693,2.0263285153577413,68.21888022497936,31.079690072989717,126.41126739535045,chrome.exe,0,none
16.20201728826194,5.2358406859618265,25.638114685665848,245.18268010557844,0.3694560785530579,3.288572192640935,49.66324098940835,17.89085933988626,95.89145304570208,code.exe,0,none
19.20576539907772,7.164130924755513,31.677563396285827,308.00471185211006,-0.23108277462072996,2.578194793272861,65.7269238631839,29.265411405652724,114.69419762114033,teams.exe,0,none
18.26349851599194,7.9960631422348545,36.75572133826289,349.1602129781337,-0.11583799222996352,2.096088849586622,72.68166180399345,29.381963411565696,138.18650201872498,edge.exe,0,none
31.96912352202668,27.39479960455496,100.0,305.95866149238947,-0.0827645759307965,1.140337087426695,63.244843207405374,24.497027563908322,120.71614187846376,teams.exe,1,cpu_spike
16.78151450306977,5.870505778574417,28.3573133985885,178.7898853525957,-0.031278384847943624,1.2722828693562247,40.74241585222401,15.707658142833951,78.53305983202044,python.exe,0,none
13.616237596650118,4.91100695260355,25.51786533657394,199.69876497646658,-0.06896871791582461,1.131954749289495,31.55985176050174,18.140183744098277,74.22112833943245,slack.exe,0,none
20.52389462106462,5.5981692953591935,31.743901010702338,345.98841244497754,-0.22433350839728897,2.231461715647546,64.8242882043729,28.169409141374533,121.96105149788423,edge.exe,0,none
14.237424396891846,4.039796861945748,22.304041823479928,201.85484030433582,0.07665286711101278,1.1498031452483084,35.648493790687404,13.605071861274482,67.12931833406769,slack.exe,0,none
19.134458532612378,6.600982643591783,36.55005538155511,176.78303853684886,-0.05148410251942911,1.1314081458927592,38.406224558839966,15.778313055902865,66.15906644631339,python.exe,0,none
16.979163305062887,5.444304886071981,28.584754665899865,239.70716997246663,-0.08374989950124435,1.1142520880495201,42.86186384428423,22.52379346994334,82.8048743754743,code.exe,0,none
23.758211210777503,6.281215205956107,37.536997204153025,420.74130711399755,0.19917716928544374,2.7651142021479647,78.8371785790584,32.22938931829716,127.37762402002522,chrome.exe,0,none
13.14871176712151,5.218511331195124,23.737010151861366,201.91020133421318,0.022838506252589732,0.8148328258825697,37.68418697470765,16.504835361468903,72.26276318490685,slack.exe,0,none
13.083929624670317,5.815726811489455,24.209631396088376,259.78780305521815,-0.002330720254716804,0.9867399333109514,58.67150449543202,17.922296889341993,84.52310469507955,outlook.exe,0,none
13.418595432803132,4.721150110856368,26.738711680560215,256.63298865997245,-0.28448624452799626,2.3939566802354286,63.565055675213465,23.49184595303055,118.67128356334231,outlook.exe,0,none
21.287246889328763,9.562142410435916,43.743524753157686,345.6506314673703,-0.2506783608929349,3.104748323288138,69.03073532705272,25.459580464177396,101.81626708333246,edge.exe,0,none
18.689324729210135,6.528827185200901,29.31943281377614,353.9712647746536,0.13645520568069097,2.2967365943535363,62.43213880814242,28.54642881387357,119.41704747772772,edge.exe,0,none
15.064256511607091,4.46763113353059,26.57714277034014,257.45777509216913,-0.1136390996256902,1.5220906041641107,57.007565789232416,21.005372889754614,109.18953282210742,outlook.exe,0,none
15.603722289833561,4.983902919200363,24.74483807237125,238.80298455104264,-0.06907554609692473,0.8847544412141772,47.59956007464291,20.80195109571069,102.19238129934214,code.exe,0,none
20.832288548271503,6.430014905705875,30.469969860251265,417.24911869448175,-0.10544077581113052,1.6567574811744845,76.04007689176099,30.55078437004889,119.47566249070294,chrome.exe,0,none
21.725995460651088,9.179670788034969,47.930512818403,419.1004458064664,-0.249852524969585,2.816142513937528,74.64800973779616,22.052264385319415,114.58781130959002,chrome.exe,0,none
15.442663814297056,9.396078318508621,43.732914629971035,201.3168119432209,0.07461182383318411,2.1832442140729054,28.971220189336485,14.097999919838436,56.2340709722938,slack.exe,0,none
17.12770269395968,6.320719522448659,28.094903742249166,181.84415560993753,0.11614076335105494,2.0922340390811915,43.88561371375048,16.49066535903911,76.78156487139313,python.exe,0,none
13.145894546186742,5.5852620522479,24.640473721371094,200.43154082217018,0.1526089217765995,1.9285746599818383,39.043643936937,13.311010879929626,66.45815258724424,slack.exe,0,none
17.061292173048063,5.341910753403846,32.06902975709572,238.020480032589,-0.0868742641280401,1.2831638674185923,44.378717990184974,19.411671466162982,90.0694796922335,code.exe,0,none
17.332572722146327,5.587016430931938,29.39851719437502,179.60042020613704,-0.03708780333999092,0.7536748457520629,44.06639456288906,16.750217631265922,72.49310462878387,python.exe,0,none
6.992673596714033,2.590917968603549,11.71756324273999,120.33071492490038,0.10335968486103107,1.31399890780029,32.251225068007784,12.114320774918376,53.75516793151175,explorer.exe,0,none
13.41676288194523,4.431592696242937,24.04715727312975,254.97024951492557,-0.15833428372507682,2.3977362291417643,50.185475634716596,26.140594168119414,96.27704331910351,outlook.exe,0,none
20.011784999104897,6.686679606359992,34.57286559375786,347.4656630714089,-0.15100556991687691,2.0412295882995206,65.53838402383583,31.101568325243388,136.70816758307996,edge.exe,0,none
6.634016794370878,1.8581912839608847,10.320801828148591,89.54573243759928,-0.017001939210995923,0.5707845578365625,28.25578410985838,12.44471510716794,52.95880310750308,svchost.exe,0,none
21.86132794093806,6.231937707639854,35.54093225734296,428.0041466024149,0.29754587054289156,3.10981082442352,76.87270495022213,27.15266029729117,113.5695509045668,chrome.exe,0,none
11.963314201555502,4.579720525334988,22.735557050697786,255.19510828456495,-0.29470359035690025,3.1918085840647024,59.46592983964104,23.9910219988975,100.55895360531117,outlook.exe,0,none
17.852561318324014,5.35862202344936,29.099534493260254,180.61013439271423,0.0108953176747832,1.5165500676115307,44.08220084739284,18.299641902428032,69.70407084196293,python.exe,0,none
31.805294091985612,30.700676836980463,99.7015815792776,310.4979205026362,-0.10673620819202559,1.7607527070573021,59.19017884485809,24.042440259718607,137.2700211491731,teams.exe,1,cpu_spike
25.800148001497405,9.93754045144694,51.99267294942137,528.519395132689,6.878396171567035,65.09987112666663,75.31982785797945,33.492773332675725,139.3674246742919,chrome.exe,1,memory_leak
21.495839905979857,7.262466597706968,36.2751743903994,310.41387910723023,0.10997570840593388,1.475950238550544,58.7718402763954,26.560920107851913,125.02239678597378,teams.exe,0,none
21.20105153522881,7.159918496415506,36.61071762020937,309.3875757272562,-0.056305912240422154,1.3904944515177837,59.530261465186875,19.688859605728293,99.46780703574197,teams.exe,0,none
18.954833024895905,4.3866936974555655,26.134226267524333,180.6451133966863,-0.03772914307049954,0.8455653136516232,34.09762088758478,18.942893973650513,81.71695066784298,python.exe,0,none
13.19659999124408,4.5767057557915365,23.381499343560915,256.36677120034494,-0.23018377959814415,2.4965094238452137,49.521389935454735,19.65270550598781,83.32769790421008,outlook.exe,0,none
22.780801407395938,12.464279154643991,62.456842149296165,303.3014776072622,-0.3689364757199087,3.966239910147226,58.916763044321016,20.53956230761883,99.39817258075902,teams.exe,0,none
13.107730167888567,4.238996565537099,21.686677222558583,198.7360691973473,-0.10739959123036158,1.1825230162233449,36.34602204290852,17.07405412587828,73.35690453334973,slack.exe,0,none
15.694527488713277,4.582332331315524,23.78605274231801,233.11426856262744,-0.27196790099282375,2.5989413645665715,48.648037785124686,20.44193375523724,114.22733947153273,code.exe,0,none
19.04410913117712,6.478178374250097,29.21537472897776,306.7623527821797,-0.08406457456878608,1.1643730792274087,63.790889609899395,21.559339397558873,114.76855015987962,teams.exe,0,none
5.374372872433828,1.833463429053107,8.568253153524683,91.20492497500571,0.05061784529798956,0.6258637422962948,27.9878935870614,12.080250672322947,50.2843496629572,svchost.exe,0,none
20.24061645901403,5.821503462298672,29.255453405586824,421.3370633255557,0.14832991415006896,2.189744000487075,70.69017860379243,29.467041508111794,130.15544588522692,chrome.exe,0,none
16.15856888464811,5.67137420175927,30.6368197920234,238.35116660968978,0.0915745192829263,1.702469234384783,43.059155983763304,20.46142691245074,92.67841318337756,code.exe,0,none
17.439414972921817,8.33579251177184,34.02812821386461,308.18445697290474,-0.06402123441470167,1.4587380254951383,50.33312584919218,24.523290395276657,97.7291420494373,teams.exe,0,none
20.09411730319388,8.254673171488713,36.96360364960661,422.92871092584477,5.583836538090581,50.49487856834586,63.635815748505316,34.46293881478697,148.3843375397694,edge.exe,1,memory_leak
13.985330009260935,3.404058888791011,20.104047629333827,260.1788565599199,-0.09141976329138211,1.2306828217026087,51.574229507421904,21.39412238165378,97.2869742977145,outlook.exe,0,none
18.531862177494165,6.776808030753539,36.71317677020663,241.7942823449731,-0.024686605377477615,1.3270947302131104,45.63122994738417,19.347821571396427,83.12256519923633,code.exe,0,none
17.943368622768347,7.0765478531499895,30.470197906821817,347.1968853002323,0.03482275100801644,2.00092459768521,76.39510259746956,31.189731990311294,151.2802971484226,edge.exe,0,none
12.953408836055798,4.479093331728983,21.303199531022372,198.2123851814129,-0.0813224058433292,1.4645786576361146,37.533265275073695,13.270672031754827,68.75928749023743,slack.exe,0,none
22.173159521405573,5.735694338014119,33.39954014249172,312.3556502465876,0.09384952362090075,2.34720159091802,58.16552683294203,28.095808748749526,108.20165033130345,teams.exe,0,none
18.663253219588004,6.489504915612796,30.671736038647115,177.38916460158038,-0.10549527642995903,0.8751344081247248,39.023247387481526,17.62680314304192,74.33650282949759,python.exe,0,none
5.693817231435196,2.4342408291938713,10.836983886478325,89.15333227197753,-0.06005886132943772,0.529412330125211,21.801317499782748,9.917990053415613,39.91065712338201,svchost.exe,0,none
7.902287294292161,2.482327894718215,12.548475462475235,120.36871276326548,0.00013568945040087025,0.48285826201185716,25.892457978657376,12.78826236165929,55.23844792771888,explorer.exe,0,none
13.486832711622094,5.372175614164704,22.957327520493042,258.2557659482338,-0.11742341236878247,1.556335827077955,51.97543686406407,23.906128544171725,92.29631872495563,outlook.exe,0,none
20.8764179925032,7.265128187036513,37.12033264805525,422.0205522198852,0.263083244599693,2.5583351741241542,73.46714947299894,35.239353800328416,164.7899252209299,chrome.exe,0,none
14.371422256998907,5.073361343100902,31.01316453308128,198.7783953696425,-0.04802361379355394,0.8247300989330241,42.880703697880904,15.509050010033597,73.13863906107707,slack.exe,0,none
13.383823907677385,4.789750381207824,24.062890541214728,259.72943181009333,-0.05398530163522537,1.4729432301111312,54.11575159642903,17.85753276199481,91.95632135513719,outlook.exe,0,none
14.825418653737195,5.058887265851854,26.020819495556864,239.25598272185917,0.07805698344958785,1.7178189835105673,37.82187269929373,18.330332883887326,68.4707996766505,code.exe,0,none
19.884508623766454,7.021599601681409,38.27508696867585,349.185387279463,-0.021108978658169995,1.8358222682465273,64.91065578835143,26.07655570309102,127.17684302615339,edge.exe,0,none
8.18355247534022,2.4473220240027467,13.813007346681495,121.19807511909372,0.10808348079273221,0.8927620875626779,33.41177470414934,13.13771840857069,61.54258175457985,explorer.exe,0,none
12.337989723186274,4.791696811576198,19.587896371461976,261.1365749410299,0.10318618249316197,1.038544764854968,58.878788145609896,21.172524228553883,95.65859328122934,outlook.exe,0,none
19.95161082938673,6.026054844049928,35.94435944589956,312.6139751180521,0.14090602305658423,1.3304557978922502,59.67722246296383,22.064378485260885,106.04701028221746,teams.exe,0,none
22.55082611769269,15.777003513954536,72.44934988789672,318.4817142056816,0.4317359884018022,3.899431624059365,63.285601213414004,29.373061945851774,117.53958361729036,teams.exe,1,cpu_spike
24.2762372097506,8.110937427236053,46.14476573605336,416.8070345353141,-0.3007061987331705,2.409117496868493,69.08564426355947,22.446416687043364,97.90178679547233,chrome.exe,0,none
15.198553555532168,4.941114366343379,22.89802563430255,239.2970871505362,-0.10238625720004867,1.228270081782422,43.45338606194793,17.722175319514967,79.7816892521391,code.exe,0,none
12.430046649668416,4.147450698152259,19.699893488668547,198.79692715109616,-0.04302790209907717,1.4041043114982057,33.93878158797231,12.14974975960336,55.729736657754685,slack.exe,0,none
21.308681591787458,6.965388619539593,38.6448915040979,427.0684920899885,0.35269351222073625,3.5534642258032005,68.19468374509547,30.603349722831624,120.84521998708863,chrome.exe,0,none
19.560340526429766,6.762260571213584,35.757526001583855,308.50090002055265,-0.03982797224380382,1.1514105972385147,59.80199753893227,25.13384273013065,118.27305286726846,teams.exe,0,none
17.85511406928265,6.2140226554703,38.113258594202804,180.13266499216,0.031533323275938115,1.290214969715672,39.1176579251585,14.624717201197802,74.79598290545144,python.exe,0,none
18.88126617528809,7.819125639265149,37.92585580026828,181.76166620103987,0.08700761446534765,1.0619678743059051,42.843899146112115,20.35168366138301,100.74908703148752,python.exe,0,none
20.023147476161345,5.587524345966001,31.85907369202357,348.9945269109596,0.033286605931478634,1.4811197901451214,63.54747910740915,28.07257602125498,122.72016355109409,edge.exe,0,none
13.955598288996622,14.56651880024325,75.08767665246133,200.07583832276308,0.02332583707934172,0.7965157525839882,32.53933286626541,13.255038812566552,60.52862126482829,slack.exe,1,cpu_spike
19.06023920892867,12.054231098984298,62.32811973908129,234.84455924139553,-0.179368135368775,2.858102068876637,45.62781731538995,18.446601693454085,87.18377791586057,code.exe,0,none
5.911065017816554,1.7968152573033858,8.629211247898603,89.71011094477883,-0.06767143813737893,0.4748352506420848,25.41198605575662,6.790887160635654,45.155319821051904,svchost.exe,0,none
7.614201180572871,3.310062759148232,14.97899877532726,122.00529354375502,0.10908527489880365,0.9755929754858084,28.902887081094708,11.965177889175001,54.709825094447424,explorer.exe,0,none
14.77466896266847,5.2549805326592445,25.90999094008132,200.51351303148647,0.06645229886801379,0.7612568624230172,40.29460191822477,18.405380921281854,71.89750742011265,slack.exe,0,none
24.36487359772918,7.885609809455784,38.63795869557502,723.3960332874923,19.040676115849887,177.00050892854495,63.33743221572237,36.1331334345758,132.90167568840846,chrome.exe,1,memory_leak
17.806190620538462,6.66520044113051,36.84545645995419,180.90487242949305,-0.02361521294715961,0.9364774782299483,38.412957328735516,18.89985846208405,84.18354361719608,python.exe,0,none
18.03393495216265,6.915198483499123,30.35758811800874,345.2002746211005,-0.11315313953537233,2.21983131955779,71.45505137610999,25.062312450278803,131.7789377072415,edge.exe,0,none
14.026884679214286,4.202485080735892,22.488957898866833,236.7166394214356,-0.17017839762663697,1.3996826226994,52.549183215731404,15.630117215047262,77.11343674815708,code.exe,0,none
18.792060923880722,7.298769875079429,39.71489328507979,307.11085807080104,-0.33489146946269555,3.7566600919134863,70.3653391520004,25.079707952242025,106.06748469330324,teams.exe,0,none
18.75283122787316,6.8546992769184865,32.27539405755044,179.81126564059298,0.002732093496188289,1.382812132242874,42.23018318583299,18.259024738537047,83.25372672913485,python.exe,0,none
13.299694323277686,4.971616973406803,23.277737469193923,260.28989651901344,0.1308410495256074,1.8660738935366712,53.17824181801918,27.00225940424177,130.68728748293358,outlook.exe,0,none
19.233332355654927,6.804512670489843,31.673508048225372,350.9685333603254,0.02528819219653163,1.4249529069249474,62.18855856615753,23.684463001115304,105.45341582176272,edge.exe,0,none
5.726691755998472,2.5459693459141985,10.150880254639542,89.7976100818519,0.009009024654340673,0.31378504196440626,24.395552306412934,11.102043607177544,47.667271546266306,svchost.exe,0,none
26.157627095412675,24.54491587145655,77.04238263246782,199.0230979452337,-0.2278142748602164,2.263200909695785,32.228213511267725,16.48654067108516,81.39093891830046,slack.exe,1,cpu_spike
19.90441220475146,6.04739147771383,30.52762176486334,347.9250133768153,-0.15408497562268433,2.069388694620551,70.59127679496304,31.986158250719054,139.29062159263185,edge.exe,0,none
7.87137217715355,2.9672843563084577,12.454436469351641,119.81596584404276,-0.051151434415831906,0.5458023094456985,32.50837805026581,13.771972964968567,56.60937803696477,explorer.exe,0,none
18.713402085266868,5.2942702153534595,29.666696681128485,350.5724803360681,0.1390595083378874,1.5769776103954871,72.48892613915069,26.531048230856253,118.58663290712785,edge.exe,0,none
16.375781784086573,5.081925755484802,28.23069123620365,465.7560775268068,13.13298908149735,122.9788483411568,55.083741545079,26.818679490888403,107.03742301548074,outlook.exe,1,memory_leak
23.342336098788046,8.981176441970787,42.8000779034532,421.1390708451858,0.1498304649649943,2.124292977388513,68.30944112471836,36.96356200524441,156.43935124611454,chrome.exe,0,none
24.946815558068714,7.558528872177236,36.06075423341136,561.0325532006871,8.2125159998225,78.85282300562548,72.64886627670468,31.764568152282845,142.23620999669856,chrome.exe,1,memory_leak
18.00894476068547,7.801755461854825,32.77922170285885,348.8458337398554,-0.193934215214216,2.410524071689679,60.81504203540808,26.928159263926453,116.08075705060736,edge.exe,0,none
13.32667029430004,4.4990245730760545,24.92804590034679,198.06596100173326,-0.01982649586880427,0.5565575261140723,36.14530510309028,16.279461527618782,63.3883353902887,slack.exe,0,none
21.272755294839225,7.200318721118605,40.7414591330821,459.8915209296046,19.047016464065845,168.6000950462518,45.3927024806505,17.12874162318477,87.61796616169164,python.exe,1,memory_leak
12.771775134757855,4.338037806032122,20.685054630151377,198.44699764651594,-0.09705193429236185,0.9026524731602602,36.003408635213326,15.436903906263035,60.321567681877625,slack.exe,0,none
21.417464300150908,8.023346056800609,40.89246293839081,493.7142212642548,11.459769357781031,93.202209732223,61.44217248867522,25.44247937828699,123.85479085107525,edge.exe,1,memory_leak
19.310844197831024,6.172031067771907,31.294383389313573,311.4450869939782,0.0331594653102646,0.9682538810996943,63.462588276787336,23.161906747052544,114.75808250048021,teams.exe,0,none
21.013663984178827,8.685064964123889,38.007954086226114,422.0879031598696,0.1670024916304101,2.880885005384605,73.37759329469364,30.22934876034764,137.4967845593902,chrome.exe,0,none
20.39116664413727,5.0044478152789305,28.17325426070098,303.61361271755663,-0.3032788948152169,3.7540431818960243,61.28462104623718,29.288898120620146,132.05497399589515,teams.exe,0,none
17.978127323740452,6.349145699991449,31.719994329868804,179.9584570265712,0.009426042765933099,0.6977362990710305,41.9001277213183,21.289918262834753,85.91619527572026,python.exe,0,none
22.460384838167624,6.728411079992402,42.89764023381625,421.90511095359557,0.22993654926213292,3.4278073973712577,67.70235281762105,25.185519860800124,132.5552899520987,chrome.exe,0,none
24.131513020384762,8.20119559540385,42.27351711114541,417.5212268906227,0.11560473517519085,1.7737638290061168,70.56946552909871,28.108500241498437,151.2446686037656,chrome.exe,0,none
23.557559083291338,9.281775587919494,42.657264105367666,415.64868992990597,-0.31818549630720366,3.239185341353322,78.253307464424,32.74663742025739,145.33345643529907,chrome.exe,0,none
18.796013827844497,6.610563155275271,31.82125625471366,344.51974759553315,-0.23403392348907534,2.9378686892550667,58.84872753565085,27.57323315150984,119.71474338664288,edge.exe,0,none
13.742839906704571,4.515698536489905,21.082640576058463,202.90884108130842,0.16123814122318644,1.700636282323311,41.24968116621705,15.744274556947316,69.34251350778592,slack.exe,0,none
22.528785763842613,7.182609668012837,35.86103948598499,417.65379632530363,-0.061011916213156304,2.5364799377860274,57.095305418065635,26.914579391523773,120.64386212034466,chrome.exe,0,none
14.34869010945844,4.221381653945326,22.69225861449113,199.94425590282472,0.045520463676778415,0.9035018537550089,36.6346085052478,10.798356656654246,53.76622243776571,slack.exe,0,none
9.22451985766158,2.1415421410656403,13.00033753152809,121.37112570701757,0.08831066419019985,0.6470930781408488,31.026674366093506,11.003448462324899,51.398289831530974,explorer.exe,0,none
15.4167709061279,6.1229986811860195,27.839757219302548,241.30070621112947,0.03914697999496752,1.9528148713445495,47.21251849814096,17.32419213367587,85.03359254375084,code.exe,0,none
23.426351262049725,9.39204428379082,36.271515999056994,415.7213559780305,-0.19375246527046103,2.1056716139451,66.21619881320606,26.693644713092763,108.65508456648179,chrome.exe,0,none
17.12702274039914,4.746855265508342,25.200441265988836,309.0172789174282,-0.1767592798621081,1.7821964529415697,54.18665279809398,35.236081073723426,156.5511558001005,teams.exe,0,none
20.900504260059158,7.123428578784253,35.2794285199984,419.2733095075945,0.06310450344899815,1.9959342934236513,73.63899628648637,28.056479258394443,118.73112707224806,chrome.exe,0,none
7.842602149163032,2.9811749419731854,14.121292869492274,122.00334459633896,0.10844427857959289,1.2188449385509443,27.03835091067647,11.9018427552941,51.76140322702946,explorer.exe,0,none
17.64538000477162,5.813499232579239,33.09712474200141,179.7381089761354,0.01653422539723787,0.7935621069921402,38.06424565721769,18.875484868234985,85.22472232628738,python.exe,0,none
20.855348340947913,7.206934039814514,32.08861042911269,308.7793651489164,-0.189178377713417,2.6788054962340806,67.42535721111382,25.53738247984571,120.76604116896651,teams.exe,0,none
8.28564079573936,2.881134462994402,13.87146711117755,119.36989152900371,0.05304167861649394,0.8083746625960291,33.18743455084982,12.442934847724429,55.3125151764891,explorer.exe,0,none
21.31185631453555,7.309421177343438,35.71674420135989,432.5851258850319,0.4344344536189169,5.103701213806211,68.7615531274118,23.285600530148326,113.5639341583624,chrome.exe,0,none
13.52403869755091,4.346651138101931,23.253223212817737,200.67296124113105,0.13297565048240567,1.6466937922198428,34.389442052851045,19.206559807079575,90.16507731520826,slack.exe,0,none
15.025032308467846,6.089852064018942,27.60901035196175,260.9934727014681,3.816868537041549,35.54357805460332,37.62687231692975,13.15762519831818,60.81744896197601,slack.exe,1,memory_leak
17.264157221074267,6.832443061601343,28.309478129950215,178.88049982303423,0.011791917700649416,0.8787708358113664,40.80009751890933,15.470666788684712,66.41754299816648,python.exe,0,none
12.725810484636273,5.130304470204455,25.173773357638872,200.89378050994995,0.08757075350250242,1.73479638893789,36.25173163954185,17.321968953249712,71.29550242447297,slack.exe,0,none
17.596218664119174,5.709432865040097,34.151050831069995,240.78077951913923,-0.037274540478216524,1.4314989959532396,52.866187699845824,20.509761232213332,94.1563088978366,code.exe,0,none
16.70845110576509,6.178340102158673,31.276607241265538,262.33196409687173,0.04012634388789517,1.0189395579577931,51.74589955222359,21.870208177077814,97.37282224385909,outlook.exe,0,none
19.74091904592283,8.537889125455624,39.90911184957481,350.8042347943723,0.11380468130064021,3.054319690839653,67.55159466666579,27.2443460339502,118.6120584046636,edge.exe,0,none
12.840136423439676,5.383806970552104,23.089241930316383,201.98611785662425,0.07560654406122087,1.2180928481050024,88.51282905550859,159.5565452189212,600.6997880860824,slack.exe,1,disk_spike
16.967121157002232,11.007920168187336,53.48298499114738,263.1006333466334,0.11609068371041455,1.9995782485445923,49.20186709805854,27.7291909755289,121.21643147515249,outlook.exe,0,none
12.307186794773026,4.381005599131722,19.371279625124075,262.1239534687772,0.18213856092367753,1.6818041589382482,57.95304205864074,21.470492032913032,113.37680670889088,outlook.exe,0,none
19.38959714963647,6.916924680138706,31.345616039753082,343.092248172272,-0.3327811796671313,5.357301563802387,63.81494047795474,30.07797450859219,126.22313405925658,edge.exe,0,none
19.776789091146064,5.952747949679558,29.742435178215224,351.3769581256659,0.1496796866584172,2.601233752028469,60.266725044142234,32.850442030908376,121.70109597413534,edge.exe,0,none
6.143701440829519,2.4438046368508926,11.230997716239811,91.90654017556825,0.10373744392820897,1.1170507506861498,26.65412622234532,9.74149357544563,48.26795685472905,svchost.exe,0,none
14.91713019898307,4.265204850286054,24.91454371519488,256.47774490169496,-0.21018809660262433,1.764121463703811,57.426332912838895,28.7601058994352,132.17760423777764,outlook.exe,0,none
21.052703458208065,7.4745872136216525,31.899674882934303,306.71044924795467,-0.139271754588871,1.9526554052815182,66.18157130279177,21.327633703289727,105.93759715596659,teams.exe,0,none
14.135381165637941,4.170759326353125,21.39781806461929,201.2615949123494,-0.015584401167888966,0.9151547309325606,31.787155080128567,15.050274571770885,67.67893103731646,slack.exe,0,none
6.384965126541811,1.9936929719293066,9.19001767797241,89.49126364412065,-0.01548824970398357,0.7006140328690011,26.195941690812237,12.007943088106597,44.12987246006357,svchost.exe,0,none
14.261981623934675,5.3939922406106815,23.99794961242493,259.61971837779333,0.09363951228368515,1.2174683596726992,56.7742331323742,23.336021165671944,111.02304086161476,outlook.exe,0,none
19.02503049503058,7.701038412351676,41.53616841585284,353.55371509044784,0.2173730466755122,2.6387947859606062,66.9172700479245,31.84464931164334,128.9281397825591,edge.exe,0,none
19.128560817067424,7.856227111631012,37.29075974705282,307.32574823800576,-0.14233816096256646,1.5255897981663677,73.5380229829701,44.22585308257642,231.99832295869555,teams.exe,1,disk_spike
13.389660517755647,4.3140510407235775,21.589670498814527,261.5931978303979,0.06423455114816648,0.8702611676788393,46.80951720191267,22.66783959768713,102.55377053678437,outlook.exe,0,none
7.984525124508624,2.546050579020929,12.068529208576953,122.2290367447042,0.12477190999917744,1.141543570859774,69.61461499457525,90.19991274366842,347.29617182193766,explorer.exe,1,disk_spike
19.001841686577055,6.032006361550601,30.196925015456145,346.773627701863,-0.2993639516539285,2.431888615635456,63.196446682315674,34.52975405667274,136.4899338430463,edge.exe,0,none
20.565802245678682,6.991384934810107,40.127876277158286,310.5496412011723,0.07917147732316797,1.7684485039725124,53.89495219527724,21.139232146695953,92.4235830854677,teams.exe,0,none
18.040650398094474,6.154209562599348,29.67384572712304,179.01648468897753,-0.09279823639520828,0.9358903884932015,38.245090022762966,14.951244054081895,65.37940957577902,python.exe,0,none
14.258017150647545,4.546584145430888,24.598673287069406,262.0795196089735,0.12074462005162066,1.8560438703809838,53.721454354249595,21.024718637833427,96.5722001378517,outlook.exe,0,none
7.870538249130472,2.577217549767913,14.079085183382233,120.31007494745889,-0.0238933582312157,0.5450667885447179,27.70589209296002,13.361760312785016,50.85285147612747,explorer.exe,0,none
6.010939914477666,1.931258908526323,10.656924880685054,89.34396430289345,0.02207667074772483,0.41510744749979217,24.477577395909183,11.667640379177252,43.94821601084989,svchost.exe,0,none
8.570210348408704,3.4092320490047006,15.350356028434216,119.25318695384165,-0.007994549551615649,0.3164821592898059,25.560451215048047,12.17926836136308,57.5200174987738,explorer.exe,0,none
16.591371651106307,4.335399299334954,25.796163917949283,242.1788526137007,0.12490285490906103,1.4191530368133056,44.02378556688995,20.949114469840932,86.33294378825846,code.exe,0,none
14.14604528847423,5.772482424809448,25.34130047749663,264.8476587723197,0.24632883165801142,2.9761283047818057,48.14788633090303,22.994051703950944,97.00478220477376,outlook.exe,0,none
20.249855227308192,8.160258027976868,38.381201384829865,345.3249691892436,2.7273935683034702,28.68424372027443,61.822917281962496,30.343842956424485,120.10917146031672,teams.exe,1,memory_leak
17.592043454785802,6.306433269711631,29.958960634629786,313.22825372875826,0.1425813681451037,1.5649638833241795,57.3838049194411,23.572080097283227,112.09435022435731,teams.exe,0,none
15.766294814163457,4.533848131927721,27.49351048789688,236.41369062828244,-0.22748218768741235,2.0532148110909385,46.59693990166571,17.215565298753898,87.96787542673027,code.exe,0,none
15.867820968967207,6.3018230575973195,29.9149354246135,241.016052622313,0.15093577792508672,1.8800718606767879,43.27189766109309,19.228300190147053,81.08511987810097,code.exe,0,none
14.42858430495551,5.491945292660223,26.363895623348576,225.5307870198001,1.8458560270362294,17.651131137944848,36.113009493609134,19.448547496610246,70.57104187588965,slack.exe,1,memory_leak
21.051786873205916,10.352502789722433,50.13139599123362,310.8231461654614,0.025982104494369197,1.2083549516951095,55.694458545329894,26.322118690663984,112.51779993331633,teams.exe,0,none
16.206181099149106,7.673099831422812,39.17112704374087,261.5249533545703,0.0456377401928421,1.7493896834293996,48.35075303319368,21.981899316687294,97.54265939575421,outlook.exe,0,none
5.6756440841207505,1.9658125260192116,10.137476087836598,90.78127907381291,0.0101038930310537,0.6369867921702269,22.683249706076644,11.076545929856582,50.93026180542182,svchost.exe,0,none
16.81362821276311,5.770863501779637,28.232115855304066,242.9041926748576,0.17674226122706596,1.6086874672390672,46.93562012625717,14.913856512231753,74.79288853915949,code.exe,0,none
6.466629856195946,1.590029090965735,9.454365662600242,89.7293255286353,-0.016590789149805593,0.35545001912021973,22.997430097208596,12.416003743042202,51.31632976358431,svchost.exe,0,none
23.414374339597725,7.236333873881189,40.71631041803508,421.84188880914456,0.13821390716330673,2.5749278570288685,65.81316381990347,33.44769395595074,122.97088977216302,chrome.exe,0,none
19.68300640566207,29.717325969092418,98.6280144504948,90.54878946804301,0.008505224830443107,0.3635817099131069,21.80611342359151,12.386786383425884,52.50274182787773,svchost.exe,1,cpu_spike
20.550179485050396,5.165127928201962,31.249393383802445,315.3889081814054,0.08007446160470219,1.4078570886681356,53.63975937766816,24.31568166663842,122.06605638479023,teams.exe,0,none
13.867476507296542,4.435037196750592,20.957721604356795,200.8460649107646,0.03646604715630796,0.6897780553562799,31.661429626354515,14.421816427466235,59.05929101948033,slack.exe,0,none
8.224984146236528,2.9319477145892257,14.119277434208232,121.56636614039054,0.014139910382286302,0.7649822743646483,52.07184516379046,99.26546317140102,456.7508196593625,explorer.exe,1,disk_spike
16.42069640667233,6.54250405310741,32.93389900947134,238.1504233037131,-0.09549691517681538,1.1446090595140965,42.30352306242382,21.12975849651166,93.43842556658043,code.exe,0,none
16.82153827554504,5.9231329614163934,30.443902261400346,233.49608007076756,-0.3089766072885984,3.4573040520044613,49.34271901962951,19.611688111246725,94.53123447548944,code.exe,0,none
16.33221291411794,4.783838279628865,26.531096474696557,244.39580323480874,0.22617440410103504,2.878971205435801,234.51690899216848,374.1622857454791,1051.560442901824,code.exe,1,disk_spike
13.99137488916561,3.7598287774843056,23.42564217414587,258.633100657485,-0.1577496229725161,2.0633823691410322,52.59226865714255,20.33211894755883,113.80428212641428,outlook.exe,0,none
6.449217767037283,2.2579047683198725,12.19526586819563,90.68403482180587,-0.010948385516453147,0.6105401404552007,23.65849412656285,10.716463555449238,41.97268945986938,svchost.exe,0,none
20.083647183747043,6.0584477387323075,36.71361507684515,179.99651032683167,0.06375777921578181,0.7368057430741731,39.18441169674283,18.194194416137158,74.01546607936898,python.exe,0,none
17.23798013934878,6.84276546143098,28.167679991195058,178.86575973591025,-0.025040418176069088,1.0945292114371097,44.31673235739582,15.88701882533638,72.181770639913,python.exe,0,none
20.485912910916216,6.588086221560383,33.38970884315281,309.2128037092028,0.016467654777462332,1.1896959521754862,56.52412398775532,23.145430345562104,100.91001881558873,teams.exe,0,none
13.311013361972249,8.062334491058026,43.0700922131354,200.44568922623276,0.07272903840047604,1.4992847421143352,36.7956648625802,14.492028715111045,60.856156391774256,slack.exe,1,cpu_spike
6.3546499892525725,2.2014310086552955,10.945887917397396,89.44461862410692,-0.03203187886721632,0.48046438868669633,23.294188090191867,10.269812281982919,41.880964026898354,svchost.exe,0,none
14.001969874059979,4.672367522863175,23.642826886711816,260.3089430965294,0.03667527928607228,0.9207605200059841,49.697499694622316,19.10891646923663,92.30430521405765,outlook.exe,0,none
12.423513354975244,5.151143389478202,23.79383299097727,197.4323720073475,-0.11386402130085002,1.0139513365640123,34.448784457852064,14.33369379123829,62.001873280478264,slack.exe,0,none
18.20307657068746,5.669997419864228,28.49213326713567,348.2879787067554,-0.14342023860132827,2.6858239472768797,64.96413704370548,25.52713688369059,117.57847779325914,edge.exe,0,none
20.07630027192469,7.890820109502198,37.14660670491148,423.5802038369051,0.1258802175588149,1.8635771118658715,73.98192689482912,26.638805476790896,140.0144153676548,chrome.exe,0,none
6.036961935031311,2.155898778841817,11.339234869365217,89.1578348569563,0.017865927842921774,0.6066864542128098,27.552474230310636,12.061916069272627,57.88641782812234,svchost.exe,0,none
8.275056511193254,2.4780354027875995,15.17823296986055,119.54762199272757,-0.01342996925731749,0.4841904961178154,29.090927810906482,13.233114976746725,51.53220173591852,explorer.exe,0,none
18.816732887808083,6.923399267330335,33.88804071393577,349.59058541110403,0.08021719718794884,1.9408862239301607,61.02485290080319,21.739586032049637,100.66799063461121,edge.exe,0,none
7.923689641170613,2.9037182636845826,13.259836173829438,120.395895912956,0.013799059491945324,0.7015342472575998,31.11057425728825,8.754409422656032,56.30048357710392,explorer.exe,0,none
20.609084555318613,7.422923455384721,33.37548247366327,351.1412539188841,1.8742506708664601,30.52132590744139,60.652269841122134,26.990028582160853,113.02979780054616,teams.exe,1,memory_leak
18.47003503671571,5.058725429473818,27.820983518173797,178.82824750906465,-0.045438303846144855,0.6611832045148344,44.94874630000695,18.92647859541017,79.64020244062598,python.exe,0,none
7.791991896727499,2.5818661579204387,14.068629405525314,120.65988805740139,0.047363292021893245,0.7700044218549024,28.96419045621985,12.112121330022935,61.31470330552111,explorer.exe,0,none
12.835396415733776,5.182008574017175,24.420580836527268,199.33107209631837,0.0311811153114301,0.923011549429302,37.11719385263782,14.726482224464732,65.51701312731849,slack.exe,0,none
19.022987020229063,5.77476687136409,26.452521015776107,179.66845300091828,-0.0026083910284474617,0.8527297164772654,41.58700976750081,16.073064621843887,70.86900471479534,python.exe,0,none
20.49118099274954,6.816311101169098,40.2344183914562,308.13598662617306,-0.0324743758309656,1.1222982346758206,63.18023674993238,24.23920493352075,115.39069800356748,teams.exe,0,none
14.376101737801251,5.369769358481708,22.921806673815475,239.83338352499558,-0.12655750258562365,2.232866712630273,47.30628272983445,18.71675014863079,71.44232977806328,code.exe,0,none
12.337498651417896,4.453187381205387,21.005940075994314,198.6989921797905,-0.10819198685692963,0.8116468147106038,38.55519689088479,13.818475080792867,63.051355733066146,slack.exe,0,none
13.61813232195511,4.407557381710726,24.913706311314613,199.0772636193971,-0.06869549026672625,1.3563663547305542,32.389288935992596,15.760814902964569,61.77005441258752,slack.exe,0,none
20.520721897679515,6.506612854025512,29.534409165913786,309.43767417846635,-0.0923982663716591,1.2834549570605471,62.57157720019325,23.241733822899732,117.35853969395066,teams.exe,0,none
18.848063807162458,6.268453261608023,33.75242453143105,347.1423472578026,-0.4725400887238569,5.037469402625778,63.165548715845254,26.78096332017535,117.19438715808425,edge.exe,0,none
19.72492552153488,7.799206775564907,38.38914570800905,310.26477584025974,0.0507786973314334,0.989967207069562,62.51334419719295,22.3244618608684,100.41461236026717,teams.exe,0,none
13.009481274053257,4.087997906000568,21.81377506200478,200.36502084808131,0.1521728471250441,1.8148375851389154,38.460797050813085,19.23591903956634,83.95865362780202,slack.exe,0,none
18.57189712623372,4.9530334057141205,29.890493727045296,180.16512888716917,0.08608105676548423,1.23466283088702,40.03488247035224,20.661798815139587,87.18564849849565,python.exe,0,none
8.740598594568942,2.2486707186994424,13.130339300509068,118.78462732769746,-0.04488437911647765,0.8756247934663758,36.12915841204547,10.279909426427388,55.14759180349611,explorer.exe,0,none
8.158169722804269,2.3128806934509334,11.925513628594164,119.83755815037168,-0.09258874077439146,1.3887754364093545,66.03754197272146,111.6982980380454,445.6128805016846,explorer.exe,1,disk_spike
8.46061696278853,3.153583676212406,15.668279596314495,121.71193257471207,0.049133640923867954,0.954771029083828,30.751322321906223,12.98385091178071,54.321493843910346,explorer.exe,0,none
12.229517040514015,5.5053053053303325,22.651226340263364,257.97575877996803,-0.23664282399172407,2.0826063419255005,51.63973239016887,23.498653902213423,109.13856649788451,outlook.exe,0,none
25.31111739109078,13.565462045950465,64.0645421906987,428.7154326338103,0.5966707944014691,4.340977778646281,67.68204230253386,32.364019549229866,137.2763559790489,chrome.exe,0,none
6.117883308219261,2.346389196079249,10.319339496911507,89.6655504060245,0.00537608997203686,0.3548218216603176,24.84568025568954,11.443632342470854,52.56997552419095,svchost.exe,0,none
17.581159102044982,7.26584019186958,31.512051350697313,347.3333700966073,-0.0166143953493228,1.682735656360583,67.23187898656401,34.092375879905994,147.69390370902724,edge.exe,0,none
12.982739330592404,4.476298402208825,23.485553233425478,261.7722892370065,0.17625166889273297,2.3812777389973414,125.11746088651935,178.36684881145345,706.0240992560832,outlook.exe,1,disk_spike
5.870130665864688,2.3680908430415317,10.749443842668754,89.39242925223422,-0.04294603941663837,0.6360295574094732,24.200563351543977,13.01634720314375,44.07158213427757,svchost.exe,0,none
5.736315554712519,1.8408321503034628,10.675055628323229,90.62075622017404,-0.021169403623434373,0.6599668223253256,26.04896585988279,12.551675858239557,55.54706824599713,svchost.exe,0,none
5.57673371497864,1.923722612675844,11.153546956612288,90.06854371955536,-0.00027785920382304615,0.31210555379117194,23.393771772732645,10.097167314234325,39.36183325510232,svchost.exe,0,none
10.51348265217703,14.799741618216634,67.34055173356758,90.00836093056213,0.020789592541036465,0.4955642493420142,23.818692052030276,13.971295539761144,46.04309017953644,svchost.exe,1,cpu_spike
18.454498315801953,6.355496430594517,30.911253411258464,345.79828486087973,-0.14431341754971072,1.453209734022772,65.5403284806697,25.6919289238285,131.3581189175955,edge.exe,0,none
7.247878449840808,2.280122192358848,12.426883826420248,120.50184727369059,0.017270341024734157,0.5715636079757217,34.378514486784745,13.21125859065672,56.88917354055657,explorer.exe,0,none
26.4142838687983,10.426516948472987,54.853365971022185,415.0508067305074,-0.2258497810552683,2.037024431912965,61.061046642357944,30.764892819713126,123.67974971941551,chrome.exe,0,none
17.669667934928153,5.351367190772938,32.68581410308672,351.9871139553501,0.07616277377499614,1.8115717275957854,64.54890532907312,30.400968341888564,114.90530354854631,edge.exe,0,none
16.971629732405205,7.365079234850158,33.38110580942561,353.92403966619617,0.3506745019869243,4.134214569969716,62.28973807965254,27.723557808089172,114.85540534474421,edge.exe,0,none
13.549459645285355,4.379578224049574,22.996933040905194,200.0552960472775,-0.06315979462843302,1.5719039235885457,41.24884884251404,15.791644104877243,75.87337176995295,slack.exe,0,none
8.102389407192721,2.218660131704623,11.754296092908834,122.61661741532247,0.09669597955363021,1.2574601767420297,30.181803453611145,12.162988219920015,53.69513668407871,explorer.exe,0,none
18.97726965354757,6.145123711477582,32.10694240746767,179.35799177087668,-0.043255283664200304,1.224403844032293,39.178287828694565,20.31018032269873,80.66629412025142,python.exe,0,none
15.047423463553239,6.620870225364138,27.792809107231637,242.12463604928945,0.21260032033495785,2.814899663302405,43.27865043069498,18.498396047132474,79.92409996843543,code.exe,0,none
8.60051124211129,3.141627802579745,17.30468268418471,121.00846837480644,0.06947890974647114,1.3226788560624945,33.29043739823153,12.614267643930337,57.46436046815741,explorer.exe,0,none
18.64298112491898,6.676372436067537,30.078907230246188,312.0398986660087,0.05088337119129847,1.6741517196172369,107.60665579667946,137.10280441640782,496.0045157552915,teams.exe,1,disk_spike
18.26293841540694,7.334004934147164,37.71084075330609,241.72278242465705,0.10201842967286438,0.7087091412343357,40.46138911522787,19.989134028192783,80.30834281265419,code.exe,0,none
6.3801522698042845,1.9185168232757646,9.964663494019536,89.27568105576486,0.035096885984616695,0.4967342733386373,22.978434035371404,10.028318469090994,43.87519737688738,svchost.exe,0,none
17.032594874431265,6.723466679222635,30.646265149034537,353.47596670904846,0.11455211226577451,1.6396576500065616,54.58312556857547,27.732982057844275,112.92049034848844,edge.exe,0,none
25.186854465886288,23.675970167088952,82.54459981756115,241.49211901356335,-0.07758263051222987,1.144249791928124,42.58630202601612,17.945633928144304,84.64064803985403,code.exe,1,cpu_spike
18.461385096193435,6.570540671010351,28.942714570172733,349.9909878628832,-0.07048219674973476,1.1392470642577113,59.82345922934848,31.102665363018858,121.65588910814009,edge.exe,0,none
13.465693177087834,4.727585140776011,21.127175277209357,258.5643795518554,-0.13503262509599193,1.057593479789221,54.578111197315565,20.152046734920738,88.62977993916448,outlook.exe,0,none
13.654538511471788,4.719858469736877,20.036199244706502,259.3890635028641,0.08550303942370192,1.269342989966437,61.61546835739935,25.203854586055808,111.40332638702182,outlook.exe,0,none
13.421009281645013,5.556562123512128,27.230666249435657,264.4087080090317,0.24072259900229748,2.604361973991462,50.16038772030742,18.424229610294365,78.30356065325822,outlook.exe,0,none
7.840070752754972,2.4990384270730233,15.052517614478518,120.44442527791458,0.01973458984749641,0.4971776877091686,31.243943502404573,13.261793757446323,61.263343248351966,explorer.exe,0,none
13.905881163441306,3.8347703237300372,21.014809510393547,257.11769218046635,-0.13893373403597403,1.7310353506012324,44.72478070784437,27.2577669435031,122.58891748191098,outlook.exe,0,none
15.30881139084745,12.192059364809637,50.60422594770411,260.97564662990254,0.04279965766975806,0.9034857914306179,49.29248882986565,24.6959013097744,90.43121836995175,outlook.exe,0,none
15.50011513067331,5.075964335405345,24.471987477652245,311.2269037453429,3.662718846481671,33.60841620050936,56.412573184345256,26.17110769014313,122.48520106061115,outlook.exe,1,memory_leak
7.747443462056762,2.537621017140021,12.329285591149796,118.31136112400276,-0.043911587858961335,0.6699155407456828,27.100447380617915,10.729543034403253,46.16765349145742,explorer.exe,0,none
7.783362695206517,2.4167912074730022,13.15196243116408,122.84519595466442,0.18280460909038349,2.051539440910405,26.287807258076626,13.487960644528794,52.010750307783795,explorer.exe,0,none
12.670291319482219,4.221101156035921,21.364522991845693,201.1235690497229,0.047519407321097634,0.9284904248263209,87.98110319234691,154.14311191745975,692.7913681123255,slack.exe,1,disk_spike
7.772248739325349,2.8231934412290545,14.974708883154456,119.45895351188346,-0.024385470662533257,0.5321270316607871,25.60182105922194,10.591791337455575,46.537007798638875,explorer.exe,0,none
12.839946678089957,4.331504301800801,24.115515943189408,196.72272838865769,-0.12081448772301258,1.3951133666600102,33.11840496175768,17.729511948847527,69.44008419264196,slack.exe,0,none
17.533816197177234,5.272954779826878,28.888809431597256,179.7952680184096,-0.0017718331447592087,0.7626489398670611,34.377541489794474,15.790015040796707,59.30717426616495,python.exe,0,none
22.019217062839342,8.95231541883114,36.39948109978464,412.0466951235851,-0.5068538145722755,5.48570337451764,61.79414635035819,31.737629691296085,115.16038530207368,chrome.exe,0,none
19.10434182796232,5.582123950129448,30.748854614782417,307.74076804694164,-0.08980227019771785,1.2830386023399911,62.03326164927755,20.506290910394686,91.70209965949357,teams.exe,0,none
11.659475245060483,5.024528091550624,19.992670591586503,199.20178554234562,-0.00785155932649862,1.024084320165504,35.768085917717244,14.645058314491305,63.90251825279434,slack.exe,0,none
18.9600841372295,6.588388246035489,33.308713345610286,350.4815223857028,-0.09668102788317773,1.822027133809457,64.46466541219888,26.09270140197546,123.23448269229121,edge.exe,0,none
13.287699645713438,4.1758216951760065,19.560356862155807,196.24859950393383,-0.1638707151102608,1.268268713570495,32.60464969546217,15.052476873562057,61.97553517198993,slack.exe,0,none
6.621236238190622,2.4263174936284115,12.214861207995476,91.17586904028963,0.020255778495468727,0.4941654071786551,21.340633184355536,11.028552521733546,39.32713143592949,svchost.exe,0,none
15.260601863221522,5.477115909749531,25.059162170917105,242.86744957255,0.21651526170610397,1.8589124268936892,45.903665584112744,16.79963393658848,76.81199991040856,code.exe,0,none
20.315033957304358,8.11580464216696,34.5088157240049,308.15315378629055,-0.056320414881796906,1.8409903834901358,58.24457059330761,21.963185405425566,126.71840316880467,teams.exe,0,none
17.377490816752747,5.637214384823365,30.857030388135616,242.6414413627675,0.1356139961833681,1.3161174757893586,40.87442502214672,17.259123522385316,66.59019026342939,code.exe,0,none
8.368301165684588,2.424342862441587,13.248725462023105,118.66628082114909,-0.025503429554023665,0.8691397888460224,29.93706663433385,11.540295442549496,52.286985486225944,explorer.exe,0,none
20.379652412426992,6.3485161666408,34.34073983379638,348.0146587196061,-0.18228190255813387,4.178649233465086,54.542015381072446,23.715914234082835,109.5542698411102,edge.exe,0,none
11.260321279959552,10.104129582493735,42.07898323101878,119.29070885469068,0.07356981719491291,0.774673472061823,33.72002232546058,13.24430102271849,53.829114331571816,explorer.exe,0,none
21.14829613678317,7.067742574809691,34.67581854352947,421.44994944050745,0.15090487264935176,2.181230391422037,69.77900473646518,26.292147572862874,130.30256922729828,chrome.exe,0,none
13.63511175947718,5.037289216302992,24.616785987205333,254.45155206929167,-0.3922151138332462,3.5054804572321125,55.692741413890694,21.626959838684648,101.82646351174157,outlook.exe,0,none
15.23910876235164,6.405035610622598,28.187478195521358,238.5819594477655,-0.19838621904004963,1.7305269153670984,46.67190167192158,17.98629205010906,90.68800494446825,code.exe,0,none
22.519063651693383,5.543332491059176,33.233212952921164,308.47378749656764,-0.2903466099411901,2.867570312296562,60.03996290589626,23.530709918722323,128.05913468826517,teams.exe,0,none
20.198091425049764,5.183969360412093,29.918589258989627,350.5687677963845,0.08897205278727445,1.4774171762783284,53.63817565990549,32.10923352489287,132.4718672620894,edge.exe,0,none
16.411199563427044,5.589424071518838,25.733011246909687,246.7008503145482,0.22394035474866789,2.6664177854100086,79.91549952380687,128.89954042142892,605.019614945423,code.exe,1,disk_spike
13.843616005124865,4.488077519906672,24.59178355860599,260.03492961542906,-0.09866912594296953,1.135902614513845,49.29327510865404,26.085064168411197,91.87579863621353,outlook.exe,0,none
5.536641826295252,2.134154293020698,10.344044421318262,90.38299193830078,-0.004624328531137204,0.33750093375210394,24.615478614721443,10.338871758730923,39.99651009707063,svchost.exe,0,none
15.73527455937192,11.029886415619508,49.41617510469882,202.52248766246973,0.06615314619286039,1.6054327828326467,33.46074472461577,13.39902416763093,57.905386673504964,slack.exe,1,cpu_spike
11.855353464063803,3.8040426994371006,20.559799228227966,197.00760324124903,-0.0966210482933955,1.1491974798496114,37.59538371014562,18.066795939215563,72.60886922442498,slack.exe,0,none
6.536122585673386,2.171296070714824,10.175004761318238,114.11450563013533,1.579080445214109,15.22842736846124,25.242184075638097,9.416166165726027,45.593777969715994,svchost.exe,1,memory_leak
16.485941241129087,4.92343429334782,25.43476867547982,241.77955891917279,-0.007039108274411395,1.9733677106742886,48.546517412635566,21.257576842132377,96.74741096353782,code.exe,0,none
8.477356962103041,2.6364278879536815,13.783146695240188,121.0541145920242,0.05026676380336141,0.540430522725308,27.382732893560064,14.84516412289029,54.34826854824484,explorer.exe,0,none
5.633313041976248,2.0223630814455356,11.4566051522519,90.42975855628175,0.024165186362235146,0.4394324909909338,24.025766495581035,9.886726553793899,45.668457363372994,svchost.exe,0,none
14.842811303600824,5.268110003886013,26.7010598553428,261.144633808548,-0.06553521317242522,1.6752870111636886,64.46715393714145,18.465616748934625,115.98045706023746,outlook.exe,0,none
9.165800703901457,3.0039500064227544,15.087071666028216,119.90571097419425,-0.019354700076299025,0.5661908250271828,27.734034288163436,14.736562906205135,58.12896878034975,explorer.exe,0,none
6.405029172324766,1.78176275197101,11.0812892729815,91.52725086430124,0.13439159740925533,1.2378070611591803,25.056713124392957,11.02349323140152,47.442686259389234,svchost.exe,0,none
21.205734539894525,7.0302602430494625,37.582224291215,315.317522026701,0.23919343920335148,2.757297064005633,58.00845596269791,27.857195376031463,125.09002307795075,teams.exe,0,none
19.09854055067388,5.970345884921489,31.80830330838193,306.89034592550047,-0.17877853930345775,3.321172109280081,53.10885672854404,23.10613794564677,109.30476866055744,teams.exe,0,none
19.29522313632788,8.150031724743348,35.00051235969346,423.1178805875283,-0.03294319939734957,2.1751476421522153,73.84373673351594,26.652615278342076,118.94730701237924,chrome.exe,0,none
5.694538230876161,2.495027855551187,10.846387034201342,89.35582951030503,0.018510828038079314,0.3860787449106032,131.61400223818865,270.4948839563363,880.585193036487,svchost.exe,1,disk_spike
13.351823954826695,4.9129889551151695,23.181995778669403,261.1767021332428,0.22466427857304058,2.9702352563375047,53.448270722148365,29.29808701858174,105.9269851451838,outlook.exe,0,none
13.465666009426608,4.5753253670401905,25.031108482012762,199.88057896949314,0.11575163091354644,1.4737379457925985,36.77536683977607,17.923640295608834,85.38770656036047,slack.exe,0,none
16.83173638234633,6.711082568566663,35.25887603858233,177.0774689191342,-0.14975698464349232,2.3025918987922402,36.0319939397122,18.60308654478896,83.60406221950292,python.exe,0,none
13.616069345221756,5.590888995083124,29.42214645223582,265.96873536674264,0.3137469186083346,2.683888614327049,56.44054934825317,27.013892039167317,99.21490090528,outlook.exe,0,none
13.773625758300492,4.68741875164989,24.905551174305344,257.1746655849762,-0.1911653192973868,3.021561859540034,62.96543734005301,26.882906044734828,113.28392422439053,outlook.exe,0,none
18.98445511911925,7.906026862899584,36.75570640585522,345.13013386535187,-0.17105878236434743,2.887895116627529,65.82771738780093,34.50774314022719,149.54738239218966,edge.exe,0,none
8.789318488358576,3.0505657546713514,14.445926342690061,255.19990226810367,8.634647422752085,82.4321427970103,27.51063151619908,13.630582988092751,50.5599126867461,explorer.exe,1,memory_leak
17.01077496580273,7.503998039221572,33.56194585126099,239.74601346046026,0.0461163898258917,0.920656844505277,45.18146912445544,19.895361202508976,92.3310848617382,code.exe,0,none
18.408337583233145,6.867083076903511,30.09143997200851,416.20988232357297,0.11372201501515823,2.7243076433418802,75.34319296138985,25.536250296865788,141.05354307177038,chrome.exe,0,none
18.80422883283825,7.402751213953528,34.082225840295486,179.4213821782503,-0.017488965542790426,0.7713995765247791,38.82142215583259,18.782733010777413,82.23340058368423,python.exe,0,none
18.45635282422688,6.911495491308011,30.944987152601687,182.84459650160989,0.16143448196697535,1.641888243250175,37.32545569231352,20.420708295254514,74.40475892973696,python.exe,0,none
12.636910722577625,4.8008797072909,22.43830075584352,194.7211004077307,-0.28876786852961234,2.3287475133622086,37.498364488975945,17.323543270381077,64.1697701580267,slack.exe,0,none
7.689681059005045,2.2039326098831116,12.179721040767499,121.43994896517484,-0.010253168315725722,0.5917238003813794,29.89153309614941,12.764544404680816,53.809476099686265,explorer.exe,0,none
19.497497149826224,7.797646141007253,34.047670285565786,309.02083629519365,-0.06939147538331175,1.3895434713292805,51.70733538591165,24.193646157069857,102.00249937755116,teams.exe,0,none
17.899952826652783,5.6379128827108875,31.350972086907923,350.58214273963273,0.0001938755994009019,1.3586681817477635,73.86279531926297,29.573895237254156,136.76246746534588,edge.exe,0,none
21.021554776243423,5.807623579578789,32.587612315201916,419.5213571945857,0.12027768890267604,2.463728390526245,69.20176797690333,31.980229226976984,136.7139679598347,chrome.exe,0,none
20.394187272341206,7.609856263732886,37.409619860397854,306.9887918078725,-0.1569780621523023,1.5155491622831012,65.62833897884386,27.347590698018315,112.79119009864985,teams.exe,0,none
22.069389400439693,9.233265557113878,47.28824367350704,419.75074161230623,-0.0961956953132983,2.1865997334027525,73.31471374599322,30.152974722913,146.79464368450544,chrome.exe,0,none
5.280945396804246,1.7741375943619038,9.007709859987067,89.63275054372473,0.040818397034833254,0.5044646400898528,19.224362930961387,11.035528313726559,51.550839802502125,svchost.exe,0,none
21.480037555992165,6.635902434824167,33.9315627070379,417.7314628277211,-0.19088983236399032,1.9934427009947686,76.36661958005779,30.282184218119117,134.10204909222477,chrome.exe,0,none
14.259704718362766,5.318436188435392,22.85288955055239,202.2266216648379,0.05375015025007031,1.01941546293679,33.73865144249378,11.480141428001476,60.23941439265822,slack.exe,0,none
18.617621642512255,7.48536702565015,41.15069306130508,354.8534965963724,0.21636884910503038,1.7504504045027767,61.40288164511936,25.636024977946047,119.35436759802516,edge.exe,0,none
9.124528753156687,2.3810346782477203,14.342183636018007,119.34106720565696,-0.05592246214187639,0.8009404387994776,27.58093827381477,13.484802119722712,60.07119182382916,explorer.exe,0,none
15.662666042408256,5.832841518252091,31.14645578027072,239.72126071639343,-0.20435212486273996,3.5464446469030317,49.28829496613626,18.236014064106325,74.25607314273944,code.exe,0,none
6.401263338340876,2.0759172965144153,11.461316885114577,89.28197455407152,-0.023379677518716828,0.353047387626252,23.934881780377392,10.098081271400222,44.59791988630611,svchost.exe,0,none
17.431041282053794,6.626844277272808,30.811787918693973,308.32409898339597,-0.11459367552704028,1.197899887252195,48.635936708159036,21.74845128886624,92.86110890253843,teams.exe,0,none
16.674807224420363,5.810301049456677,31.662738348204176,239.9193747717034,-0.00619168504277828,1.6732783808709097,42.58969622354169,20.921829347604675,92.81727888692801,code.exe,0,none
23.53181673187036,6.844396439875766,41.9745749840542,422.4688155084935,0.04696309292740655,1.8245453167523913,70.44117816183424,28.41777545052619,129.35862466231248,chrome.exe,0,none
6.437779257566744,1.7240044352019375,11.191183478998363,89.55870764704945,-0.009958990881537962,0.3570717041519006,27.639147830803715,9.968551375439583,45.741272600751614,svchost.exe,0,none
21.775826913466126,8.340482249801408,35.98208519392515,423.5260222912012,0.21974878094483946,2.273384161211886,63.35766845166045,27.846104892891297,110.97133159925947,chrome.exe,0,none
15.303967609199493,5.582316624594351,26.676445551780084,240.9160356372457,0.12098786603300576,1.1865527958321924,39.04553476489928,18.845635680688943,80.79610944945179,code.exe,0,none
13.752835013742368,4.812325574209545,23.691808157714355,263.00631479330553,0.1885120572093778,1.820496698678422,47.26058288133534,27.03998461888839,105.80559964996635,outlook.exe,0,none
17.93590938650011,6.523164519537637,33.495564531705725,180.41921764464652,-0.020125793521312593,0.5617843680139497,37.460628898666904,17.829970526683887,69.88277632898095,python.exe,0,none
19.212105356102565,5.876194764875607,28.117452574312026,181.37998738198542,0.03251909291615978,0.9759273176156602,40.92241189278541,16.167227782671382,66.31616340704167,python.exe,0,none
21.221078191908738,8.713564387282005,40.86890582277616,352.10478425981375,0.20490402473674293,2.6469406446796144,67.64828424297816,32.30667839305965,151.23641921159873,edge.exe,0,none
17.470815564521125,6.219036830286726,30.190895908609924,178.9592639843236,-0.02566695715802041,0.686281227024701,36.847043130105895,16.672848544914412,66.98779625066653,python.exe,0,none
18.391385413875234,7.027078264197416,38.79677053121624,348.64284215372356,-0.02758409518263723,0.8625659501605519,75.12572429705361,27.44201109738732,123.91615102584589,edge.exe,0,none
22.153236364011963,8.184145961697336,42.09986189851647,427.6535036298503,0.4914181665739401,4.509252414871183,68.9096833912649,29.706798709959724,134.33206805035542,chrome.exe,0,none
18.345056420495332,7.355464643905115,30.773802631514258,352.0320428574765,0.14079786731225946,2.1130290718469467,64.64213986653488,23.042689249767392,103.9977849084621,edge.exe,0,none
13.583173321675336,3.5259704044892692,21.08047586277241,200.77239610111167,0.002943252890165127,0.7193990717287833,39.84426582616777,18.102243654890295,85.83594590475363,slack.exe,0,none
22.22830896255585,6.113336040497548,33.93903368876971,309.90400784420694,-0.013768235727483594,1.1946731595066322,53.24201838342765,22.964846613261628,102.50560484250812,teams.exe,0,none
19.945821456129885,6.358705462163097,29.448957269692304,347.39123959405157,0.043867461052449624,1.8537115697450515,48.841202052308134,27.412475532297755,105.14906942287466,edge.exe,0,none
16.956894678729405,4.452767101873516,24.483269776850165,238.43754624849564,-0.13465772346316954,2.090767235929834,43.54204950281821,24.2745899963516,100.13304309523838,code.exe,0,none
5.662226200511961,2.0307423864501533,10.38479812720712,90.95619802856223,0.055842457407899344,0.5236726438396858,26.10366521115716,10.679336189549018,48.51293605078982,svchost.exe,0,none
19.870459394582916,6.8089881433560135,36.70866259701746,304.46936389556726,-0.265145993022791,2.7676662718804197,54.32398629807527,24.178012113717312,111.9195472397976,teams.exe,0,none
15.561070530603994,5.741046950364494,26.695036075195606,236.89454243690386,-0.15853861557427062,1.4151372712894081,43.73419774839957,21.825644517484392,86.27168981977741,code.exe,0,none
5.615271611209463,2.1082949817348204,10.22154741760324,90.45626671739102,0.011902261187230086,0.30013888005232703,27.615596220963745,12.33397660259892,53.9778643691194,svchost.exe,0,none
14.565620544929297,5.549148248951712,27.664986530586877,245.65570600944392,0.29930307626275027,3.1493014648511135,52.73568329550047,19.93649636334344,98.15568581625135,code.exe,0,none
12.878039947806636,3.6444833540848607,21.26478517351778,200.3567203308508,0.007527722486526992,1.2164265634923146,34.827088770617436,17.5265549666975,79.89368930099376,slack.exe,0,none
19.082326545447867,7.078073673818141,31.236799252559784,348.2301197300577,0.08108013150635429,1.3529224512160223,72.57789789231214,32.53966558919413,133.72860024793604,edge.exe,0,none
22.741077939048374,12.526206571029327,58.94927094874164,354.37447354285246,0.2094457984492692,2.372122270668054,67.98992751707833,34.00034468252041,120.5394399829774,edge.exe,1,cpu_spike
14.335146118995672,4.394183513540346,21.590194291984883,257.04973555799535,-0.11453905612797825,1.2855714844491715,59.844405164602456,27.28423561957886,138.9465898955725,outlook.exe,0,none
7.996188999968376,3.28179610285319,16.330643797554146,121.11063098136567,0.08690433039169866,0.7281260581340041,27.41111956446234,14.290111701209305,60.42934914674934,explorer.exe,0,none
20.246214525806387,7.836903812132796,38.7843369084634,316.83197034611965,0.24637723580570234,2.606895175803348,66.60584973346694,22.88851691401925,125.02882047662614,teams.exe,0,none
22.790211238701904,9.77231138957125,46.57405585209369,345.72304812476284,-0.23150142298572027,1.9475893131415005,64.73911193573586,27.12803938343667,120.06183113377261,edge.exe,0,none
23.46779406427906,8.02508474307223,42.751864356057354,421.11639524358276,-0.03902957108655111,1.5628431989716336,78.0818160186544,26.891363521044727,132.2297274670559,chrome.exe,0,none
18.749636474759875,6.950991653851046,37.47672747432118,305.39611319932806,-0.20281100544701,1.88025256022711,66.78541855635092,26.225758760086844,126.0011889090274,teams.exe,0,none
12.820596483788504,5.613493475641864,26.353774307025578,238.3506555297637,0.009037473558472205,1.4292608127054773,38.27139057512374,18.31469268430603,84.20433810216474,code.exe,0,none
9.356934068754521,4.5135760007482,22.800131963390697,119.23942866885275,0.013771531100522812,0.5959673999681436,30.658268998839393,10.219405943222378,53.74415733996503,explorer.exe,0,none
12.812174308111627,3.835248250714408,21.113130173247136,197.15620152891825,-0.15740830008892506,1.3098705232335095,34.780590673380814,12.869578705903333,60.09443162281063,slack.exe,0,none
13.429944804180467,4.7102308319538055,23.878507421823002,199.09803363224154,0.06482194076483931,0.9493480300041646,30.086310850459544,14.503374226654469,53.96478610071043,slack.exe,0,none
13.677128158680192,3.44085884997392,23.513232860838563,200.64359104151376,-0.010756488360010507,0.5013789499871287,30.987694875970607,15.349183481974954,68.56606365863334,slack.exe,0,none
14.361773358215824,5.30575450686611,24.15024965233482,257.86281476573055,-0.09493811988109921,1.8786281540278418,54.9646283929067,22.846715548533172,97.71330664448891,outlook.exe,0,none
17.992560923478376,6.974038542255396,36.35401871370421,351.44268767181785,0.12039565130065549,2.325657028399441,66.73289255746761,21.581234452192874,106.27215019176481,edge.exe,0,none
14.840039073986572,4.430687971461947,26.958054943528023,239.80077046408596,-0.031806378749234906,1.0579639782643178,48.03560120652444,22.473071922250398,90.20773027094287,code.exe,0,none
8.054834176488772,2.1599530705262273,11.971568868279157,121.51449112024254,0.018619444424060324,0.455603892393214,29.28923270072178,10.335747052431918,57.60106919682927,explorer.exe,0,none
15.209739785520691,5.261221731875456,31.00740273848503,242.66280348100474,0.12691239219054182,1.7158341922380047,43.56695539542813,22.700408602915818,82.24250205905571,code.exe,0,none
19.727100388154472,6.308817991908683,36.27653320395791,308.9684838804604,-0.00209660061235392,0.7984369934958022,58.125569699315534,28.339078456747753,130.42937139153923,teams.exe,0,none
13.835529527963457,4.238318411353943,21.092967879867743,261.7629888226715,0.05008774726662371,1.049265000697433,58.38163505564481,24.63162403667377,111.6704680617615,outlook.exe,0,none
18.000343967512357,5.430002800926425,25.26699199386982,349.9761430142835,0.01836650195328578,2.2171377087153847,64.70344139187048,31.35216502216382,111.12085697492051,edge.exe,0,none
13.491054634694093,4.769181876027053,22.8881102244138,256.4252836553724,-0.22970669539284264,1.8092765890214626,63.17955526143078,26.9932920546306,124.9195190545347,outlook.exe,0,none
21.60515304161117,6.9003573166858585,36.80860754402134,235.29953499421163,4.394482834546031,36.14249507020757,41.37805071875402,18.361444807884478,74.79598328166216,python.exe,1,memory_leak
13.166987739274635,5.038890253205422,24.317764572213008,197.486618918259,-0.14466074198683335,1.9364488381719533,33.44173621274558,16.75678495553158,63.94705879760524,slack.exe,0,none
23.31578292932629,7.841052932080132,37.25720788677203,587.846734667113,18.38309582070264,167.17207258665792,64.12071628547879,27.731350067619786,120.74464917597199,teams.exe,1,memory_leak
12.314924279509649,3.5613368637419827,22.150237660226566,194.79230665955393,-0.315777685441599,2.499968734213233,31.428378286676583,13.439344997652093,60.4331869943222,slack.exe,0,none
18.007439482186303,6.297161727366506,32.68586225839254,179.91235657101464,0.02376297580984404,0.6100208046375534,37.37714057939279,16.467559651956673,79.68091448985784,python.exe,0,none
19.730354141683065,6.251363852000277,35.367165537498124,313.4734357895204,0.27058418180972693,2.6189086039103087,56.756536872052685,23.18421960949703,107.64584630910974,teams.exe,0,none
12.75040058597582,5.513766325310722,24.051875525390237,199.47739305271278,-0.016789243516296893,0.8577076890202824,36.22052992400041,16.525416138830916,68.8721578218697,slack.exe,0,none
12.247412723729022,4.8900931271743895,23.65296310925598,201.32613806387695,0.09565316322341838,1.5660970719117118,33.91921008079281,14.234695436850338,65.84477597566993,slack.exe,0,none
15.951037748421076,5.044698978977519,27.423089114365506,239.08034777955396,-0.0875221505516483,1.1097041068519278,49.808074258717944,20.75800176421935,82.17611805679832,code.exe,0,none
15.18363463740723,5.181715997545863,28.04122760076728,241.4283855813232,0.08480656718886337,2.5990962903756465,44.63961455143058,18.085483618725785,87.8937487017115,code.exe,0,none
7.695877863855444,3.1761515889157987,14.008944990485416,119.62956999881307,0.0043528474592951245,0.9489058301035926,34.09105509133691,13.149010384080988,63.850316760114346,explorer.exe,0,none
8.664533854578108,2.48036804234036,13.986580143171437,119.15125921274985,-0.05701282846630799,0.8770384020481783,29.055782511346557,15.291418680270342,59.178748935361654,explorer.exe,0,none
16.859207205484903,5.8465727118308655,26.39222055341846,238.27976254857802,0.04616366534539698,1.2974760952274702,42.99620043834957,18.8069978012796,79.7613142246752,code.exe,0,none
14.203666745857147,3.765686567168346,21.10743182521831,260.9451926400791,0.04471539885147801,1.0000230210500984,60.914427127671374,25.344023711983535,123.98535860286896,outlook.exe,0,none
17.00210856720883,9.985508651162892,47.244297669199135,258.60887225466485,0.06644464784357258,0.965322575437913,57.47597939550823,24.030728861272916,101.76695196066788,outlook.exe,0,none
16.97281926296363,5.3032607305730535,29.802326330878,181.851716318738,0.1818765175831203,1.4696471476880866,38.65802872500898,16.004222358588336,60.27447453555978,python.exe,0,none
17.68315596621346,7.145585533720923,33.57999956471789,178.8112422555767,-0.05425288417377393,1.2154923929638166,37.80276459937894,17.423965120635163,85.94876297470276,python.exe,0,none
17.415646133359143,5.00718703651227,28.830680029991434,184.68822732580412,0.17868308960331472,2.101420209570625,37.541161078219325,17.77594530578931,70.61076874862731,python.exe,0,none
13.415499251196538,4.95081134143572,22.332736820123365,259.08777365308424,-0.0977950737977494,2.359251090750983,53.132433322302276,24.673277453967117,112.22714486155623,outlook.exe,0,none
11.859660548835933,4.876299666378375,22.897588359487195,202.04999000306327,0.16205528904565558,1.1262407846297884,74.07984765617074,93.81018632171683,362.46476865430515,slack.exe,1,disk_spike
20.28868524548296,6.2819666159519,32.375290428110176,179.26955627265252,-0.0693469064945333,0.7405382569950347,40.40624748954114,18.196194396518425,86.62327232944556,python.exe,0,none
15.93397446693199,5.015625965286582,25.770061628978574,241.6985818266605,0.15328539350174233,1.4020479887323911,45.034888974157724,17.981180347824967,83.83467901455259,code.exe,0,none
8.107566328184944,2.7562985318289543,12.588859310187509,122.83449815050156,0.0974732474112443,0.6936424195527814,31.086962938388396,13.8513331469135,58.455638386766466,explorer.exe,0,none
24.651439913914622,7.0172574863035395,42.67151835660083,420.90957547330237,-0.12933887033081154,2.6174857614780547,67.40462965212346,35.09806632768344,130.819158485594,chrome.exe,0,none
13.948637109960496,8.198323188733497,38.640182902898,200.85720269439977,-0.007084611185938646,0.6856474657698519,34.538987662764136,14.488609361924064,69.28019029676562,slack.exe,0,none
21.090541817395486,9.283954096471003,37.03810602036765,312.0407139774125,0.09613109338876219,1.233333334376748,57.29782582286732,25.257738587083338,98.87849515637447,teams.exe,0,none
14.719117680336469,5.152416972758676,29.395371445133993,240.934068750163,-0.02835756818609525,1.559354275177918,44.68732365151524,14.364543111504958,73.82350473795441,code.exe,0,none
21.468165272969323,5.7383413315467156,31.388214624600597,349.8079650341766,-0.1564178486560517,2.3729972877552132,60.547879997833995,27.05262514854536,104.37050349410426,edge.exe,0,none
13.506032286270305,5.314791499479472,22.823369386561247,262.9237872633826,0.06701406581166794,1.606902992930272,55.10598174793749,21.127947651393942,106.4791831458048,outlook.exe,0,none
20.900851441598785,5.651689752311618,31.32223999592688,305.6880627962608,-0.4308525097424763,4.115379379598539,58.80584557295036,28.779760875029925,114.62408519692383,teams.exe,0,none
8.588172803262156,2.7510286124732106,14.656746048175922,118.52197965693207,-0.05305010016511128,1.063836248562027,33.920085155614224,13.792749358422208,63.16878914353916,explorer.exe,0,none
18.337560137379384,6.532706853643592,31.57971651934423,180.78858450737508,-0.10984486694648202,1.1943614134585898,44.05075248045547,17.12091593877346,69.56825362321038,python.exe,0,none
12.039646856023142,4.45958799606331,20.831250358177424,260.5049979924708,-0.10035495168829318,1.7512820331630359,54.24179615854015,25.573842742463274,100.1939622488795,outlook.exe,0,none
6.619787856432397,2.0348396507390483,9.957502952090508,89.07281702567288,-0.002483401820852767,0.5024633380183114,22.103703019702586,8.868580594546112,38.02437406410058,svchost.exe,0,none
6.111634112984561,1.8339549233718921,10.634872337473713,89.92879065667775,-0.0036227636687177285,0.522267659377653,27.81486881530488,12.390568301067201,53.01744853614995,svchost.exe,0,none
5.984293812603708,2.1070600648568254,10.10398630745975,89.5752508412473,-0.06243583193398526,0.7327216506813687,28.380805425712605,12.882532580014594,61.43147182308406,svchost.exe,0,none
19.50961641647402,7.05940153325002,35.42843876278603,357.6533137688035,0.3021094723923246,2.7008231906279843,53.38795241151796,29.7076798841198,141.37223575439805,edge.exe,0,none
17.63604425818966,6.178510007182718,30.35295822824034,240.52902358631172,-0.12736834760179078,1.4159164167230696,44.31190940027612,22.58352849214936,98.95063526409983,code.exe,0,none
19.768132354096583,6.469547434807517,33.071773914533374,309.4175469790546,-0.24057299776268148,2.719198996764511,51.90993866049369,25.29070367226461,110.777268901654,teams.exe,0,none
16.13859665004834,5.536403889075265,24.425863505625394,235.33532180451766,-0.3385847798567966,3.8891149078101845,44.35140504694574,21.76467960402443,97.44160576343084,code.exe,0,none
18.8455609643125,5.323169833069616,31.81179874896311,350.9788462878831,-0.012388041824978775,2.1757745915147777,65.01391923665572,27.826944991343986,113.60798979560442,edge.exe,0,none
11.070271027034293,5.683708666341741,26.435311464953777,200.8586378673437,0.10615116374326684,1.925427419476221,35.70375407667928,14.228708671089267,63.364221678541284,slack.exe,0,none
13.504841487449491,4.472529428203003,21.7356423923296,266.14155510813083,0.2498249109822325,2.9363656530067783,54.64988285275658,25.899922852454434,104.59438826262942,outlook.exe,0,none
15.935282900327392,9.154335985569553,50.892291586832044,200.87820017501187,0.0008329150190434121,1.0612481371359823,36.23329754997133,15.494244534851859,63.20990758582198,slack.exe,0,none
18.166485541120718,5.504234916163768,28.72874765823737,261.4689630541438,0.9643498663812438,20.58027320353816,48.69112829429618,17.475047252740865,84.84457711415396,code.exe,1,memory_leak
6.140611193879013,2.028923803870157,10.532985721350817,89.3295697395103,0.003673486900008053,0.7638233665448689,25.89918458458566,10.987172899995638,48.70336525862334,svchost.exe,0,none
22.59512513103251,24.937234006555943,93.12248478116412,256.9239162780748,-0.16367714631775054,1.947145744353782,53.26691000787298,26.465253171309854,103.99144384897687,outlook.exe,1,cpu_spike
13.695458929154654,4.849698077205399,22.044648597248084,259.03671233913,0.009663111792697994,1.2649968721420826,60.02201480635624,24.34199474747822,119.38500182841088,outlook.exe,0,none
24.31458215057872,13.83147719007344,65.25676118926455,415.9004668269709,0.010670535338834952,1.9862885736131455,67.4466660837034,28.709590238306017,122.57851966081037,chrome.exe,0,none
20.116457318049797,7.610282194068783,38.49618140251831,422.80523614807873,0.5417250187708892,6.079898523770822,65.91300634709353,31.982765276232655,135.81186503202213,chrome.exe,0,none
17.992144308559194,5.585618927663266,28.396361556325715,351.415708067028,-0.026343933480184965,1.745595530774834,58.76569998452974,35.13034909349541,113.61378791365433,edge.exe,0,none
7.677814327651765,3.2088465380509295,14.758615532153154,120.98946155460787,0.017659007529625608,0.48387090206347244,27.099318449586978,15.443932039374298,53.152340511548715,explorer.exe,0,none
16.38034598566296,5.543115264219318,29.608692982644904,242.2061677448659,0.1972212196948116,2.1973851945735747,42.25364377149321,19.25659973412091,73.63493992085536,code.exe,0,none
20.577670627373593,7.728861380553167,46.882241773574414,356.0268117059088,2.7148557702109977,30.45959708163551,54.73038990182133,22.438647391099185,121.90844724769788,teams.exe,1,memory_leak
19.779070738162666,6.5880122120491915,36.606926238556994,308.06789481115896,-0.02054536214129333,1.2462690995234464,61.861361719096514,28.286074191124754,109.8511168745402,teams.exe,0,none
23.23726462136535,6.611721865998029,40.27421761142101,306.38350849257864,-0.04126433762433332,2.165043959030864,63.616586887409966,22.59056854225959,98.5017973560849,teams.exe,0,none
12.536863000649186,4.666856406993854,23.677641785716354,197.32338998971483,-0.04555553931087009,1.1826122629082187,34.40853902898114,18.69112048954788,67.45987489065426,slack.exe,0,none
18.176055978945307,6.321871136563033,36.584361284342776,177.76174071447898,-0.18153670009876918,2.327311640799231,91.21421973876575,157.05883814350037,688.6322923838194,python.exe,1,disk_spike
15.374237313712662,7.115800111952326,28.031538767027804,240.97385343500764,-0.05758058610155672,1.7568394100351628,44.623556930246075,15.727514194273045,90.01491638809061,code.exe,0,none
22.70270510405513,8.467326203455906,39.62699176841046,416.57640523891826,-0.3012419272853284,3.483747749616662,67.4267814389581,32.61546262028975,138.53858619467138,chrome.exe,0,none
23.03985125529045,6.180463566848742,36.772307869170206,422.4185924764292,0.09497479404958918,2.468897203412083,83.55516536656187,33.60754341450576,132.38280602080692,chrome.exe,0,none
17.35538182612884,5.278227450162609,27.25067920498133,179.35676491097357,-0.08712056224664953,1.5155140787753498,39.85296113591896,20.004246975645117,91.36376269119397,python.exe,0,none
19.605247459668874,7.293100070179645,35.76755609248445,427.928086559296,0.6269532642296951,6.962258665645165,74.4207525564998,30.02026735634443,140.08069112650534,chrome.exe,0,none
17.630458005517816,6.749265083244217,29.15914797188752,353.2850561154888,0.2032426631562146,2.261080486261145,65.32940605607241,27.97384274009481,109.98034614913405,edge.exe,0,none
18.21701125147026,7.469327598077488,33.54406988607226,422.03885609465556,-0.13940276386585046,2.9070165159038983,68.66300941338689,23.16254267474777,112.39474541003753,chrome.exe,0,none
17.999795684471227,6.637160745423379,32.98986944307122,345.3559643538421,-0.20350766759267838,2.446913569124406,72.82920873564916,32.80496995761667,120.63474225269309,edge.exe,0,none
17.91076648494576,8.207801538154039,43.21433081062909,420.5217944813941,-0.04932264223030718,1.3728638027031939,64.37507590094597,27.25461576439935,121.48583952092652,chrome.exe,0,none
17.80101006821561,6.561600083084637,32.65502276115615,178.2356363164198,-0.05633586004322619,0.9692739123973567,34.82863723112465,18.686249471110823,72.90554514580623,python.exe,0,none
16.469273449575166,5.753680189682072,28.217581743683844,240.36953929543876,-0.024773237653495053,1.1774021374790564,44.79090803875817,18.756226546091863,73.13716502832926,code.exe,0,none
5.910825023547543,2.3642350604321067,10.29261872148705,90.0938324049859,0.014672610168977467,0.30761648951445025,25.102105607683736,7.197907286811555,39.24616664770507,svchost.exe,0,none
19.76149111515446,6.339007797930783,33.261002668159364,308.14695251333035,-0.23404140959183906,1.9477800848418878,59.31426561477761,22.783144455281814,85.58572994966985,teams.exe,0,none
6.1118206130636965,2.5407242896400613,12.03967975578219,89.078204818955,-0.0335846848717632,0.5432752112650949,23.178872982744036,11.154736148273406,45.126211967655244,svchost.exe,0,none
14.166530986816557,4.534153795319448,23.69407762619081,255.4314442226859,-0.19764685104350121,2.6032877756949855,48.16330615181381,24.380987520703513,96.58904321746344,outlook.exe,0,none
14.958347201073241,4.265928674955884,22.9463588746569,239.9497101584019,-0.05566289487312114,1.536817480864979,45.89818828054227,21.287266597912666,81.67047972098497,code.exe,0,none
5.921778464650634,2.6927848360516964,11.709583339669031,90.08122954005732,0.012046126396742332,0.41247471796527707,137.72200977512483,260.5618009134499,925.0483441917395,svchost.exe,1,disk_spike
11.635196804619763,4.798567673249705,19.01608884375299,259.8085769365934,-0.029173231020723733,1.3542231242167595,58.326272483459995,25.76222220573964,102.03234809765735,outlook.exe,0,none
19.57328481976799,7.530786599719161,36.5769473191728,348.45682545405896,-0.054886441840185776,1.1970500629591099,62.0247994265282,30.619937643940588,119.24457050857968,edge.exe,0,none
12.214594231451255,5.605904331740054,24.420704059862,262.12724023914745,0.18440728928809638,2.3360693073399665,58.02180745672437,28.316279707477705,109.40592352173005,outlook.exe,0,none
18.98317884103453,6.067871236577955,30.701044370178124,178.28855849510083,0.0673270578116662,1.5569643105153235,41.85438950392947,17.86924496382084,83.760592476173,python.exe,0,none
19.149180085189965,6.830727879975088,35.71939926962817,309.86179482418123,0.17035904866395982,3.209457365560127,62.29678281559109,30.0049381230197,105.29047037350618,teams.exe,0,none
15.878842832804574,3.9932137439754087,24.10161666152832,238.93021213915654,-0.11828746852052537,1.725539867581906,40.65500930229007,19.743922832922895,72.54707690054461,code.exe,0,none
13.272029373631566,3.5132865010906,21.478997901342332,202.27548387529907,-0.014910958342506811,1.103731580340412,35.87491554747328,16.616878690284366,85.4987489461102,slack.exe,0,none
18.641354898259404,5.5634803381043865,32.09509891972874,180.19215201650317,0.07128652669534101,1.0133752753758272,31.411977342561066,15.855660099979378,64.67613447989088,python.exe,0,none
19.924062983555796,5.390523246447055,30.30085084056906,179.48600551692599,-0.073703435006153,0.8037132087625797,37.571054017839586,15.406208333763903,66.10607179737531,python.exe,0,none
17.37754778760167,6.704921926546029,34.46929228778386,181.738558560587,0.05800799131541794,0.7641300067646226,39.372586315888974,21.53911063944494,73.89320135687325,python.exe,0,none
20.73560191871796,8.349584816592252,36.13229796645696,419.0230128660453,-0.19879066009087296,2.500724703312652,72.27540815509266,32.56580988201151,130.78556650354807,chrome.exe,0,none
18.240862271448048,7.733513584594648,29.96563593121101,348.2218966132816,-0.11701081437627939,2.512955891561347,67.5192752477665,29.24395811359031,143.24128694547835,edge.exe,0,none
8.225052344582403,2.613696073627895,14.50661792700096,121.84852693685343,0.04436122350334794,1.1860983650223833,33.622015428910814,12.20188148521833,57.17920129638354,explorer.exe,0,none
16.940312448289927,4.75238937232956,25.572716887877206,239.15961197702006,0.004236608459073447,1.1735729849169942,44.63694875078325,24.83011690846623,102.93658531368544,code.exe,0,none
16.51729193097365,5.195844631503456,26.074712287225864,236.66009780374168,-0.18368928442654162,1.194306556831287,45.10912874647952,20.741560303431772,88.12131880598622,code.exe,0,none
19.593093277923977,6.5972526145323345,30.439313665803873,350.65963077675974,0.03256397492024613,1.5166017126888056,63.034311046955615,32.27767123635672,139.8167123321964,edge.exe,0,none
15.235816769946561,6.756260473628441,31.318130957075688,239.57976785644593,0.09763423279132534,1.2311832025639413,42.41437537881654,19.68230037287029,74.63003434074513,code.exe,0,none
8.396764876419773,3.3388897993151976,14.621277495359585,118.73998776869186,-0.029416297461461245,0.7698504059140183,26.47565389147186,11.75994283866615,46.27240409815113,explorer.exe,0,none
19.85326012809104,7.516540316006393,34.98719250409741,177.07388397261275,-0.09762202525636117,0.9047454268752749,45.053597074653446,20.288134472409883,85.38793567076318,python.exe,0,none
13.6500156908322,5.647489035491184,23.742640268388023,261.98217064609787,-0.020452659468086647,1.438208608300575,53.71833021773882,24.989085513332803,107.82671219417196,outlook.exe,0,none
13.698454692745013,5.812253020140012,24.93667632948585,258.58727868816646,0.014388236406955458,1.5479413967710443,58.170545845068354,33.87513055922678,132.7056627714815,outlook.exe,0,none
14.085981804829483,4.23239203272328,27.27573421622413,262.6429849312812,0.1492940238935887,1.3901772490463709,51.53239051769708,22.440756778471748,107.24400095443801,outlook.exe,0,none
21.474912090059807,5.981114114004445,41.351722206250614,316.2966078527133,0.44581696612402005,3.5207171534521056,70.2833504247029,25.493540231164445,111.56214540244383,teams.exe,0,none
22.148424995244287,7.6623572273892195,36.42736681830225,426.33612183171033,0.201684708153014,1.9237508347016057,68.98864068167238,33.68093137798282,147.83536251645344,chrome.exe,0,none
5.736438323237676,1.385546878879349,8.402082127179089,89.79242589854225,-0.02454480368154511,0.5118502553070668,24.082680012955503,11.122214492856033,47.21385966334866,svchost.exe,0,none
19.183509389336486,7.186600043016158,32.60291761243186,352.61034290516454,0.21464723824811546,1.8115225649269204,71.22871879852144,30.550812152088977,126.4848196963471,edge.exe,0,none
7.899652580164362,2.247991938034976,12.344724094060304,120.3977034673009,0.03058246645913177,0.5964517981031107,31.70431992136351,13.989810776704157,69.80920965232906,explorer.exe,0,none
19.71232136607007,8.290680323347344,39.249900383943256,415.2546277849986,-0.035218795624168325,2.6293761468242662,74.26352504434449,35.33764787316691,142.60816773948432,chrome.exe,0,none
12.801788728487468,4.995739433400066,22.462651508584724,197.1076052330981,-0.06832723606506381,0.9844826423300849,32.62777762015809,13.519232298056826,60.99356238493563,slack.exe,0,none
17.33320486378088,9.641402949466283,46.91143748554865,238.65796876678314,-0.10681463923578652,1.7270649361959423,44.628762629875425,17.043664055641724,84.68721361224786,code.exe,0,none
20.364613671849956,6.904097146722544,34.5121539948832,422.7059024365388,-0.048987927753624184,2.1099555437781996,67.88968583776114,29.703235554251613,159.80995167586084,chrome.exe,0,none
13.6864079717634,4.364859222996859,23.05841599213924,204.90700222303494,0.23407352001118226,1.763795411302171,34.521508019554,16.0918946654617,66.82507525571936,slack.exe,0,none
19.865098443943243,6.946601215495655,34.824280302919945,347.83546250305307,-0.05669947185706595,1.1584056592848475,56.14167028775733,25.008163431823846,97.53917775439668,edge.exe,0,none
15.42815630696581,6.527985451992098,29.049716724351192,359.015251352918,8.802843834448327,70.4507131433824,42.10995852849516,22.915199323037744,110.27353140724306,code.exe,1,memory_leak
11.982147443490359,3.312610450213167,17.434175607076355,197.76510180432174,-0.014767677065444218,0.555988608634412,35.85353045215882,13.876194126643203,65.01013463523886,slack.exe,0,none
20.507262624469476,7.193536939268946,31.80182040195727,307.9822784703117,-0.20322737342834404,1.9721267427633766,68.70753196635414,27.630009700706207,127.60218612801322,teams.exe,0,none
12.386095891197765,4.7150818504624326,21.668111885933964,198.15580996775583,-0.13884616389922352,1.7497469552711418,31.10768922029513,15.058249572433702,54.382801013591745,slack.exe,0,none
14.116907773936626,4.528441840555434,23.43435290378791,258.4256854101513,-0.06837669673167095,1.9955043635272782,108.68351562205886,153.1986628005971,584.9044842719619,outlook.exe,1,disk_spike
16.441047686239536,5.024732529647185,28.259421721737354,242.19330827536086,0.1548693898980635,1.7460602376930037,45.113464015249754,16.594513251535393,81.70161846429082,code.exe,0,none
18.492261629760986,6.266773003160333,30.560888497672778,178.56604097292822,-0.11224298775705013,1.7078606324011392,40.68619003386295,15.967355457432788,68.10983399233046,python.exe,0,none
8.031261298392234,2.5906979783261646,11.772378559687116,118.58464475568483,-0.00773430111912603,0.6326982101426613,30.88635362599732,12.775887958365173,51.189110321274455,explorer.exe,0,none
11.778548651740966,3.967677062419422,19.406597519724578,199.25812093889488,-0.10204324200753376,1.2888129530767636,34.65144774674009,15.45380898189131,63.10150465015222,slack.exe,0,none
20.991414963088115,6.611193187175448,37.3625305057475,417.83981082879353,-0.17071240174402647,2.8963902954999012,68.81004369408883,30.159724415389537,118.56250262710384,chrome.exe,0,none
7.6808226552371615,3.1726188289373725,16.526195427502206,120.546546107779,0.04810264750293906,0.8351038907630107,29.67523800543424,12.873493194418817,50.895349551765875,explorer.exe,0,none
18.959321238229325,5.582507163724538,31.511137018218545,179.43932363015026,-0.048124460056241485,1.2888070514910723,44.74916784794782,21.066239288729893,101.80204811566797,python.exe,0,none
14.113272185335262,4.971070946874576,25.035640200375674,260.4874811282429,-0.09123242495861632,0.8124249176559437,53.491471356597295,25.507668560031465,100.36974205915321,outlook.exe,0,none
23.91895646140453,8.91834348495099,39.04181555622745,412.43037576061755,-0.4550257348679414,4.2912411048455095,71.32528404596592,28.1840416870326,161.4388550967717,chrome.exe,0,none
23.25581467658509,6.734198114256615,36.167018329818774,345.9809948848133,-0.1321625959139188,2.2596764282976394,66.73550926985665,30.74330733517538,147.29425019092417,edge.exe,0,none
21.357336676940356,5.81842220102915,41.485426576876215,348.57025676115717,0.050516706570761016,2.2524278869424115,58.19479635148891,30.74012842779576,121.10252539394585,edge.exe,0,none
12.091041288877765,5.080628891154621,22.83791571612778,203.7861931316472,0.05599708595977309,1.8467360568978763,42.222373081352586,14.624165493478927,67.43503950372713,slack.exe,0,none
17.74001861611002,4.447832256302601,25.764575769717453,236.93242253182774,-0.1982968123752651,1.8952692879933501,44.63860427375508,20.080944418499328,74.7558145438131,code.exe,0,none
16.453788495166666,4.889199370255413,27.832111760732907,237.78628016174648,-0.12261568599207351,1.2870365493365075,40.025851724349735,18.497044880184436,78.65343429236043,code.exe,0,none
20.129101530429224,6.207569269418248,30.407487848798482,303.7326996567192,-0.28207021464578097,2.7942774900717255,54.58847005283693,21.818152163813327,103.48157044882271,teams.exe,0,none
9.139573316839941,9.20982547007581,36.99316367443601,90.47430887932728,0.052516837608223454,0.8884788307585463,24.082779053243005,12.023490802548322,52.23558369810757,svchost.exe,0,none
19.39409898618404,6.315155797501652,33.433601138347,351.0558470084014,0.010825873693210041,1.8304968360001665,55.03828893916286,20.785898833046865,94.57262986371543,edge.exe,0,none
16.872318447313834,7.594469208657617,36.01861464922241,182.187833956711,0.03538224961729384,1.1595336816966961,36.00230616454506,18.705137195987543,68.31036456614112,python.exe,0,none
13.73851858116766,3.6318510094296386,22.860833964815185,202.58933581981864,0.12882695437136912,2.099292364314919,37.95661953555546,16.275265673803123,80.25160811631673,slack.exe,0,none
18.712580272842974,4.959035803081842,29.253678000386103,183.00510897622317,0.13570903662178654,1.2860072415889643,40.01471237571099,20.173544061508316,87.53479532614149,python.exe,0,none
21.160375035982824,7.385907853342816,35.69066286202768,424.05382645084234,0.12046501700210872,1.7809413764112878,64.3734701133115,33.603526334751336,144.770631928586,chrome.exe,0,none
24.525840537902614,7.617258268967799,40.394943645769686,659.5701751843985,12.895826307207908,137.91850792499343,72.8282091660657,23.954686465715916,115.64760614499721,chrome.exe,1,memory_leak
15.215683832982283,3.653864467852261,24.01226222628756,253.76976110080068,-0.0743815393112167,2.4039969964679315,55.80198596086687,23.94170031270619,94.76848966597103,outlook.exe,0,none
15.121597899104103,4.190323105165425,22.029800293392405,200.58157316940859,-0.009475194841781824,0.9242127290125847,34.33476580212712,14.005548794198356,62.10512715005565,slack.exe,0,none
18.74336699863817,7.0756244127583585,31.409239633581166,178.7047838028355,-0.06785663941786406,1.1292884750707812,37.04578013530159,16.568805100095883,65.93576511906207,python.exe,0,none
19.258762201272653,8.743317951968487,31.16370532067492,233.3548900250845,2.715760872888028,32.50062458803136,32.46737212051705,17.33255565937413,68.12160815653885,python.exe,1,memory_leak
15.967484547833658,6.377243119735411,25.798666874403885,236.06263901486975,-0.012962378035341733,1.7154107513183998,44.48033458466414,22.01310892247136,99.1725406162749,code.exe,0,none
19.156858620201934,6.039735739718509,29.007815540815187,310.9018545475564,0.09941964500687277,1.357182103084916,65.47766922151315,30.8845458703368,142.63936170490163,teams.exe,0,none
6.170776802653394,1.8762401777240927,9.891697248953177,91.79181434462546,0.07663010968079173,0.6829613253625316,28.621647298567805,11.187877586465909,46.682236776241524,svchost.exe,0,none
18.47140595369032,7.574493860632506,37.17556139660532,182.9880792304692,0.04181196909591449,1.143941478413284,38.72549272662457,19.490772504033043,85.91831569765853,python.exe,0,none
14.683883214218463,5.900576065890441,27.721597864520056,261.0641501742171,0.08740779766251876,1.2602573976070481,49.41740974339089,21.931113242637473,84.73416944883549,outlook.exe,0,none
20.0460162696687,8.351613964334943,36.92223839484415,420.52608499824316,0.33143814725503756,2.9315991813407507,68.30163194751599,32.40107703454322,136.49420703505484,chrome.exe,0,none
17.548674403538733,5.176805092312989,30.11606043273334,178.01056647796148,-0.1991270606861974,2.391402969588849,34.71284422730115,16.039237098118825,66.68512782481962,python.exe,0,none
23.236254757615562,7.005305623990425,40.961262702111895,424.6637125329289,0.3036563629629294,3.9991511503303907,67.64357091652111,28.39172871164809,120.25388556872959,chrome.exe,0,none
13.888772506194181,4.960545457977352,24.874708072294315,200.81924293282154,0.11782328848927742,1.2848498306459075,33.49609409222683,14.59604215947633,63.61005332754931,slack.exe,0,none
19.788166672966554,8.752318786639274,38.639799242034655,412.12089017992366,-0.15178524273259578,2.975616450387605,64.3457754281124,34.682089905932365,144.83690307552789,chrome.exe,0,none
23.74453466270096,8.010520329666814,39.916836949918576,419.71923056877256,0.12579609726158955,2.9148901069580138,107.1205944115918,69.68644828788977,278.83032959128724,chrome.exe,1,disk_spike
21.397240353817345,6.248474606386336,33.446254911794455,415.3155892776224,-0.2885035959195591,3.297236598135809,68.62192641619768,29.97276532747196,148.6175247008786,chrome.exe,0,none
8.637066997346038,2.2382002602935014,12.816408029423073,120.17155644505284,-0.058251377711301205,0.6644655571439094,30.83884380797539,13.181014757686556,54.947272261976934,explorer.exe,0,none
14.657324427135553,4.581960899721513,23.063372077914046,239.71850595291826,-0.10852573837641538,1.1915535438633909,50.701289289552086,21.82538390176103,104.8060966633455,code.exe,0,none
19.94079543332189,6.4826566667461405,34.693685521341536,306.29448382903325,-0.19653214600809102,2.341742367247501,67.5678664472122,21.89921879753422,107.20986492840208,teams.exe,0,none
7.493800980169839,2.73860656183749,13.542656491582346,120.18863159291628,0.023293971309013745,0.9603559714714748,25.672484418079588,11.875173792882162,59.735124453394775,explorer.exe,0,none
20.24295579542474,6.172582937778207,32.239807643150165,352.00049741349153,0.3143720885863104,2.96633984148367,59.52409624693541,27.0487956930616,121.78243019210606,edge.exe,0,none
17.768926918108434,6.3339432309775905,28.413131637020403,179.41106253821366,-0.006065643122007221,1.0034599591231668,45.47238147690976,18.32831357540101,77.62802596095497,python.exe,0,none
12.480747172567488,4.319099324150941,19.240331169918626,200.838896356838,0.0665416191248236,1.3166528338564754,41.86499933378276,16.705745084527077,72.16688972735159,slack.exe,0,none
14.341063768350754,4.038519796202362,23.605325023556695,196.09272250328155,-0.25201061938826685,2.8128655841985193,35.85241555813743,15.685643071453226,71.61638074694824,slack.exe,0,none
14.34493573808333,3.961144206150081,22.653973484810635,253.9879357534006,-0.38144246173940055,2.627931528504081,57.806628696557496,28.9224976527898,110.55103975654445,outlook.exe,0,none
15.47769674911742,4.340031173198917,27.91586333088342,258.71889672811193,-0.18805066843954515,2.2528644936532842,52.67997308389262,20.196046116717664,86.79023858069758,outlook.exe,0,none
13.586577892669565,4.346590814439958,20.77098004815919,196.89349750462287,-0.13978059667352152,1.3123054465529382,32.49650696065478,13.461919059945776,58.02885852035591,slack.exe,0,none
7.77165779199227,2.7763501430890676,14.20122691181907,119.86962154720726,0.051354984764722646,0.932582939392547,28.03515412990083,11.771082235639902,54.79725396938778,explorer.exe,0,none
19.41457519870716,6.257227552500333,33.341761690029074,349.24842555866854,0.12607917187402032,1.7482495403677722,63.433371571258355,25.59840151243858,116.71092959133185,edge.exe,0,none
14.473655400275701,5.831015714433684,27.529834027255326,240.33685456010153,0.12256145591514857,1.3096181008107066,42.47067995435971,20.003559381019976,78.00667988154319,code.exe,0,none
19.029742478673686,8.212098786297288,33.621490506669616,353.212992104494,-0.025403439711612918,1.8892494211380944,62.15705992204888,25.212466590669127,139.15689592693053,edge.exe,0,none
24.381410503200257,30.301792914113218,83.29538348748498,120.23169255787568,-0.020749791811095975,0.5879280127993093,27.97057186987391,13.111492520726273,59.09566198089791,explorer.exe,1,cpu_spike
19.655341487826,7.9174663980322375,39.202719659111835,354.2884958494439,0.15389561846282998,2.1684169625318614,67.82003651778008,25.443392330322112,122.39671836171686,edge.exe,0,none
15.111663240144013,5.209265255986731,23.53281254576151,258.19019866742855,-0.11528385390937691,1.4422661166282398,67.9256992405869,23.652181104760675,112.53889799999888,outlook.exe,0,none
20.157779749081822,7.854232047718819,32.69148740410255,355.8187823030134,0.3415734181109845,3.0019329127795733,60.1491644452291,24.752908261609956,99.50974845867955,edge.exe,0,none
13.784414314652247,4.697777350051173,23.637828957149587,257.0412483372205,-0.1522846134184808,2.7080819120501287,54.90728812186978,20.3620489408195,107.90661202765313,outlook.exe,0,none
16.384796013720884,5.647375949368797,29.623307932525755,240.5091480162658,0.02452588810358899,0.7515407780543782,43.16411005748051,20.543699955175946,85.94993835903092,code.exe,0,none
20.089655182105044,6.490067382270941,35.95845614454826,305.42778556596926,-0.34950125383766895,2.886113780310343,60.236162444113674,22.663009225954376,113.78095415904002,teams.exe,0,none
11.234049992843206,8.65675902653385,39.115056311907985,120.33098188431762,-0.0316179262153156,0.5103700885952664,28.361388182619375,12.444693096127072,50.97373909447569,explorer.exe,0,none
7.07685016750796,2.1350408007414376,11.87208882343021,119.83853997909199,-0.007312226117872929,0.7033336518236751,25.806637385733378,11.505088145651946,42.78232303462053,explorer.exe,0,none
32.12782894091265,26.121868275900564,95.10342631442961,180.66352462485494,0.009429169343647459,1.4946817748531882,37.19369091640581,15.350188312531811,64.15269964230139,python.exe,1,cpu_spike
5.352445210493689,1.85469324338903,8.614525173051744,91.2134527951874,0.10241091098333613,1.13472378425845,23.756061267885602,8.150857169179613,37.156100262811364,svchost.exe,0,none
20.152925550142626,5.684437178330095,32.27829985601228,180.81202492213365,0.026420598832810546,0.8218387656739587,39.06163714810882,20.91010627369477,79.2198412930504,python.exe,0,none
16.11836973643073,6.195946886961341,31.389454411829966,177.91341058032674,-0.09126746224927919,0.7837536394573876,185.02164131068068,290.4450607319445,843.5587779618793,python.exe,1,disk_spike
15.608763881520584,4.852216270621728,25.81309355779938,179.36142042159966,-0.13459403404604112,1.3102711499657274,38.017188917729555,21.453581944791306,90.86819030811941,python.exe,0,none
19.515089026505507,5.386400436295282,28.237413471736925,345.82129549321456,-0.17584006844912778,3.1466460795068247,75.86510643459773,29.254501104516052,132.20227247544594,edge.exe,0,none
20.343253083666255,5.694331277966128,34.406123958905994,350.7961011765774,0.07763900031726129,1.9545143309541542,68.00223246914226,29.467230181641035,155.61862067692348,edge.exe,0,none
5.925478467888254,2.067153465804625,10.673541587299251,88.74811077413865,-0.04499876680951947,0.534074155473934,102.545371954892,232.93360524857783,927.4138923996404,svchost.exe,1,disk_spike
12.360816039747085,4.041391266498303,21.067094171297736,197.5979265676687,-0.15358828724980544,1.3997824639091745,36.76548861257716,13.227533560106794,58.1870276708998,slack.exe,0,none
15.92264890359426,5.9401104778932545,29.174673758829336,180.40320355707263,-0.028554624227476212,0.7743028758253159,37.67268019073244,17.246760325516654,63.44836191945746,python.exe,0,none
7.415892798081411,2.699203798243269,13.759576703697672,120.5677607883825,0.037048205983799674,0.5457650486164527,32.59403595747401,12.062181170435384,60.588745816590475,explorer.exe,0,none
19.103342931365134,10.07253425822251,47.44297549514714,238.6368807133162,-0.15721062863974947,1.7119165792844437,45.43111393602914,17.459915212234932,84.69199201500294,code.exe,0,none
33.973580845670774,24.928538016783058,100.0,422.28345381375146,0.05976100433434037,1.258972325218695,66.94390320361256,26.394833918218488,127.14326079292442,chrome.exe,1,cpu_spike
5.6179815304577625,1.9507691394228808,8.712432412029798,89.31074618659194,0.01706093680855124,0.3733602138521879,22.72360808756888,10.806020130028894,52.247136948218426,svchost.exe,0,none
7.18079756768054,2.1035213591035693,12.1961575452723,119.01608591759667,-0.12264674321199275,1.3694725062007174,28.653260650661753,14.421707792921753,58.52365775851432,explorer.exe,0,none
18.77507818971359,6.235635923377176,29.450357687051913,311.5397588005099,0.08324194304899682,1.3162002564135578,63.516816661774854,22.313940488869235,95.81187719543631,teams.exe,0,none
25.315445006213633,11.228429647013643,61.74493950547375,421.45768612727016,0.09819530935805763,2.7043078800535785,71.89931790846498,39.96657923423499,180.73488142037638,chrome.exe,0,none
13.062036687071737,5.3537570362016345,24.45203318219977,197.78327867342128,-0.032220902775721545,0.9387686304204006,38.169128896466546,14.423430175478549,57.34561083444926,slack.exe,0,none
21.421564858353925,7.066811064208669,34.95093080010499,416.7650527024925,-0.12214713434402143,1.5596125277774002,60.293662235939486,34.44847856164825,152.19223896161682,chrome.exe,0,none
18.11241658112361,7.399490442791365,29.848798854678385,350.9159335570004,0.15740427382781566,1.4814515345509862,67.61703342956703,33.26891641103763,119.51474015710289,edge.exe,0,none
17.635816519773833,5.708417774474032,30.337147128159692,177.00687773322088,-0.05446456836307239,1.3867891599385216,44.2131955093861,20.437548530415597,91.2172262233249,python.exe,0,none
18.63049366198712,6.4332729657115815,31.204047684647502,182.345064073433,-0.005929968705887253,1.504247543309076,39.208774911045616,13.17350267400955,69.43255291919183,python.exe,0,none
5.71124598739703,1.8645043098861962,8.88999000229214,91.61442481086591,0.060774378583516864,0.5884318139808392,23.420402111529977,10.845550662647968,46.453573948915846,svchost.exe,0,none
13.639566412669334,4.378006753858405,21.168878413143393,259.9810970381236,0.020250863450913432,1.6811708474607385,53.280063567399374,25.592385256786002,112.14641752226981,outlook.exe,0,none
7.70143250223885,2.825379646785169,13.773928431324338,120.42125775929968,-0.013269847345124219,0.3931234429171037,30.627142710300536,13.182923723770736,58.567413125821986,explorer.exe,0,none
14.099634475821757,4.26673531910585,21.02496449831729,201.84333808892535,-0.02389339521701667,1.0428657546049798,34.36897528310562,12.336670783828948,60.75483017971281,slack.exe,0,none
7.889921653074,2.7541027769462314,13.610294824265122,121.26238084449037,0.18643372239364833,2.2455622041135483,31.26049665386436,11.887400314746868,50.77197796152145,explorer.exe,0,none
8.463953824936643,3.520575292216355,15.79243033563225,119.11685217747463,-0.09192746522565093,0.685990911332585,31.772823898997675,11.10812528683055,55.229460303129,explorer.exe,0,none
5.699605903409387,2.231010862672503,11.24780390454079,89.56809502185256,-0.10230895951035089,0.8353136600359868,22.758587041189188,12.688003525876567,56.23669399196151,svchost.exe,0,none
6.308851800103273,2.497916345094512,11.162504076026256,89.83339801461378,0.0022995360210809205,0.312907364033756,25.022723270843212,11.177524792794623,49.094248880289925,svchost.exe,0,none
5.695715709245709,2.3040293453056,10.279484796711206,89.36031711188139,-0.017708165071668704,0.5321415490724568,27.570172497373335,12.735044630650522,58.84406257498251,svchost.exe,0,none
17.871362811845096,8.41603639952973,34.17285863388581,352.66677446561977,0.05626328068623063,1.7605196611954341,73.31572673104247,22.898021288807517,115.88470522648208,edge.exe,0,none
19.722271222162643,7.925490825030158,36.6159819636186,425.276033433524,0.391955182601284,5.948195441788787,74.02150873427429,28.028766851037084,140.04748788446705,chrome.exe,0,none
8.631426423364442,3.0278355899490355,15.896142479634104,120.05476865405848,-0.007041258276679703,0.6015509067567962,32.91630718239714,12.859997342114253,53.568316657988674,explorer.exe,0,none
5.9832625518674964,2.246063996935684,10.562421432330911,89.73118499961826,0.01091256584839518,0.29665096581840217,27.50141261784037,11.576239368179156,61.99099950258207,svchost.exe,0,none
17.552925058630226,6.001444001469889,30.54900355824608,179.64882847030447,0.004124129146174482,0.5799738412472003,41.21655571761696,15.449129880619124,74.04922595593516,python.exe,0,none
13.545346895478852,6.290865061203747,33.04205141466217,259.75453431873694,0.07214797922617891,0.9353932868340132,61.92081436984374,22.47999432711126,109.70185471652677,outlook.exe,0,none
11.919695616050452,4.143412762695959,21.25461710642934,258.21966621865937,-0.0014753898679543908,1.2894450504330368,57.40845684441099,23.56618536774808,113.60260043724787,outlook.exe,0,none
15.292587930696943,5.998824105525824,25.66174325505974,237.58824465846672,-0.20393778000263296,3.717542929781974,49.8051347186647,22.335164617144883,105.87803818422364,code.exe,0,none
21.16118372895575,7.418594095712996,35.29928094473559,420.68409764370784,-0.05691686330728203,1.241652692132363,74.72015112768595,32.35614319321206,131.55233627604616,chrome.exe,0,none
19.389755539698974,6.264830406672716,32.844497766623576,350.31008367198825,0.2652175116675323,4.187520488143874,67.59962523093655,30.75302788159805,143.6709772432258,edge.exe,0,none
15.165749188140884,5.562471454851966,24.368246094867533,238.7938928051681,-0.08115735434200626,1.553237317104818,46.52445908033222,21.83054449593685,97.52808148417154,code.exe,0,none
7.438805661311856,2.9862707535645474,13.44397502237744,119.75985036998189,-0.035735163597392254,0.5493628245867578,31.962877431424335,13.411129168617405,58.393773435601716,explorer.exe,0,none
22.224989531675696,11.50215929976623,60.19028880542911,356.5903631223139,0.4565206414870488,3.6002517336273288,63.23102273025404,28.207851144822595,111.24310668832146,edge.exe,0,none
19.23947395572147,7.5616578471170675,35.3917076204565,308.0121767282304,-0.11985966553571643,1.3325168890579728,60.756115995610294,24.243773997199565,122.40477012911424,teams.exe,0,none
15.079077064251843,5.846562726347836,26.08758319052471,239.94107163286608,-0.05164316258882877,1.2112752627379006,50.04459275170892,20.622094610128787,96.21480218161872,code.exe,0,none
15.183538107438022,6.92222823628203,33.05382331526241,236.7353832301464,-0.09560322526192049,1.236983366150107,48.66619879921237,17.579435051229527,98.01801182750337,code.exe,0,none
24.85177622584397,6.994345379362399,40.529528373376266,454.9015976197265,1.510110093568047,27.723681146372773,68.33335876533137,22.679637150617285,125.81040246338499,chrome.exe,1,memory_leak
16.41728002499937,5.222990806632895,26.984114425307887,240.26913518776837,-0.05295188443263233,0.9623247438724872,46.30792546336514,18.334153193244582,75.93952873847655,code.exe,0,none
18.77961327822374,5.404357608787229,28.282121408739556,238.13589640149226,-0.13169641742594915,1.6537416316606597,51.512545977295694,21.104554103218874,94.92901300535986,code.exe,0,none
6.411823567830832,2.1013047362366204,10.485816495613662,90.95654012829434,-0.009816572135109424,0.5634241062718229,22.011345417392917,8.673132897209685,33.63772657249655,svchost.exe,0,none
22.951210098157638,7.109219052293782,35.59308785799988,418.98520873328573,0.025339264946182993,1.9041712261638022,63.18428442695347,35.990825902668306,135.45198043147667,chrome.exe,0,none
11.908788295640502,3.120860129465429,19.07452512842889,200.75359351705973,0.06497617349493415,1.0785120421460035,27.629429609836954,12.9743539378364,50.903080095616275,slack.exe,0,none
20.151061390397434,6.135061027574743,30.611360265445484,311.2612172968247,0.007717816397246224,1.3170473539541814,55.84256178174652,24.881902723538314,102.53308585376783,teams.exe,0,none
6.312345917508123,2.4144223955854454,10.424397061926168,90.16081706121943,-0.009846743905561084,0.3582295846483644,26.796825050382882,11.17330809034037,45.359932145318474,svchost.exe,0,none
20.95612696015596,8.33349826694736,36.51425145202643,413.2111354454437,-0.08451849214873543,4.374560867694524,76.72786853709788,31.75259623687092,136.5385937333254,chrome.exe,0,none
16.678700274799528,5.105604011821864,26.536057536383442,239.27757040403836,-0.06853730384130567,1.154196850410796,49.80052534057578,24.40227901889777,104.6368883943997,code.exe,0,none
5.967426542062783,1.7952229487457787,11.277531211136711,89.77827200164255,-0.0458895958817673,0.6656676914581076,23.343224348787068,11.611641276377917,48.88559844761352,svchost.exe,0,none
10.763638552909478,13.761674172367616,56.22486658408983,90.58707136858028,-0.0004311868660948903,0.37923394531705074,30.951477899712525,9.802762918367016,47.39154830815639,svchost.exe,1,cpu_spike
8.726711234702584,2.8564283283108085,14.417705952148614,120.19994455493521,0.015378368764865513,0.6627261520687504,28.4555356361257,11.418140569476975,54.40117263239267,explorer.exe,0,none
15.16295303354356,5.199134187685134,27.262234479795247,235.11585559430677,-0.17294186312457024,1.8639742669974797,40.33797915939546,16.576820986837678,85.79650842850805,code.exe,0,none
24.16495406642791,25.911258334246718,92.00566258688696,201.12312814179214,0.15883747068505444,2.715650938526698,36.67805937800146,17.387636877440446,71.26416411708468,slack.exe,1,cpu_spike
18.400391349087876,6.054910348705302,29.26252838390366,179.418966365195,-0.07218350565826484,0.8875373682890669,40.08949129352575,18.436391010798715,87.55725604811627,python.exe,0,none
6.103940732178528,1.8682623086331602,9.964665499690998,89.2099232154826,-0.05295227966055715,0.7927381647798357,25.069189851997386,11.335275523143409,53.414730051806615,svchost.exe,0,none
28.833313751828918,33.26413657361646,100.0,199.96407668502388,0.008057464416879156,0.8885575814447695,35.26615934564898,17.19662235454113,70.51967289518126,slack.exe,1,cpu_spike
15.09362652911759,6.003332023902612,28.096413272896363,242.56568708529662,0.09528608637282522,1.581081586781263,42.44500117067278,21.850212950744123,84.05099357576296,code.exe,0,none
18.12528998068436,9.924559515130772,51.46741977141788,180.59275435592733,0.043918229783447296,0.9613658224667414,40.787059803036165,18.322780173326034,75.51185099546817,python.exe,0,none
13.013613581242502,4.063542050261661,20.14374513821568,200.3347453810705,-0.02606793709520048,0.8176231235483917,35.84374123052979,12.73860036562856,58.48177176975641,slack.exe,0,none
21.139363899209513,6.602058418715218,33.618307191051954,311.9878857938539,0.23176855797569829,2.1715248103258094,66.1464923745721,26.508229292449858,125.07903119715202,teams.exe,0,none
12.16954734178857,3.953919227737324,18.871352312887765,200.54684228943904,0.0011425291572663809,0.486336130214532,39.16506168415844,16.52746205337085,72.91200848489089,slack.exe,0,none
19.73560994393853,6.0117089892379285,36.01582062314286,312.60832540788164,0.0008483834363933814,1.6501829218616597,64.66780894747258,30.00339380233701,121.32958042875208,teams.exe,0,none
7.5944728328726265,2.953035801477172,15.20300307650805,119.34784377561462,-0.08657959707874217,0.9777464553790136,29.717182422162693,12.466026234043396,63.355285430958425,explorer.exe,0,none
13.884296564135981,4.4047058072627925,21.98487975834419,203.22276490640903,0.10492404245868177,1.2553944600599412,40.61199075630064,15.725629706831562,71.07929490015863,slack.exe,0,none
21.164380120439464,7.231517873567158,38.83765283917542,419.81265906080614,0.01904584143534862,1.9632424757815548,65.07673528214126,24.170356920589434,125.95405788827827,chrome.exe,0,none
13.014525596556439,3.476170614553671,20.367646905082616,261.28859415276537,-0.04841542317575431,1.099720242805516,53.84006744709218,25.658008970418685,101.44862792918597,outlook.exe,0,none
6.290032575205353,2.5473092597641536,12.861857647876157,90.34462554870785,0.022987322530172112,0.48492993834307274,25.47213383740795,11.70851363407681,57.25058121676821,svchost.exe,0,none
20.931285456028697,7.655877221144042,33.08528174721805,306.2468871242644,-0.13540967288521416,2.2244701886828273,56.36275492541449,25.234566586350812,112.22206265124338,teams.exe,0,none
13.27658747692141,4.521861023382626,23.100707112791632,259.0184783701958,-0.0495555562868977,2.052678279472283,44.86824551619301,25.51533629719009,101.28612941676872,outlook.exe,0,none
13.376503485940288,4.518614805128454,21.666437919787292,257.2126946537445,-0.09126652259328694,1.2609878165100863,59.32585907879084,25.01618098769288,103.35126102312663,outlook.exe,0,none
18.193232216125786,6.177435557283886,31.58382634484074,179.56790497329175,-0.032033772897357454,1.4283217906993693,45.89362229897595,19.152796506718467,87.72008146617776,python.exe,0,none
15.341809512461221,5.044495578425178,23.80953057667498,252.8020339877762,-0.3058734251532883,3.525767002254436,53.473917168110006,23.595148546753478,116.8699919687244,outlook.exe,0,none
17.887292588984273,6.630233183586329,35.062751755597574,315.6624730631554,0.2279651847063273,2.55891626179966,59.27687772424094,27.685468813519314,106.31976351969342,teams.exe,0,none
7.980753642182831,2.97314889360065,15.486071254339418,120.1132863943065,-0.010737160669844552,0.6410193862300333,26.87342750669358,13.742045514509314,72.93635385881579,explorer.exe,0,none
14.495455706731992,4.358506798974591,23.603847206530396,258.81495389717804,-0.07126042599535935,0.7819345274666181,57.35290070791728,24.60722905065924,110.79408400959129,outlook.exe,0,none
12.999580074099539,4.675845168351496,22.806498693664985,260.98214586142427,-0.11721841955626928,1.8766030908233238,52.01975763803871,21.99782704757096,90.55320657260961,outlook.exe,0,none
14.221327624110824,4.649368813760344,24.969961791397125,240.66933175145874,-0.023302307797966174,1.3193404093272871,45.060991323095195,18.99504446288991,88.10151208181207,code.exe,0,none
21.370290848483542,4.8851199398010134,31.295365198383184,306.0379557884198,-0.016303473953665087,2.2188298252184335,66.59884398367807,27.946518188965936,120.9435599952472,teams.exe,0,none
22.06524241647657,7.894615700468309,34.219967774962285,418.961852171321,0.07746320472874686,2.9625698597564614,149.75889219363793,171.6157078173529,597.4061115986187,chrome.exe,1,disk_spike
14.04895977148973,6.735281189969279,31.347365799580032,198.86366600674495,0.05413658326129962,1.0950923976787104,35.90007764544719,14.786756415548075,67.51992476822626,slack.exe,0,none
20.869072210019397,9.575479531121278,40.292549972982286,413.25965582554795,-0.3447906518311792,2.767647552498434,68.37450558501389,31.171965221804673,128.09615117289798,chrome.exe,0,none
12.943644973180975,4.086077356722762,23.528570389192314,200.24918448583776,-0.03333411334251082,0.7324603970823717,31.802705858064982,11.142111689856236,53.62298644709007,slack.exe,0,none
16.584618311845723,6.109663044699503,27.714316367958705,179.92348997738208,-0.011914325397322045,1.2699580864152429,33.490645230005626,18.452457757715294,85.54680665865197,python.exe,0,none
19.010052563272733,7.348500460848579,31.76820234271255,426.3724197466602,0.3389400153395343,3.664741465022815,71.99269795407554,36.602661494562156,146.02850856651182,chrome.exe,0,none
17.840020458064206,7.303278059471425,35.14509090358955,311.9241920167766,-0.06173699907952634,1.6568154490837808,60.792819672294314,22.204639335993132,100.69850254421033,teams.exe,0,none
19.6002259641311,6.859383891240759,32.15363994745013,347.14833007624344,-0.22715790845858236,3.4171565535438053,63.06545159854774,25.853298970722904,102.5142502296923,edge.exe,0,none
16.97076012113147,6.139828230925898,35.4600448719242,181.15565997005012,-0.0385452128617743,0.6042799869063852,37.5011755417092,17.24124586024982,73.73881981880334,python.exe,0,none
18.02305810541318,7.0951876193695895,32.13964602745759,353.68966928299625,0.10559694299939223,1.727996295710309,63.55556596945538,30.8214413488891,130.67630335997393,edge.exe,0,none
23.594073268688053,7.846414332045748,37.972537765234144,422.5095600327097,0.23216064075886797,2.8678942617384946,78.25731883531103,23.04918493097767,112.65447195968346,chrome.exe,0,none
23.91248029528573,7.067917078687517,37.079513779780164,429.0024024085704,0.5976475597689387,5.76356443585851,65.62080813749455,25.323989562138113,127.97122657028117,chrome.exe,0,none
13.880626743530831,5.281084282622138,22.878906694779488,237.31700702840615,-0.23070573923080342,3.141107213100672,43.85478226130241,22.414721782227293,79.87025754695378,code.exe,0,none
21.458041014134153,8.448950983842522,37.42598422969989,427.98525070510067,0.21893713472330584,3.241461988713704,69.92029705307363,28.32211785380326,146.3377590973468,chrome.exe,0,none
5.931408087288414,1.690033832235093,9.423115861094944,90.2926988566572,-0.0011830370554179125,0.5727975244753838,25.863040970086786,11.240344836695785,45.53143456303244,svchost.exe,0,none
18.501249672181338,6.486174841510315,33.28442575531406,184.410534724214,0.2332065877743086,2.217518489038281,38.92359411751399,21.36906164319416,95.22671619769915,python.exe,0,none
7.805290192225195,2.532871089659254,13.716308596087444,119.70815558822711,-0.07703122589599852,0.8970829604668202,32.5570107769088,13.384574421754149,61.628928034026835,explorer.exe,0,none
21.64023811073266,7.9801390653991024,39.6788651717704,415.68747385398245,-0.5224518567352334,5.052150545333634,75.10091393355667,28.176565517615778,117.19696978694454,chrome.exe,0,none
21.454198527151664,6.110165866912491,33.05536308417051,350.77124667897,-0.04299468486762521,1.6426296702346146,64.52135623182387,34.849656391146745,119.99680811091469,edge.exe,0,none
18.59696974668343,7.62385162116761,32.63965462517561,176.91749004228373,-0.147607724665509,1.399665453290818,38.38961359390955,21.566725696846717,88.1159012155864,python.exe,0,none
6.060207110667611,2.1928032660324326,10.978593340000323,89.83816169462284,-0.018951742780903183,0.6274929901319366,26.036019902026172,10.849489664739629,48.091312705895746,svchost.exe,0,none
18.94540866253585,7.440739148057373,33.22918623824573,309.56318050991575,-0.05935457723977227,1.3247204578272458,63.378056851668575,25.051692002776623,102.99620930210227,teams.exe,0,none
5.955809672505667,2.1154295813321493,10.273283914312987,138.42278772941654,3.551795311983013,28.435741277577254,26.614914135746854,9.212155169594858,48.8329660455081,svchost.exe,1,memory_leak
12.831878394225464,4.876118866631034,23.45448652960733,200.96994045416517,0.017118166341448197,1.087132537664615,33.91755099461882,14.457388679059692,62.36869395534049,slack.exe,0,none
14.246199247681515,5.224186286126565,25.018835912557233,257.8573225217227,-0.2045001180061045,1.9978568511367862,50.52770715593319,24.765772245194157,96.30561850717262,outlook.exe,0,none
8.47441876662236,3.2035876036487316,15.870141019630822,119.91675651282668,-0.030597550345728072,0.4845355654493664,27.899582454261918,11.530631441411884,47.98322214807749,explorer.exe,0,none
22.925426177616274,9.867465399722184,53.00120258438368,310.74941835255174,0.04475581958560421,1.5464128966687896,63.114750549783004,29.518110506500204,113.48393281139303,teams.exe,0,none
17.85681984320935,12.383076322112563,63.690739451958734,241.904012506748,0.18566656900759143,2.2021524608066914,46.083102699139516,21.32386704101737,85.36140346216459,code.exe,1,cpu_spike
13.181426613465215,5.55724036433574,22.837231192284154,260.48787780360016,0.048447056009456445,1.8443249601415121,57.4499666122753,24.296348424800943,101.94708833535671,outlook.exe,0,none
20.350453761420344,5.9075076280748196,30.75621869169748,350.4014330086767,0.1036264869795313,1.4489616469751245,170.0568371119456,220.57985855370197,774.4501832589556,edge.exe,1,disk_spike
14.523321843389937,6.121805761665807,27.31493041047464,237.22129191334307,-0.2740388720718594,2.4609866386033734,43.47701692761776,23.685673509993958,90.19832399373286,code.exe,0,none
17.95994951357728,6.030058297459954,35.74376435029052,181.4909314982554,-0.03649480438454304,0.6854103043139271,39.473709293799125,20.1702064398938,75.06136963285988,python.exe,0,none
13.632151794009294,4.057323173456821,22.75182842348992,257.97907186483724,-0.13634737155478263,1.439120668394781,48.283374112985406,18.162115047534808,98.76107813261649,outlook.exe,0,none
14.708442574598505,5.1905793804148965,27.7204210859802,258.8316857976342,-0.11797750975053228,1.8161321224037674,51.131045207093365,23.26123755463976,91.81539180358175,outlook.exe,0,none
5.38434072385303,1.8068138957393562,9.207889475005578,89.52805262768021,-0.05362205375870938,0.48918625979883423,24.24839134963393,10.903053861483732,41.42373422735352,svchost.exe,0,none
14.750208153897319,4.985108606120086,22.976225967910203,237.80712952617503,-0.0979393356984256,1.5925231235558142,42.66870004407242,24.233872686878385,92.99133053844614,code.exe,0,none
8.500673109037475,2.044096312224989,13.860791947575898,118.86686396716136,-0.08035967166263637,0.8785120759503211,29.090191399840382,13.832363529411703,54.1228797322875,explorer.exe,0,none
17.150651636777656,7.074948359926879,29.4882034401203,348.81421005760524,0.03211078512658976,1.706576448910758,62.893456705812255,32.04705302495281,149.23202247337576,edge.exe,0,none
8.198644151267574,2.704253261777898,13.52275017167047,119.00846609278656,0.015013462692146125,0.7462316093747182,28.606786708019992,13.969621765483273,59.657249522051615,explorer.exe,0,none
20.15256827166062,6.36771958260869,31.106553303285416,350.63768813505965,0.0003789354013595888,1.9381943573800193,147.2148808576456,207.0248963294859,767.8587422850569,edge.exe,1,disk_spike
19.667554615567315,7.565229333692626,31.62271592943187,351.41828481607354,-0.057130275904250995,1.1214541786562904,64.0914825685651,30.771389356687713,146.09851548336187,edge.exe,0,none
19.03634209981178,6.262181848748689,30.051895828635562,310.90791343880426,-0.03508587381834711,1.2930114825658725,53.538355313751524,23.365135642178835,99.37029148761619,teams.exe,0,none
12.36946062625487,4.601455624689756,21.640453202286864,201.23511015809024,0.06639615391264139,0.6353621735973234,30.774505402787657,17.308535145197514,64.13855938934788,slack.exe,0,none
16.759472097394195,4.662860261429255,28.37026850865101,240.71593559561495,0.1588439893636083,1.825118655464815,71.89713962230965,76.94811264543013,320.32163907382056,code.exe,1,disk_spike
19.866720660278148,6.845231400862806,33.87627113864992,353.5544909233088,0.26950294762368304,3.8090049465243796,65.13933240055975,28.79425476027118,134.38779233065088,edge.exe,0,none
31.069163447498802,33.35085004182159,100.0,198.01310216165965,-0.1101462447659524,1.6540833631558605,31.45148604827101,15.881465464371132,62.033520367367714,slack.exe,1,cpu_spike
15.68171887671167,5.617878195804797,24.84074398536677,234.8650459231796,-0.23023385595202323,2.9324437976693885,47.73670922272503,13.701132711363632,72.90165092427348,code.exe,0,none
19.187180113841443,6.728849760734334,32.695853449552786,350.4978280036191,0.009253226445489796,1.0660318869144516,73.71317170170823,25.954497041399993,122.64760532451899,edge.exe,0,none
6.299419873773922,2.0588166735476685,10.966474482478265,91.41898663215065,0.0889606624162506,0.8571131341898842,25.098521736007093,11.130972923106363,44.74912378173529,svchost.exe,0,none
21.872289720490283,7.16879039143565,38.40034083874134,310.75238207552354,0.09883895180705243,1.1160840601679798,57.396927728300476,25.100085709051587,108.31275946780931,teams.exe,0,none
19.461654207971932,5.79489266665709,32.27922319097512,178.08140786226178,-0.09443787174528495,1.469053086267679,42.12180423616849,16.58691407754389,68.95629971797506,python.exe,0,none
17.917451228473418,6.959773480306326,31.73852884311208,267.1390334210248,5.974494726572837,54.40393118624313,40.93835415385089,19.217529593774795,79.46231050196442,python.exe,1,memory_leak
15.303465715650338,4.305597150780939,25.019418678047597,261.85055534602554,0.16362061323283494,1.2811405124230468,45.949552659174095,19.644358535322986,80.28996277237071,outlook.exe,0,none
23.120232159354398,8.405619886778856,38.73637402311351,410.2082401194137,-0.46385389677480665,4.5873746813670335,57.2424920141738,33.74834994625865,143.62839674557952,chrome.exe,0,none
12.296736199084519,4.74893719273616,25.742656037949835,261.11688714935093,0.1000066916708344,1.284880924482683,55.98818063999927,22.953303585795275,116.9101986648042,outlook.exe,0,none
12.339463744132793,4.164079116132026,19.665303888898265,198.33597789035204,-0.06431285592203911,1.0127828363012978,34.425775902077355,20.385488559973115,80.77992997714335,slack.exe,0,none
21.255777985467805,7.06079701710357,34.50295021752919,343.4816214653412,-0.2963854652955755,2.9995783754022294,59.8606741147503,31.767204761659464,122.35273699772722,edge.exe,0,none
11.567136084427387,11.301719664238993,49.15813588951608,118.22307190137309,-0.08808240373160127,0.9257593445727477,25.081145153085632,14.730480880925922,48.800296827509385,explorer.exe,0,none
5.718795923755846,2.1500109169672594,8.96648860829885,90.28798945994542,-0.042084949862856526,0.7102110900636678,24.24828396840277,9.38976714741729,40.65625433807424,svchost.exe,0,none
13.307279561312312,4.194884532231686,21.46898509804757,258.6089131955194,-0.07610826695346304,2.068597698657249,53.468003432514735,22.1803605289155,94.85143315955239,outlook.exe,0,none
20.221109920822645,7.799191629580556,32.83776033783217,419.6059198776994,-0.0617959408981316,2.5163433974635323,76.27321556159016,29.71615681404598,122.01877085331864,chrome.exe,0,none
20.80079820174388,8.22056842800191,43.14695471755604,413.2406611244206,-0.2869833266690515,3.6208524185256397,63.39344779603685,27.487523767220374,109.80606669116355,chrome.exe,0,none
25.059890171735468,11.060034154069967,55.04973583579174,306.7904857581033,0.08398252822832054,2.6444950121008524,59.69873128879731,30.320838698518024,139.11744117133378,teams.exe,1,cpu_spike
16.06452128883621,5.05539038798689,24.899153770203768,240.93446534495632,0.003668271577942998,1.4243972135371816,49.88575964742926,20.6823278097367,92.49635070895638,code.exe,0,none
16.608187942682616,5.028907668644487,30.382636736972024,241.61118718872405,-0.02534356346163425,1.4571048070317287,44.54429919222211,15.383635397671748,73.88919164564567,code.exe,0,none
6.064687499137434,2.5078107417111295,10.770363807442262,90.82339010636763,0.052125069427395,0.451942084016665,28.38258424030113,8.730441222146053,44.11998124492234,svchost.exe,0,none
5.87102666825067,2.3690095965861984,9.37003461171124,89.89122891031359,-0.022283861033080162,0.4706133721774043,29.107972395361852,12.243567942696766,51.42886052465161,svchost.exe,0,none
25.079272279497765,6.126312272703064,35.14258710151742,425.2082625566315,-0.03213848730091324,3.4069773384686783,74.72361581896304,27.33510666469516,138.25457830876778,chrome.exe,0,none
16.905069254539406,5.17892418241719,27.832528353939296,237.85521630503146,0.04623044747609792,1.932286154329651,38.42621361711757,19.131078589973306,70.02051385774298,code.exe,0,none
7.095939323283671,6.306191279084019,26.07294703091484,90.21824643186541,0.0015127720533243405,0.37602878470818407,26.919629619671234,11.733241683800076,55.71342928933874,svchost.exe,0,none
20.600322737752233,7.824994993753189,32.55254393507765,349.082022983047,-0.1741479823828437,1.8897519796263464,59.77175034229705,30.812987597668794,132.8674917523473,edge.exe,0,none
35.994376398264386,25.543744864416517,88.27483675166931,310.34854909100466,0.03734922033498265,1.5334235906312847,49.27657816880864,24.971916236647314,97.10952594232268,teams.exe,1,cpu_spike
5.983915508878395,2.023411788376451,9.768776282501282,91.43980740076306,0.03451279129504172,0.4990121170940658,26.93463418846728,11.26126495601443,48.07303527599458,svchost.exe,0,none
16.07282908461578,4.410693976385227,23.798946936875243,234.1927606891955,-0.24067883774456977,2.553907128410595,42.23663930373039,14.383192112214038,69.01363350469092,code.exe,0,none
7.324839661594505,3.1530990939934482,12.418287105752512,119.28363016666931,-0.053549035307310554,0.5608998380575261,29.86068081388004,12.329155598695712,56.038172531382116,explorer.exe,0,none
19.41094297801704,5.294187305780422,29.7677075285089,420.9598166007184,0.046661579402638154,2.3232445456790773,60.29112115604758,37.577203384410375,142.00797807968013,chrome.exe,0,none
18.657113842253832,13.876294074742114,59.79219973997589,237.1965101115333,-0.23443431690764668,2.842695826382094,42.53198903954589,16.603192507650785,70.3870468294934,code.exe,1,cpu_spike
16.032360951373438,4.780395622991777,25.242002054924377,431.05330033622073,15.934866197739312,139.11698206631635,33.83760424212862,14.069150912695841,56.479356287268416,slack.exe,1,memory_leak
12.80930533823788,4.0080426982626145,18.36716492839216,200.94777563588335,0.13655181068575645,1.9983840814551086,35.55751533829559,13.805847423455015,76.54402909150048,slack.exe,0,none
5.972702150148292,2.072394663078162,9.628667991706894,89.29196382138358,-0.029234112838915395,0.3245915205055273,26.505985102952454,12.564513300260627,48.75251262109529,svchost.exe,0,none
19.707772788255234,6.380303604944058,33.48227683162122,313.88235466736546,0.11035787640720779,2.292657142623131,56.88204226202474,26.687349542352646,112.67847564831953,teams.exe,0,none
21.973143593239065,8.724727673446095,36.05405536514195,420.83149957947165,0.030010574793440506,1.3549173716564056,72.82460693280136,32.212299256308135,121.85886449292303,chrome.exe,0,none
18.79364145975055,6.705706268705287,30.493362290726587,177.96023693587304,0.05569316496878495,1.188434773060775,38.143064390731716,18.734787467319595,86.7239588268813,python.exe,0,none
14.983434462184881,4.424834350196041,29.946813142244235,257.7734307211468,-0.0709466298564261,1.2753592203164128,58.581213014614995,19.99091901477431,107.41594520149383,outlook.exe,0,none
24.55605676027975,20.097788676834174,89.71571659949909,346.61423723888964,-0.16666716309417778,3.1435443685208835,73.22599683549952,26.123932568209185,131.91498624108465,edge.exe,1,cpu_spike
7.252499823004724,2.4732446420423457,12.478550898982327,119.1909065233659,-0.045398348861448785,0.9158803746831063,31.0284856261228,12.091142398264713,58.11457812537444,explorer.exe,0,none
19.602874912792604,7.0092664987547195,31.339719815038496,313.47949743417183,0.18291271258436648,1.7300856820135657,60.58074605398952,21.721091760725386,101.38876320517278,teams.exe,0,none
13.153965244768521,3.70699132027543,20.594122724500835,202.64337335567913,0.0708209818539918,1.2683823270365981,35.02612163902696,16.761512662721408,66.82797324054108,slack.exe,0,none
15.603512419131489,4.700482143562846,24.241618125350975,241.64806641986644,0.018148300616047663,0.8606192319097358,90.65744682658902,132.1754845098909,568.594410756695,code.exe,1,disk_spike
17.3478026376413,4.444315197549694,27.928574461114863,241.7285261889295,0.08467214600502378,1.1055908404122374,47.9435090912575,16.2103170097221,76.10787592735194,code.exe,0,none
15.348411928065925,6.513253541583726,28.87324744849945,243.1124737382292,0.23020562844672648,2.8027869837660617,42.50576254734224,21.03470156213978,99.28783193630376,code.exe,0,none
5.6524795247801105,1.5246852669520887,9.274149185922417,88.7763756301893,-0.05159219117795667,0.6102942626036927,24.151002587393595,9.75540855235797,38.587958522262646,svchost.exe,0,none
21.84598798039413,8.00810867046406,35.81554497246697,426.44124383420774,0.27745205931768735,2.259257171704924,66.84726466327318,27.60431427933095,128.1050668746915,chrome.exe,0,none
9.524694119240797,3.0730887453361175,15.057077583359142,209.80740449467942,6.371391486981622,55.87519345470821,32.894839435592345,16.272708781771005,70.51468675750132,explorer.exe,1,memory_leak
18.150264340890015,5.516692795437974,29.641201182132505,178.90042763425154,-0.14047812902035067,1.7853723542932338,38.35585092863054,15.654215110579273,78.56947371907744,python.exe,0,none
12.896941486489634,4.222493228023368,23.59697886327518,258.16585801601553,-0.21422702448802605,1.5342753835897593,61.84778101105041,22.810084404354654,121.62840983833338,outlook.exe,0,none
21.915878570078487,8.899432259338468,39.837844865914285,415.8350114525205,-0.3735008178769609,2.7771561651250183,68.66791233373824,32.88767591286127,141.65874183592103,chrome.exe,0,none
17.051022914857374,5.22406623505496,27.313157295011173,180.34332221859006,0.006823445973417582,0.8551876605546228,32.562704145225815,17.125812274354132,61.425502663182115,python.exe,0,none
12.030161513407354,4.536561131704957,22.856011295083093,199.42149950351222,-0.0055583786043702805,0.715672872748443,38.698920260415704,14.328181676893465,70.68495078805338,slack.exe,0,none
19.06659837041276,7.138982407597737,31.70675501147582,177.54309592648926,-0.11679348671489247,1.0232710335529627,38.094325990562346,15.71016712178335,75.91771368906697,python.exe,0,none
15.935785725436956,4.606979579730997,25.40865947764914,304.870819251864,3.614393164460907,28.482415527715165,49.96636812371999,23.5775244504704,95.56457561829677,outlook.exe,1,memory_leak
18.582950860939903,5.907039765119792,30.197905644650348,179.9601971762189,-0.052582457295911426,1.5402423221997703,40.398086499484045,15.164447745142114,82.31450407238485,python.exe,0,none
20.7406547594234,6.012849529671355,36.286026439992646,308.041367074274,-0.0017752123747394914,0.8818230922798487,57.93272578331481,25.21698079153084,105.44207796378645,teams.exe,0,none
17.57774629965203,7.343366735762626,28.587297159556268,311.79388440103446,-0.06846218997376355,2.002384370956047,65.3697465725022,23.78791941053436,104.83181584780255,teams.exe,0,none
8.157696633735373,2.5647405541746813,12.225552731640153,120.80189512320992,-0.003718382682018273,0.44763912693193325,30.36427836805343,11.389516307096551,62.833296993079685,explorer.exe,0,none
8.931269715327547,2.487691376626936,14.04468273228252,117.61024237466134,-0.1518073671096251,1.860498179350909,24.453115372208092,11.825029837767111,51.77706521872898,explorer.exe,0,none
17.126720557616782,4.57811401960973,26.265215047714165,237.80568666007375,-0.22103269868530712,1.5721342596042698,40.9411923851906,18.731015054972133,81.33919173809231,code.exe,0,none
19.00421191726035,6.949849458859599,30.524250705943235,351.3976317086115,0.12059415342490827,1.83259731297728,65.57694327322007,34.10039211504965,195.50338097360375,edge.exe,0,none
20.86725773271847,32.76967979727232,97.749611843352,90.17195908801416,0.04771525475556615,0.4918772776508888,24.87954340428419,9.210230281387021,46.61890887078469,svchost.exe,1,cpu_spike
8.878257008485871,2.5289261855456275,15.674526950969767,118.49316057678219,-0.08559755973842963,1.1170561473265972,29.62501382522093,15.360087792924425,70.02219830531814,explorer.exe,0,none
5.256415697203958,2.1293293718988306,9.172894240386913,89.86876995721285,-0.0214086593283857,0.47182867664837885,23.872185205921518,10.650191979865243,44.33035146081288,svchost.exe,0,none
13.07469010224515,4.435571335939154,21.163231464530057,199.6796487285469,0.10949988404675916,0.8570172033744773,41.55932542705042,16.50115071033369,72.9373271352306,slack.exe,0,none
18.89874577071608,7.444933034301074,35.374794606293136,345.97043760643186,-0.34523800393673504,2.9797495675208414,66.24922464511096,26.906937334367726,115.49160578796597,edge.exe,0,none
20.93000231282995,5.823204859389405,36.092007708170556,319.74726063514726,0.38365437516358725,3.7392225497448712,106.71814891559855,93.17698713276273,324.8458887860929,teams.exe,1,disk_spike
12.197372631559626,4.867498392532237,23.846906499662914,203.88574870157467,0.2006012664677049,2.010792838056367,38.207705372080184,14.846790144272578,73.0161460005884,slack.exe,0,none
23.565140768454818,8.618855575798754,44.74274737207186,429.1766595024754,7.471987628192553,74.62451248361856,69.27075455482236,30.387187072066222,135.81350152206213,teams.exe,1,memory_leak
21.122452462511134,9.549329081352388,45.78352964974317,353.84322817245334,0.23002887453175352,4.136750105540044,65.46185377600287,26.418199802053802,115.13578609934311,edge.exe,0,none
22.2792919644942,7.991721392746266,33.16050771962971,430.45421064452506,0.34322026450723797,3.79133525157753,74.73997390078902,34.465492743351845,170.06033199258832,chrome.exe,0,none
21.51436907496035,7.577988344069315,37.117672320240445,304.4173561666872,-0.22040769735569748,2.3817111198642174,69.99494471567206,29.16637111684587,128.3266616473738,teams.exe,0,none
20.04060237695138,7.1825711457513055,38.2041660657784,429.0609356837146,8.688925458145224,70.15886682480625,61.75185727578666,20.551613990548283,88.74967909725069,teams.exe,1,memory_leak
13.648575539739316,7.8429361254522405,37.01103980633697,204.05307247668026,0.08254066528794321,1.7796968233447668,34.79970071134617,17.77360300106014,63.87148155155191,slack.exe,0,none
6.880358750376655,2.9226212949871644,12.466582618804205,121.03841826887879,0.025330635759310858,0.5985338389145567,32.53264115736904,15.174263220002944,64.61573462004436,explorer.exe,0,none
15.450334619519927,4.263852125512989,22.409285517853245,241.39174987104963,-0.015936300228533658,1.040484721440108,47.67154466351629,24.200183423748378,100.69628442545505,code.exe,0,none
27.601510200315364,22.12590561998162,82.50205390512699,182.31698451407755,0.03354822157772522,0.7677169687928799,40.81230874273852,12.581982394097134,66.06948733508074,python.exe,1,cpu_spike
19.722397679578688,6.405543585577996,35.786534991424126,346.38142458205704,-0.08554608062768806,1.9025317517823828,68.19898312437454,34.00483425404475,144.23482259334287,edge.exe,0,none
9.053373473456585,2.9374089324041295,16.815210729749833,119.48736848361138,-0.00735071101564652,0.7540394755256763,29.30807395589844,12.69212905352386,50.222936417604316,explorer.exe,0,none
16.297077325339316,5.475246837729883,25.292524742960563,243.07312404404001,0.11881834770120178,1.6014923604001643,47.137652744636846,19.633047730316218,81.67053110445235,code.exe,0,none
20.75852351165182,9.348425332569228,41.514137882686526,420.4505443926626,-0.22479775568878418,4.489998479817005,73.86313546644773,30.371463634819694,136.45635678681504,chrome.exe,0,none
14.986162943066168,23.28702094788475,87.09306985570346,90.45506171133913,0.04458351864141055,0.6470141319166701,25.454417880027776,11.012516378674125,59.50901020480811,svchost.exe,1,cpu_spike
21.918126999338075,6.435843869086183,35.16737202603721,419.0418704752292,-0.1420081339848726,1.842574500420863,71.16971868485788,23.927091690425193,117.36520853317472,chrome.exe,0,none
7.42382259303766,2.07421058962684,12.67889546433367,118.10671279315507,-0.08631184139988193,0.7680944317835545,33.25845825204828,11.634297724161296,60.290389559255075,explorer.exe,0,none
15.047472776325664,5.452643453478122,26.505668735709506,262.5216191608888,-0.17861479337270414,2.779653516730985,47.45628009156117,22.45409469793441,102.9601265485746,outlook.exe,0,none
14.157641801886957,4.73429774543843,25.09356286836624,201.4777906072468,0.10033700507176585,1.4222633839844019,36.69418248835668,14.667977635634067,66.71481239105722,slack.exe,0,none
14.32301083684021,4.93772034663509,24.249029761541426,261.6529579469251,0.09592441441294379,1.2349655729628304,52.934176572049154,26.755266273899288,110.81267861429357,outlook.exe,0,none
22.106959420745838,9.161473542972033,37.66248339336582,425.92024056210516,0.397838807175979,3.1067031571615016,60.608331123387345,30.758860497412538,115.75855720595368,chrome.exe,0,none
20.484341573549308,6.0377628945084,30.304275616066192,352.2967563072952,0.1256925105490969,1.5557509525514346,62.47353484723538,31.16817082177786,129.63894354924926,edge.exe,0,none
27.552221520503227,22.56125420625103,87.25390100781611,349.85247971263226,0.03435072716884899,1.7623327028346405,71.9896050023518,27.174046420017646,120.93092062220876,edge.exe,1,cpu_spike
17.19946962741101,5.47223421876594,27.80047136351628,240.7840523206452,0.02635262319265242,0.9567950238486017,49.50068651754292,22.3113336202598,99.85868455961293,code.exe,0,none
7.899077270230546,2.817707899499924,12.49095614270971,119.83269117592616,-0.08492764592034424,0.9641413364528796,28.634688992476015,12.58290989885924,64.09351423636562,explorer.exe,0,none
8.329823155772687,2.344846812467354,12.545823824956642,119.79716542345528,0.08035129257119375,1.2255290287094929,32.316133020059105,13.264203502903795,56.19678509027733,explorer.exe,0,none
13.467830270066115,3.964530819815755,20.85526246785129,198.91478389119013,0.004327262472056267,1.4207188948761356,35.91684403017552,16.462258241515222,74.03467363892221,slack.exe,0,none
17.912366869485695,5.904237913231902,28.10153539932877,179.31869636857525,-0.10555143725156407,1.0807761356512144,43.385206967222175,19.12775035978516,84.97376578808905,python.exe,0,none
7.1152224664339325,3.091787045408495,13.180847854149983,121.29816881807247,0.06620239867807433,0.6544557137524686,35.47998207589198,14.240685753574565,71.93566891229644,explorer.exe,0,none
22.13479757451578,6.094091495747941,38.44697326898486,309.8375262678856,0.15739392858426793,2.423890880754037,53.829644634864756,28.530127187276822,114.50675045066504,teams.exe,0,none
13.552841199142854,4.972480048696156,27.029360866311286,258.90085508508145,-0.22934987855720976,3.784869100972329,58.220126658625176,24.378253745198347,100.61553977481513,outlook.exe,0,none
19.436701074642812,6.718424174570736,32.50563912904542,312.9993109185165,0.3345563346624886,2.430243044180442,64.54197389005462,24.15570680437521,110.64178552168453,teams.exe,0,none
11.00490712565367,4.7850068904917515,22.1043821122352,197.0870267147746,-0.05675931740480469,0.7817724193864359,35.46412840631413,13.696953078084654,69.87290369872261,slack.exe,0,none
10.671603248744514,8.239504364567344,38.59197373737506,120.49682233149532,0.043092776288664446,0.6047560654334418,26.752813383610942,12.456234352231563,50.12852696449403,explorer.exe,0,none
13.040015275640098,3.0984604852417927,19.247903898422024,201.0382997229743,0.05504633241287043,0.7897800107483869,33.657976216012976,11.472834102901386,54.77692010123903,slack.exe,0,none
15.082554023429303,4.499920165649433,25.429269184665582,242.3822813431343,0.1715280969577236,1.8593994642226284,47.541429959026964,22.253183016180415,91.3277806875193,code.exe,0,none
22.041061938209655,5.704488000418512,33.765883843941346,303.07265226361494,-0.2974455256116793,2.3395024470508807,56.69556621731354,22.514147464093984,101.13930530739324,teams.exe,0,none
12.701349515890225,4.809931962333438,23.442309709850278,199.7643222424552,-0.00843860135995745,1.5247519420979077,33.549581216821146,12.909140536724092,56.936851423455785,slack.exe,0,none
21.37042977885537,8.384371179632664,36.681686775844824,412.6355300524917,-0.17773857824782907,1.9104337544424468,72.16485009365692,30.78067890270894,137.58752898723878,chrome.exe,0,none
5.93881350452972,2.1921074425479254,11.189267623616676,91.65511757467308,0.06997415520186555,0.7773344717333911,25.41507767425996,12.47452715230068,53.914402647967336,svchost.exe,0,none
20.404991723845054,6.295592351894628,37.62555641028729,308.24983841307187,-0.09153440783627881,1.573517014966828,52.773472296675486,24.214959587063525,119.22136894555598,teams.exe,0,none
6.203508585452928,1.8594355454676694,10.683010663910895,89.50829811830855,-0.008451199998908502,0.39856817472262784,24.021110113566625,10.11163234430968,44.608054566054705,svchost.exe,0,none
8.408210990847605,2.8343479153424607,14.484403246716742,120.12047801678493,-0.0007163838131736118,0.5473694656493338,27.860608794166396,11.0764473314221,51.31089556656437,explorer.exe,0,none
6.1060178621914645,1.9021052008276293,10.257765925291103,89.13927100195126,-0.016264197985026384,0.4701487588574092,23.746717796009513,11.631690661481308,49.12215690019086,svchost.exe,0,none
20.78115924381175,6.046187013832199,32.246971893771224,311.11221341484503,0.03827322170663099,1.175065301482914,58.22258416654308,25.87452857005364,103.96914768650163,teams.exe,0,none
14.337111826621614,6.108017651244084,24.168145329296628,236.270427443101,-0.10429781927966436,0.9495572133874088,47.879435898058006,21.204745357786503,85.92140440759604,code.exe,0,none
7.838254581918,2.953389488067416,13.41961717423374,118.96694562951122,-0.010981535907663915,0.5033903228629178,32.26162821046598,11.828183660427557,69.16843331940123,explorer.exe,0,none
13.312612262774218,3.8903220165512638,21.682016201375305,199.14878593859845,-0.03622306233487317,0.9313122373786958,37.536541955455135,16.374873553814968,70.01388665708939,slack.exe,0,none
13.50129031014845,4.042025645425616,20.021004132664093,196.72408364888756,-0.2325246628368016,2.171960052118761,33.357114957025644,18.059549108235633,67.38235940412133,slack.exe,0,none
14.398730919772566,5.675556975375199,30.672724262010895,238.37443397405727,-0.13256314405502298,1.8341322741121664,46.37230009053657,15.835429970204327,77.61606020666899,code.exe,0,none
23.033357526501945,7.750827563088693,40.823787314514824,419.6130340136038,0.08153595313935587,2.076749817174124,59.36728184747397,23.627414868084692,88.62541945992501,chrome.exe,0,none
12.770929021566802,4.086979919928913,21.155360591579605,198.45800675378135,0.04320230486465467,1.3981840082746,33.32337416643359,17.838763062391987,61.75241996621362,slack.exe,0,none
20.31641328305244,7.156660469172655,39.00187931740957,310.19038269378757,-0.0446102889747768,1.873248077073273,60.90611798670477,27.02215692610402,105.26245944591032,teams.exe,0,none
18.807694785055848,7.204998778128173,32.87372284770622,348.2849722400698,-0.3035519494786797,2.189529733123102,61.717533669132145,32.95437987336455,123.36554761161133,edge.exe,0,none
16.501213605210005,4.608322596678784,24.881556669366137,243.25374138132068,0.04046980198334514,0.8985638531337943,42.317428623182764,21.037010843360356,81.79614601310053,code.exe,0,none
15.762098883952925,4.628433947750727,25.115272027774388,237.3353067826757,-0.07053264834500415,0.7688417422949352,44.978477563550705,20.989272104254344,89.48386724525864,code.exe,0,none
20.29565590615512,8.409637076816212,36.59042283313266,305.7159609382352,-0.17233394405431948,1.9729027644121861,57.03497085148667,26.3486900126131,116.80472630017508,teams.exe,0,none
19.20348814360439,6.013979040510492,32.181938144834824,351.70161558361576,0.02545412688806626,1.4364070966155902,63.68149024413981,30.12644660754864,132.46657270360475,edge.exe,0,none
19.399038260749045,6.2135970109882255,35.24729908356325,176.51378108101952,-0.06948319726931515,1.2154611596417197,29.37896361321344,17.569261870880464,62.449139748506475,python.exe,0,none
8.177674295550311,3.16141699746395,16.397680997270168,118.77982050512676,-0.012025624670775888,0.6393352774944483,28.35364109895438,16.094638139978695,58.87646430682708,explorer.exe,0,none
6.393484240533736,2.0186192299396257,10.358951528694199,91.12780601255818,-0.019854642366820958,0.6780965929009448,22.756733388152472,10.159731748406932,43.48326223809907,svchost.exe,0,none
23.15287815340142,7.986323639930124,42.726717770750966,418.28768983031574,0.06285660418032535,1.851123741931638,68.01583222560382,31.50817998782649,149.8238050259676,chrome.exe,0,none
9.306365046856667,10.198207554429858,43.38126575533083,90.8437531823674,0.04336266070297086,0.35699587309057873,28.601751612861214,10.690902884166224,50.31391034722686,svchost.exe,0,none
21.525688729083285,7.1257037817234785,34.240320173744664,415.68145750516067,-0.04163326946973598,2.251308226769446,76.97234757190638,27.611184839976712,142.8234898834774,chrome.exe,0,none
23.234593675469526,9.247143060017429,39.79295428043232,412.61594058641606,-0.1918277163906339,3.0974135724079694,65.71937684943609,27.32424612748048,124.47695000257718,chrome.exe,0,none
15.80069221480485,4.8861264847225065,24.69772043023584,256.2609224224287,-0.17417257683312642,2.7918796785818922,52.84563212735303,22.23358482120344,100.6234036346047,outlook.exe,0,none
20.30925033658874,6.068555978247312,32.29899353022802,308.42320333716987,-0.12681817850554655,1.9125120339020205,60.259659069944014,19.83034157494869,96.22015535033117,teams.exe,0,none
13.333428026304388,4.94527987100381,24.79526537193817,257.570537436912,-0.15113877483559957,2.232340927787177,55.58784606599934,20.249271376340797,121.18802438315403,outlook.exe,0,none
11.741035434025934,4.613130846863937,22.412783991538383,202.02810515171458,0.12020331793817339,0.9543049573153299,33.83738911268107,14.553573362962192,66.17134218025527,slack.exe,0,none
18.233635168959804,6.810972243204153,40.0594904998992,351.6593540737995,0.1415809650477475,3.4233209807462113,57.087537185859325,26.777363823653953,107.21066108523259,edge.exe,0,none
16.835094088892134,5.91214296085895,30.381109777288117,244.0067577467716,0.17436968508145015,1.3762210989385313,49.19953348340861,16.434934860318243,87.90519533658511,code.exe,0,none
5.714801170291415,2.360260990581553,9.431002860287451,91.3197707223908,0.04936805160184481,0.7646944114134882,24.50755669171721,9.38506629331396,39.45268851271857,svchost.exe,0,none
5.544589419318891,2.260075679461545,10.159461381829914,90.55423136866689,0.04379887705886129,0.3386447075261359,26.349596910374867,9.941701796306395,48.447524856897545,svchost.exe,0,none
8.463439352748495,2.600310848349973,12.884495583472713,123.0556478737019,0.11162262778733663,0.8854036247118322,28.1934464651909,14.103765509274409,57.58719799403977,explorer.exe,0,none
19.153026001464877,7.188166879538991,36.56356343429344,305.0741644535943,-0.26580336047059255,2.7540266730519924,60.536517944692136,24.865206761449354,120.75570843380191,teams.exe,0,none
21.121686781761923,6.487963234490629,31.261892380923406,306.0116210022869,-0.16633213901585955,2.016110971121054,64.7835846062361,29.22104200429696,119.316154564307,teams.exe,0,none
13.400470542670728,4.9109952864975135,21.14510115006867,201.59807787811587,0.10315150502229832,1.0413348229876016,37.56492688921181,15.31192281853465,71.8360780644761,slack.exe,0,none
13.84191812211222,4.368336519241957,22.132021460029854,255.2810525452393,-0.15905047581872414,1.8758555461443225,65.75299186376851,19.92978775126566,125.86073168718009,outlook.exe,0,none
17.01158617936455,5.735370049828738,30.56416185631599,239.82168458062853,0.032590585102588915,1.4482938280893616,50.03944200111693,22.481861907257,101.80756897408773,code.exe,0,none
8.647740331145267,2.9159045599692677,13.33111271644973,117.4959488871301,-0.14955019475451223,1.304760087601219,29.85308045834098,13.18122983361933,56.267452057085116,explorer.exe,0,none
18.774592116161447,7.13470173288126,33.11180895763279,347.629381170663,-0.26608933286540265,2.878855139778133,48.50564818964905,30.712531344148335,112.73722244913606,edge.exe,0,none
19.9562743716409,6.669392853814785,34.59777582574558,301.52447572092007,-0.556961853577017,4.809384172634306,55.984472695179676,23.860505682418946,108.57079472897269,teams.exe,0,none
7.46945433968508,3.861542080159029,15.03895057766136,121.94281585116741,0.0771428125067042,0.7923227043868744,31.983433672466877,9.673663909385585,47.81165789830931,explorer.exe,0,none
16.117419256860668,5.740226706276852,27.20218684559459,237.64604264650862,-0.06578881997440078,1.4313754782401211,45.654207633124706,20.697243977889908,113.85491292428036,code.exe,0,none
21.823886243614517,7.504331176435934,45.04936925626856,415.85416424424835,-0.2426347960794241,3.689781687763495,69.73826060008763,30.561443822221552,140.60392018956549,chrome.exe,0,none
19.93559823468306,7.636493967138679,33.039410778657654,313.04226730464904,0.06668094508457897,1.3100967506293015,66.62555852974273,29.064407493253082,129.58616929229728,teams.exe,0,none
17.28833350170284,5.075851419827009,27.02349969587884,179.99673002802166,-0.05126129950910562,1.3031759967815668,36.174379263862114,18.985408569471176,78.8206113314609,python.exe,0,none
16.032847845165737,4.932018644799933,30.2359728065476,261.3659676214624,0.11925638894865642,1.651897041243293,47.113583503380205,23.469893540856766,86.84330648700029,outlook.exe,0,none
18.548661271693952,6.4664848204955625,31.386622545031088,179.70509165272412,0.03134768891907716,1.1703607797972313,40.34179800504346,19.909473195486775,83.98669803050461,python.exe,0,none
17.557930471329264,5.117235491632463,29.002641933091063,351.02815153072225,0.38078180797893235,3.0843666723503507,61.43035762771503,24.439808240836648,115.68539051210456,edge.exe,0,none
6.328683793593332,2.006721202549112,10.364070485661362,88.96007271117202,-0.08064425014834976,0.8223225140685587,24.262011610979762,9.654070283354567,44.14866948777617,svchost.exe,0,none
8.017585834477645,2.462383924935791,13.502057031086416,121.99182510047795,0.09472585811931916,1.0692783124671341,32.76132495138702,12.890394242639966,57.67461303038415,explorer.exe,0,none
18.533515160656634,5.653229974367423,28.638227735226465,286.7693269430398,3.8887264477108356,29.296033774674303,38.96278062581343,17.35011529111811,71.7867819882714,code.exe,1,memory_leak
17.939636548285524,6.36364564326734,36.0900363323275,180.3873564932134,-0.021641623667715257,0.5040348365599872,46.02541453321251,18.53730821290069,98.40100708113246,python.exe,0,none
13.154977757522785,5.788805452659195,23.61888289044446,262.1199164542664,0.034198723023568314,1.3489756756978086,62.71151015777501,25.79916780631655,129.36049709998542,outlook.exe,0,none
8.398148273663365,3.0733186024206693,13.935064130557059,118.88796099444647,-0.07625028900003059,0.6861137333823002,30.483384701542132,15.143040968716027,58.993313820471805,explorer.exe,0,none
9.110019277578346,10.358133892986096,47.81668828251917,90.3290685170277,0.0045306692686769645,0.3783211786691582,27.79817739708123,13.479209158740952,57.99348945020176,svchost.exe,1,cpu_spike
14.210547973354892,4.643253806045139,22.493935215811337,198.3574595689881,-0.12000561589343779,1.6906438971456192,32.697692350661676,15.902291402879936,79.32905192373802,slack.exe,0,none
18.063953476039845,20.047771047161504,92.62463297850421,198.73272297275278,-0.05995223313456203,0.8954146755329383,39.869036861752065,12.244157198991964,69.68573768172187,slack.exe,1,cpu_spike
15.02859501307538,4.953201806251991,21.631351174926078,258.76033369990705,-0.1409694457733669,1.6786151458093475,57.185964860243146,33.841147378081274,109.00640856462374,outlook.exe,0,none
17.51336090734833,5.591734190431889,28.109540871290964,309.10400425057264,-0.15354802548007834,2.164343658490214,64.68496922813694,28.87529933370319,131.73986579337588,teams.exe,0,none
8.506709875039494,2.5173087748754255,14.334008294555403,119.53719348649201,0.0020023685895163607,0.39458936785968834,28.51526447937931,14.959159901929702,66.24100768793821,explorer.exe,0,none
13.818051175790249,5.505052361320082,24.177789179211175,257.2080278747161,-0.1390483949729391,1.313913742598593,54.995095166713135,22.34105401983392,93.96610552196738,outlook.exe,0,none
13.121620012974857,5.2021598711135075,22.07066364425563,259.22731411996534,-0.13036939178306567,1.5376000956621187,51.331519138539974,25.44233628463511,100.25833109669648,outlook.exe,0,none
5.935773222020872,2.0503052610239028,10.95052162336275,89.40850856354649,0.0012111353309824343,0.466287094503308,27.019862914939733,11.842528459315487,56.862192212612676,svchost.exe,0,none
24.393686447382663,7.081308691148758,36.58368690616383,422.1328961953729,0.14913360249314944,2.143428956276483,64.29784476213122,23.05139547198413,114.74013352836369,chrome.exe,0,none
13.880338601228624,5.711609496034722,21.56782108732652,261.4047459578503,-0.10298484642161157,1.2586374184104043,49.129390274443054,27.904520549362662,107.11079644884514,outlook.exe,0,none
12.877500779049106,4.224397033427206,20.075184637398003,201.62518509218248,0.038992277516805986,0.679263182424481,33.583063549353355,18.840960124013318,89.64718569331694,slack.exe,0,none
5.522750579647212,1.7049015046845954,9.14927113088338,89.73659667171883,-0.017177022088878384,0.3458638429638801,21.903386025901,10.227227429402301,43.17989913924667,svchost.exe,0,none
25.111456569602876,10.542681772532978,57.89708544779855,424.1237480309432,0.3969012767700766,3.6644136895479744,67.47782384587741,31.15992207585005,134.72063640055705,chrome.exe,0,none
5.522796652731958,1.562501181543133,8.083421740959594,90.60070250341788,0.0062236664343567815,0.424589745528417,21.86480870595923,11.371348369561368,55.93409665479902,svchost.exe,0,none
21.485157502239748,6.830864375217975,34.19680980624766,420.1108687452186,-0.005629328905231054,1.664654331368309,60.324185895192905,34.949388149043585,143.95946713794092,chrome.exe,0,none
18.58658606900999,6.7031628734698385,33.11128633509278,180.9410185655657,0.0376353274436165,0.7019350707447907,40.593331523582634,18.01546743147344,86.61373627213152,python.exe,0,none
17.91094098261905,7.014361046256511,28.709655810892123,180.3738031249456,-0.15128484210104223,1.3368864950526917,38.97251383201255,18.249888539396313,78.35506357861773,python.exe,0,none
7.763790042892666,2.1247266064993,11.667792879993382,122.91785981733236,0.12685361310408041,1.795297382220078,32.61598244881502,12.055954240720208,60.5323736128082,explorer.exe,0,none
5.985078306597544,2.0777198551795264,11.08626671879454,90.34995388827971,0.07502538088178738,0.6640012192167046,23.122752257661826,9.033366318263525,44.29926894330386,svchost.exe,0,none
18.17091899785926,6.5563543813199825,31.7105934338864,174.83894189641055,-0.2819163934402089,2.349353274917499,36.54486974196524,14.030809528200871,69.66092640328993,python.exe,0,none
6.157051038168033,2.181014045645465,9.958866375938511,90.6256239995097,0.00989979573477105,0.3987839396438873,59.660559572387335,76.03659409868311,241.54535869971966,svchost.exe,1,disk_spike
14.728520132681075,5.372395265598705,24.806682772746782,238.06931594351624,-0.10090642877491215,1.7735380927171787,45.293839166205075,18.40500516316262,80.66163978087059,code.exe,0,none
13.48733046570659,5.152256480058554,23.602215630075413,259.6211581857995,-0.1367292144167777,1.3291695268538226,60.28067156308361,19.547718882601774,101.78201293314481,outlook.exe,0,none
22.199154184166,6.765646295581387,38.343189024502976,422.477394747002,0.004997319199298999,2.5538539273729834,73.53207634203228,33.56641525872845,171.38862208338526,chrome.exe,0,none
6.022857423868746,2.0171213657078226,10.206079159923817,197.93098124509166,6.816428486496549,64.10063449421645,22.946265064477885,9.568482946224051,50.72013796018177,svchost.exe,1,memory_leak
13.639666330123482,5.052755916093581,28.806643511709538,199.91415277549947,0.019816403426088414,0.7829617990567277,35.04863273708761,17.441178460903657,78.04393853911395,slack.exe,0,none
23.888697343345545,6.8033471109127,38.181684083896684,421.6093552136338,-0.018132493564346912,1.3874960781058836,67.6164957549504,30.257491636957603,128.81041886125303,chrome.exe,0,none
17.429029952329362,6.622588823035014,28.174742145627853,180.3315594023163,0.050351448492057214,0.8942477637528602,41.293782311507314,15.539655170365426,84.78054024995993,python.exe,0,none
20.280566380122856,4.974492993856722,32.00501833666793,311.9934336211693,0.23066452064100343,3.2610781354253278,61.20021083956467,21.45661452069121,107.32314213291835,teams.exe,0,none
13.594044963656588,4.883817990538478,23.59221949578454,201.64374210104324,0.1847491719499563,2.3821591453780506,34.228821648785775,13.437745478299826,53.97777231840364,slack.exe,0,none
13.348841072262667,16.07582913163261,64.15599665877008,121.36147642741123,0.037963774210440705,0.9252045944968841,34.52184548979182,11.2303465948963,59.184300993434064,explorer.exe,1,cpu_spike
21.748684373556152,11.265729563861571,54.66429146198762,347.79989183962937,-0.0019258181391535345,2.0498787466893025,62.730257533408384,27.674869462630546,108.45899933870092,edge.exe,0,none
15.13546510213559,4.557189558971902,27.36343175828967,239.82577908917554,0.03408091273513776,0.8757572768491002,40.225194768530265,18.152607733715154,83.19373041569665,code.exe,0,none
23.567324359341967,5.353354493281696,33.800486361001695,422.58980113666087,0.0780489916016658,1.7266020869780354,71.58184458178343,30.039255602976972,120.00213631636697,chrome.exe,0,none
12.23782946588602,4.511791093550825,19.908754230607478,198.58488524300483,-0.08888842002448313,0.9659295183369697,39.495413102854755,16.309185575901356,70.70307475592574,slack.exe,0,none
15.13545070971323,6.254196328080276,29.367899616013148,352.6646263712943,0.25068136324715434,3.009061742817976,72.46329759333267,35.023650777431996,149.16144819874904,edge.exe,0,none
15.264456001107828,5.407304949453252,27.42046479627409,259.1874161608187,-0.030205861858765577,0.9392723251750252,51.51902256459845,24.675344481873278,101.17592279493903,outlook.exe,0,none
8.809971934272959,4.879118336471038,23.138914606237048,120.99196975408674,0.025442824448865052,0.5916113372273331,31.277471904555004,11.819331266406493,62.225046682585806,explorer.exe,0,none
13.191004107126632,4.34168605177719,22.876903131722017,202.69027816249906,0.09029344034787243,0.6695105358812097,36.01707578240344,17.013875368868487,67.31404987123976,slack.exe,0,none
19.652107256815107,8.534473232025892,34.44820345202814,307.7652780469549,-0.20958304892751206,2.253538301850574,57.06960703070217,29.454359781332798,107.78609073004405,teams.exe,0,none
19.571773593655834,6.851392172157992,34.28138685345406,352.2816248685667,0.015080685113457549,0.9911906152937818,68.21147606316906,26.699143518601094,158.42403468999686,edge.exe,0,none
14.737295944324838,4.032707514200152,27.05273048661429,197.60002652414852,-0.1674367649895411,1.1568984768312116,30.659493442056046,12.232497759892619,64.5844713288918,slack.exe,0,none
11.431325673443306,4.369599594363234,22.149032281616677,199.29846075972318,-0.10125881183660776,1.2741396358552735,34.53252095935227,14.489834880370514,67.44262546842705,slack.exe,0,none
18.054258710841417,5.791373746495143,29.85705650607237,179.86337044997381,-0.08492328649651029,1.788826712814724,38.973934796653204,17.27428186946477,71.37253823035903,python.exe,0,none
23.543453032229184,7.3717247055740645,42.519969290952986,424.1557045452488,0.25095910504859753,3.27037897037678,71.66657871207619,39.204538129778506,151.63562002993882,chrome.exe,0,none
14.340486836789223,5.57145851341341,22.7819194079849,256.058907787161,-0.16393867688245412,1.7216483010871808,56.27338892318365,23.048563112201798,125.57945102374053,outlook.exe,0,none
14.091675542791025,3.62624487942035,20.93159084219309,260.0585255079876,-0.06390945778301785,1.0911944377506104,54.00049666535996,25.84192370303064,113.63132441831524,outlook.exe,0,none
7.576016809921101,2.9981767611046424,15.928501941198071,119.38847051729964,0.012456040737643548,0.7017565365675786,23.097366392242932,11.88332403589579,45.28384930861194,explorer.exe,0,none
19.396660071523613,7.575062713782942,34.867633459937004,428.9873969762567,0.41038975514225245,4.086572371921434,70.47201983722121,37.35959706894982,135.01267787318505,chrome.exe,0,none
18.199050040729464,5.585356929542713,30.349238077676247,357.05900610454165,0.32530852930540277,2.8223711955676705,69.87843131483642,22.779416970452363,109.17429914795983,edge.exe,0,none
19.783368282594044,7.295535032425717,35.3413224096505,425.54611488173686,0.20174243579279125,1.7349123174872438,76.4536412185673,34.32052533767771,180.04455898639583,chrome.exe,0,none
18.07546218623389,5.9265917113028115,32.49520885449081,312.2207903645973,-0.15103186221006126,2.8237072993416645,59.3169914552251,23.701468499973668,105.40053481002421,teams.exe,0,none
17.58511193314137,3.7836893048966282,24.38998424199658,180.15445107733595,0.04484717697064771,0.715304515453571,46.041565097064655,16.486951965574104,86.3355841961006,python.exe,0,none
12.473007342627007,5.488235676558567,25.093260493123985,198.73693477595808,-0.022305546513414733,1.4160297622544844,29.659306333677723,15.89179912327658,62.07096768531712,slack.exe,0,none
17.544748272022307,5.939626316626574,30.70090605040277,356.28107740246406,0.3428963402420777,2.6420586066998895,70.5813308777965,26.31529612634716,116.33804040450858,edge.exe,0,none
18.2084936834472,6.1637395485292235,29.527035211032086,177.60160384483996,-0.025525454256715343,1.2338743298887387,39.31834906524087,18.167488771637384,78.28643346963797,python.exe,0,none
5.865642914897862,2.223741217832837,10.245269508301288,90.57602189338587,-0.02165537580213434,0.4363248139348819,22.156652478128684,12.731983929120371,48.32833821306515,svchost.exe,0,none
14.227343779918339,5.193568660702379,24.341961843205258,200.46013814570898,0.12893919126476874,0.8908746171751285,36.6893882945008,14.667305382032142,65.16809639227255,slack.exe,0,none
16.584382736152246,5.811647957813868,25.79694501460403,177.22622003921634,-0.19776712295828627,2.1420951360380016,36.0721911565242,17.857478632708943,75.67505186691965,python.exe,0,none
16.475909853255732,4.803987321578921,25.621642276323445,235.27943065397005,-0.13652692844971265,1.3325023425735503,51.09441673664752,21.977373532450997,99.80223944642944,code.exe,0,none
25.182025702171583,7.299068631630834,42.60911088146793,413.7959529932754,-0.2352009126641917,3.24101568584706,59.63202149453528,27.078785088274813,108.29100941635497,chrome.exe,0,none
5.833068044865808,1.9537179007735221,10.07598772046169,88.75359855984237,-0.050176662692853806,0.46942594127308274,23.885331878813812,11.201148126751734,60.23387806043809,svchost.exe,0,none
11.77539596043607,5.211880349216042,21.94302086780433,199.00080300141744,0.04281572953662097,1.464433879475976,30.91473467753429,16.72528437010956,72.27953178628962,slack.exe,0,none
6.310605724663623,1.858311104013048,9.891960167610709,91.07811321871394,0.08007085128751659,1.0210487189365116,24.136450612946426,9.460792734333735,44.94977214237194,svchost.exe,0,none
13.174722538208687,12.845919080796705,65.67966254216718,118.65868405486188,-0.04707061717226064,0.7963572157990225,32.43631635402047,17.40524018406102,73.42703081536925,explorer.exe,1,cpu_spike
19.596626642073925,9.407193780347521,36.864473057540714,311.08836838851914,0.0520365641813972,1.0846497856345292,60.91241990932786,28.95726911031211,136.65238861181865,teams.exe,0,none
9.232343706761242,9.82297356435721,41.61039878244952,90.15394393509445,0.022516866612381156,0.472045238894723,19.761247005776216,9.647562047165344,41.82732643723477,svchost.exe,0,none
26.55575334657104,17.340454950259083,85.99744242818542,308.42442979974686,-0.016086801977943804,1.1756524667107722,57.260005036346946,31.463623747667853,116.06532656657532,teams.exe,1,cpu_spike
15.109773869158794,6.014888119271515,28.129530746003347,240.52750431599625,-0.015655431019758716,0.7607341288783468,46.61410099527502,21.740514230284322,96.64100109073968,code.exe,0,none
16.488980743382772,5.4154961181130945,24.725916978903648,238.6768822311685,-0.1556048103539619,1.462853129822365,46.17891578717531,20.340083577110065,87.48985556839702,code.exe,0,none
8.92004874300168,2.439669315975857,14.990633943947863,121.20887783414715,-0.04443045577750837,0.6255294576910908,30.24549809358602,12.530220048868875,53.23495833400172,explorer.exe,0,none
23.10700722421156,7.25348446388811,40.60352150346901,414.67701488351975,-0.1626104472110967,2.7311049952722226,74.13274098323511,30.883209586741458,132.25773646489787,chrome.exe,0,none
14.559815843264879,5.0639439596965445,25.507526647659176,261.5423488721791,0.09093049918061524,1.1231554021255972,57.746656938466685,21.72108034985305,104.8059668614695,outlook.exe,0,none
15.556346406724858,5.162858748200864,30.931333676116893,244.16658993372013,0.15545966837034655,1.3972113295495157,42.37790825988861,19.544141698239823,81.60689190436875,code.exe,0,none
17.04400961064265,5.931534686253201,34.04365420503757,175.6719406536997,-0.17589859811093145,2.241794391171834,40.31830727197041,20.551931206199317,73.58387761745402,python.exe,0,none
16.609591568291428,6.160597431107874,27.559519271143678,242.9741015667874,0.06359242524597543,0.8262846888180709,39.31919762821958,18.451747410417404,80.00383745039042,code.exe,0,none
19.11920228645732,7.205197145324653,36.44692016866742,350.7923581317115,0.03811081401456515,1.1896884664681038,75.93399106758581,31.721350385720733,147.08889497485336,edge.exe,0,none
14.568105817036146,4.647416823685376,22.653800027323445,260.81959045253456,0.04627023825802515,1.4708615761317645,59.06837344308567,21.36043024916096,98.52824674721313,outlook.exe,0,none
13.908998876960792,5.036093713003729,21.776675970747302,263.44186467444547,0.0846738262180755,1.3295941386117038,49.567305859461406,23.68501783749143,106.76137690835643,outlook.exe,0,none
19.916464274105675,7.285183215376528,36.3654561700919,417.64680818882806,-0.39592408187667727,3.423455721008522,70.5658161124725,28.72054161860391,145.9997316652956,chrome.exe,0,none
16.506313461431162,5.019420291426005,26.050396671921696,241.60490587727585,-0.03105065590884332,0.746296438143396,49.14049527639352,20.439670206416306,88.19369084147152,code.exe,0,none
13.697698845646403,4.8261987654764,22.445962031838157,260.9797475702061,-0.14705794243973097,2.07534171316766,59.88427252572249,26.126583527693573,126.90041243870007,outlook.exe,0,none
13.865463409063597,7.326830726640543,32.730493182441684,198.7719006244329,-0.04295339156005866,0.9865017914651931,31.90337161122819,16.27618675406484,66.13600437517538,slack.exe,0,none
8.196065942203187,3.1717445368425055,14.121690921621855,122.58562248411587,0.14682148881153456,1.2900048257233263,30.99815790084845,14.264429811263307,57.65723665095305,explorer.exe,0,none
8.87311530968639,2.2822515524653197,15.06761490431211,121.0235975715432,0.0014741523361896233,0.3967304821278535,25.81014704508915,16.102467831644766,62.94980626583778,explorer.exe,0,none
14.252113678028483,5.2408720004162745,25.526311506793846,244.2968923046215,0.07213284478958712,2.0238607342624215,42.59289980356463,19.109324270013285,71.45906942212082,code.exe,0,none
17.38741618623225,5.7245594511331905,28.121001100887234,350.64032636341204,0.021667434359947415,2.321800214294225,61.628002084715334,30.844696030856134,104.54169792714916,edge.exe,0,none
20.533401978419132,7.060384591507887,36.33618410278116,420.82899138199315,0.010308156310405063,2.6894601946527383,74.2362900183583,27.909731231707486,125.30809119780503,chrome.exe,0,none
8.884595857297773,2.5582177589887727,14.674455231426741,121.22526511866982,0.06910547172338966,0.7336027676800047,30.273958533996943,13.107355607627328,66.50397368798248,explorer.exe,0,none
21.43836977124442,6.998620448250738,34.202431418608676,417.9828384721693,-0.11999789660301304,1.9343659816999204,74.02069730943569,29.066378173822923,155.11397516121752,chrome.exe,0,none
13.825876723939839,4.2555731842018725,21.878503927332417,258.2430454075665,-0.08087367962507415,2.5233007137832675,59.206021927051346,22.800244014935785,105.33899029865188,outlook.exe,0,none
21.02320456972189,8.862289194883349,51.12597842608102,352.32176848016263,0.1870630592122609,2.798644721386351,59.47038556261461,26.433105926036053,112.55208843249036,edge.exe,0,none
17.05122974038595,7.020214811982017,36.44626510745646,182.7962264693723,0.09761683475600194,0.9233886158884639,48.22299809429581,15.948711528153389,83.81457879143947,python.exe,0,none
20.88635525614165,14.286292640942499,64.74356660308348,308.7221942712089,-0.1376456854958614,2.133337416162378,56.6666642247907,21.585326916857277,105.71332026626303,teams.exe,1,cpu_spike
5.768050020556093,2.291201152401237,9.256336944373322,90.15629690666259,-0.01899924817879016,0.3501649263814935,26.09544828719501,10.218623784810271,53.87463515589643,svchost.exe,0,none
19.441916578778805,6.4904754529401805,32.31235753703004,350.6226489730752,-0.005743696070461131,0.8398412128632401,55.378232583514595,28.005114929755397,103.33141901652957,edge.exe,0,none
14.664858191229476,4.057671922821706,23.87790103002058,200.6097935054586,0.032066856835033755,0.8819689008260483,36.80896099450664,17.394440443120743,61.841992036042896,slack.exe,0,none
14.654260959888964,5.349830535283026,25.000299242480995,387.1064503168435,9.428162298110378,81.28993283261529,62.891777978462706,21.092232518175592,102.48269425657026,outlook.exe,1,memory_leak
14.461630407111278,5.074789192258323,28.059420392156916,240.47625551538263,0.043607459027197135,1.0053452613547091,46.166326586996824,19.273205674640522,80.06143220840495,code.exe,0,none
8.0815707111753,2.7990964896717943,14.647258218387288,121.77647114672298,0.15996843672527586,2.3378652521363534,30.967142464954488,12.447621600736374,68.02961587560928,explorer.exe,0,none
23.277043790573703,8.233941508648728,34.76540110253264,409.7296713043368,-0.34929793105151247,3.8893935778603526,67.82499741186595,34.06215155415067,140.67869427044945,chrome.exe,0,none
17.792728277960464,5.435967838827816,32.69816639838644,350.01823011869453,0.04825518536343528,2.0363885327775324,73.32870176475679,32.716887741798395,128.24536303395627,edge.exe,0,none
8.051927973939394,2.9502604357322,12.808422713499809,120.19315846318564,0.0016710482900990087,0.2954110038770866,28.6169461461836,12.542167775878752,63.01883203246717,explorer.exe,0,none
22.706133809599738,7.944429071366248,39.13058720541238,418.54290483933244,-0.1751621884470448,1.867442219887388,73.08011386141058,32.31008779335732,146.581470175013,chrome.exe,0,none
18.085526897701808,6.794009809294325,33.63613105173909,349.3832603184013,-0.09468389521893338,2.1203139973013183,65.61614807018451,20.413185577313754,105.41833934059136,edge.exe,0,none
17.703431587933263,7.314832952757206,36.428757507072376,345.14966307292383,-0.44471750682493505,3.6731374944873907,59.58718628636733,25.13715069914919,102.31031598179399,edge.exe,0,none
18.319455265317295,6.073649825193955,26.89716502274306,181.3637707887542,0.06881838082678561,0.8143102770081933,39.25266470368242,20.87391066240015,77.47703072534824,python.exe,0,none
18.85360116581517,18.772758316796867,80.84547736241566,201.5518205287911,-0.03884739924876423,1.4127571079574817,34.34729253995285,14.37481827277289,58.190602514254856,slack.exe,1,cpu_spike
17.075809574572876,6.2374487651083905,30.228437047029153,178.1171118030931,-0.10104576727465352,1.5542554676962608,47.33230006598264,19.33053616822726,83.65286566144552,python.exe,0,none
20.99770441131128,7.857765606164035,36.19405014931293,426.0825880808869,0.3864570566773883,3.15764475637945,71.6097643652259,26.915675699226917,129.7334815528355,chrome.exe,0,none
14.702711761872566,4.209705971369388,27.974316790708457,260.5695094380815,0.17816267995998297,2.09587089151195,52.39384541266295,28.82749214910319,138.5862148746574,outlook.exe,0,none
6.582796329022362,2.1274998338103037,10.65991965577328,90.35223963182668,0.04951496364820637,0.43038131455405854,24.92509188458288,13.621961833792781,53.59667884645927,svchost.exe,0,none
18.677203890067016,5.623957182966883,33.413071212020505,180.14331477764617,0.02825245080248351,0.9955458416422375,72.10337778722275,106.39987451802561,411.77622206690313,python.exe,1,disk_spike
13.327093331067408,3.852994142586418,23.518611129007915,200.3496874866005,0.054107791002005946,0.8561180109680903,37.17187748353938,15.354650725361777,71.38274649808065,slack.exe,0,none
8.798015515243092,2.209245878086454,13.668214069526531,118.54761807767957,-0.05699239319015656,0.9317922098444207,29.474780862024783,12.155082550057008,53.68667958886407,explorer.exe,0,none
17.656026398718385,7.909022678277714,36.469725345796434,178.6802017817304,0.007706793968309474,0.6683334424676542,38.06981470901807,11.404380187271919,64.53607986230061,python.exe,0,none
12.290406756090912,5.084247259958968,19.71852833038805,199.66216352227676,-0.010560057417960896,0.782684955544067,31.372369592680403,17.753417631195752,77.62051690764017,slack.exe,0,none
8.853269014608085,3.20768732949423,14.31180884857849,120.88365836722507,0.05955865821980761,0.6189095921012424,28.74348974193002,12.742223358829008,55.068154744302234,explorer.exe,0,none
12.514895389091427,4.393369590985101,23.233959996881566,200.3251467441986,0.11384673157307172,1.4633101336513101,37.86729824868832,14.579458958309836,85.12322844275548,slack.exe,0,none
12.69571602466606,5.748357963226645,25.81470220268902,280.92499333398933,5.143368702644272,49.29673992083385,34.07500647261322,17.591746101234083,80.54013954797547,slack.exe,1,memory_leak
16.58278665444738,5.9168917818106905,32.53798725896527,183.5990453629926,0.22027261093271874,2.2169677905128378,39.833753493896566,17.61323678624993,72.66915242256155,python.exe,0,none
17.504349550033616,6.5536474942174605,28.739972344065663,179.92677577192865,-0.05493691404976744,0.7118698499387384,37.88047874638969,17.194180798847405,72.20487905579736,python.exe,0,none
17.451243511392555,6.015129355887884,29.06662881263415,242.42081074019265,0.24088767765108515,2.1542340331923198,37.82385547765364,16.78758926650568,75.12029419390187,code.exe,0,none
8.846646024190628,2.3103534015165366,13.270089664571337,117.87869040745998,-0.09885681184978949,0.718524615132488,32.73750505058898,10.747192134518109,54.22399573710484,explorer.exe,0,none
20.4350216196412,8.53293624588441,41.35762580486361,311.14700759371175,-0.014708079448168595,1.605626696526934,61.97835178053774,28.0301601094909,132.0163925906735,teams.exe,0,none
16.838378544404787,5.816587446006649,27.434477494366398,182.46050205408991,0.15555724668197873,2.5952356441417535,43.27974088641863,16.115964186964362,66.35415854877522,python.exe,0,none
20.590842366592664,5.895892121621933,36.153689814849365,348.1489625932189,-0.23891529974087386,3.4063282431983946,71.67157486048792,24.583034666123694,133.3841111263075,edge.exe,0,none
16.220360638936324,6.353828648223046,30.51584448904989,239.89590097870956,-0.09784027576879548,1.3528409314597747,42.26100216195799,17.772764967563546,87.34804115271557,code.exe,0,none
15.609172056229843,6.279523822894871,25.63020844669512,238.79656664160444,-0.013983340276762608,0.6885559163041108,45.897523779021185,14.532094623640038,84.67433061117947,code.exe,0,none
22.401958173014368,8.848828810012357,40.3729458707992,425.859669400735,0.20471944928011682,4.376200777506396,58.58772119264256,31.080899566088306,110.23750601280635,chrome.exe,0,none
13.518207368034409,4.199596689085791,20.934555940173162,260.6053459848094,0.11575329842561359,2.2857878221067227,55.19543405855767,26.15499756082904,113.01498568098776,outlook.exe,0,none
13.067913041935014,5.614042962315669,22.015367260689928,257.4424355915069,0.07925647000840855,1.9676797874214556,55.22313557820182,18.046743746876054,107.97773677220403,outlook.exe,0,none
20.530240159776636,6.570144704799104,34.888142032256596,352.3023466060176,-0.02923564974363444,2.267091395737464,69.89615305834856,23.505069268994568,120.1560979382057,edge.exe,0,none
19.05569471128447,4.926279171767079,30.636523653048663,177.6716674866073,-0.12446357431499754,0.951125357806603,39.28833431213195,17.790276914599552,88.84425276550421,python.exe,0,none
20.479216722763784,6.176401214923057,31.882559074135578,340.45601655131264,-0.376807290004687,3.8225340275277486,105.31646175009404,128.45113312923587,508.35952033689557,edge.exe,1,disk_spike
19.649062503299675,5.918984348313356,32.34897526181827,352.3827265704457,-7.047476208110008e-05,1.6252803259118487,65.05375803120835,21.62849556200508,92.04474373153268,edge.exe,0,none
15.273220861060365,5.626274187281204,26.10849599449496,241.34541947957752,0.2134823677903673,2.0034714245925302,43.624901232081584,21.011909665378074,89.83567103552178,code.exe,0,none
11.421406967032215,4.650766814263392,19.28133145368037,199.5698608955915,-0.015044364962076884,1.1864725516333379,33.79651406150761,11.019919502167324,59.0595352900056,slack.exe,0,none
18.066196912308303,5.7737265731293075,29.019277586357916,182.15025588992629,0.039886792978201885,0.6592848813627413,38.33203784101785,19.804351843533386,78.97045910595237,python.exe,0,none
21.314230472127715,9.399943456649103,40.771838234603294,416.2340928292967,-0.05790695282174928,2.07581592887011,71.94764821967092,25.174818604957203,130.19401815730458,chrome.exe,0,none
5.833982749017663,1.9501946025039252,11.760599462686763,90.62672384080985,0.0269296585222051,0.6502098574811164,26.224976241001677,12.26153221977818,49.788377635687425,svchost.exe,0,none
16.011974700491947,5.548403087789341,30.645042937700026,238.02432725826478,-0.051711726522512436,0.9020849830039371,44.90868686715805,19.579110023460537,100.76330434842879,code.exe,0,none
7.253459737152516,2.4975049672240432,13.735809650940716,119.44026247178196,0.0036544775622066555,0.37160217684271707,62.01457345959147,80.36985200215007,269.01455415800064,explorer.exe,1,disk_spike
20.34526554039582,6.291077209976817,40.46545053650101,351.9091789268837,-0.20020661049090716,2.443520342880092,63.00828830191687,30.11519354583673,127.02537073269792,edge.exe,0,none
5.965956762625288,1.8614478975609674,9.936779589489898,89.63952988575407,0.003428931527912482,0.5114011530019537,22.915920420984932,10.614036023302603,45.38417662013452,svchost.exe,0,none
19.70812119109623,6.301072178047191,31.923793853374,350.9506036068397,-0.12818670716918062,1.797307070782849,63.367384518732216,29.402101205619232,115.84148946910115,edge.exe,0,none
19.600447694178378,7.87093899201333,33.22479580425118,310.0557759967161,0.13387592998681536,1.7344542680847246,50.95498968041543,27.588075291865245,99.27210914701226,teams.exe,0,none
13.948565544050801,4.19441859099646,21.273184458793903,198.87581702162186,-0.01631555574681253,0.6301082699857086,130.63865793541123,248.0172217192617,837.7802176985382,slack.exe,1,disk_spike
18.776917188602642,7.227008182265194,36.63750841695638,179.79810087552957,-0.06273940142023093,0.8856651959861892,33.601230667693805,17.35205753369995,79.99586120532149,python.exe,0,none
7.47184600403803,2.6346331859198946,12.687968744999875,119.60204739351256,0.026878427668930744,0.7305374908889589,28.645822495949346,13.554237029503922,54.2652497516671,explorer.exe,0,none
5.946368427246218,2.1577034488183555,11.833718413741215,89.11979831779136,-0.0258888889003155,0.328634480671695,25.67648663842891,9.535702805136868,43.21834200591539,svchost.exe,0,none
18.720332456827173,7.281417927998727,32.6588916764311,305.2038829175694,-0.17790659164647876,2.0331435770347994,60.74077010881237,23.256754971179603,111.82676859586456,teams.exe,0,none
15.495535828578422,5.963550631983755,33.82092347518316,264.13877163248947,-0.02905668421992118,2.4272530490854516,56.29122972050189,21.094083762258812,105.41234348282521,outlook.exe,0,none
22.43596073663122,8.140554997273899,38.40308294762674,414.1131930399708,-0.2723030517303755,3.7508301882257453,77.46929343223813,27.117099299308762,123.66810345067685,chrome.exe,0,none
13.410387052196343,5.452780675584541,25.11144364408782,257.7337608495346,-0.05212884154889442,1.0459997332455446,52.55606109369488,26.17300054139761,98.72371456925931,outlook.exe,0,none
10.370115766590889,7.6934176682777,33.62720287660801,120.46845953662088,0.014490438577213638,0.6045088502419608,32.45295635340245,10.428728597732217,58.06873379930364,explorer.exe,0,none
16.304937681022782,7.728124818476463,40.332856021019,260.0893425597028,0.055296646261454425,1.242089163849789,54.05573011801814,22.54518579288318,97.91219603674702,outlook.exe,0,none
16.69230020434325,4.733952095935606,25.580936306960222,181.5145424148401,0.09778239750318013,0.9417654157856787,35.53611578566103,17.448655803946387,79.69753660578229,python.exe,0,none
18.467856004139158,5.4029969117605505,28.868660322176932,183.0139595532204,-0.004282033842552361,1.2517233150301523,34.34659664668917,19.44757181089186,74.31186814012145,python.exe,0,none
15.348853496045574,5.565297768295415,27.806664851089025,486.48895937481916,18.350790597069825,167.94917044124296,36.93851819704513,14.784643118846398,66.2376390080898,slack.exe,1,memory_leak
16.62918414565627,8.205375001708452,36.59746719229423,237.4300589798833,-0.04320966917270918,1.8854538869362136,48.624642763438295,24.979998166569803,95.72094237343164,code.exe,0,none
20.678479585005505,7.282699010560688,35.08726453254694,354.14288886522456,0.2113026353589665,1.7270854438264969,63.46640517470119,24.36435495595628,100.3646238317203,edge.exe,0,none
13.642307909001632,4.9716727444707285,22.612172188214352,255.99021173343735,-0.1623154957628183,1.8837832777184,49.88656578252624,27.39210388942786,97.10455858109947,outlook.exe,0,none
17.748918172487897,5.363056244841436,27.52518094290054,242.15416033444848,-0.010155347587107144,1.2763564076984357,50.88861359821901,22.16720020629097,94.757088721003,code.exe,0,none
20.569196743767918,6.986976837952766,32.730213034102285,427.7375889864937,0.3387986463217108,2.3056236735369597,71.07071888367142,28.2714901072914,136.44082502568665,chrome.exe,0,none
20.762292494174954,6.9532736004106805,33.90359305523964,312.12887705919303,0.20723527300725283,2.208737240655181,57.23155435978392,20.114456588415756,90.77282774798289,teams.exe,0,none
7.833371165750582,3.120056352434384,15.30005257216274,121.96982950178939,0.0729878441910453,0.979830688325485,31.282244137082355,10.531465634734392,46.99964424275149,explorer.exe,0,none
6.6120408327173505,1.6663970728765463,11.099163574728223,91.96076614449841,0.09209995910193527,0.9104892019369093,26.487276752863142,10.695799744168871,53.711383399747604,svchost.exe,0,none
14.64864781342151,7.223040315506957,29.408203924133776,237.64413367213533,-0.25433433303915837,1.696173056385195,43.9710847930663,23.590261806572723,106.90583016454055,code.exe,0,none
16.445702996358566,5.466797317291942,25.28617362725663,243.56731644377115,0.2073553308530374,2.447876182411383,41.96554238046212,19.03778631407836,82.05178122699013,code.exe,0,none
18.711705977958395,6.520294729993632,31.904439514495188,311.60029178248885,-0.03502168459440895,1.1308247166253669,70.3965298886376,23.803503602461774,114.31746241598215,teams.exe,0,none
8.897746189943494,2.9076225520192063,14.190993602700853,119.60285941460458,-0.04353284641280197,0.5481877836637729,33.37377076605295,11.202587749879365,55.659327352019446,explorer.exe,0,none
12.441185012107686,4.263847829246151,20.024131965158816,199.23801989343124,0.02522289958018007,1.257993903577694,34.284550621550466,15.479679021006724,59.10244147829705,slack.exe,0,none
7.706836023947181,3.4115473928519853,16.25078803260028,118.7912734590453,-0.03048472853643318,0.46782476354318386,32.44859426784268,13.60847133554173,56.22189483612844,explorer.exe,0,none
23.113335793745943,8.40014015242077,48.45084590133685,420.40848074073165,0.08485794057409445,1.298439622561014,76.27973052844133,27.25167862169992,125.97856819309573,chrome.exe,0,none
12.707891850444627,3.911590031505549,20.3335081183675,199.1627317676452,-0.014467219062047813,1.0618224673169687,31.71914788837056,16.993207476712158,58.27509823860869,slack.exe,0,none
15.066477910425936,6.513044116766346,29.673364812085786,556.8365515512801,20.208863435590935,180.66233809537397,61.510488040831305,23.28112026948507,103.31170670159077,outlook.exe,1,memory_leak
20.428078668557156,7.923371561654326,34.543970359961584,421.45891851235984,0.10978645897302879,2.2276235586089066,72.68152922701346,33.85902897078166,140.46290798257576,chrome.exe,0,none
18.393054242083323,5.993128708844248,30.99933241690468,289.81514854451154,3.8003067517669518,31.269182448417578,40.89423047902149,20.11630053471536,90.40900722358762,code.exe,1,memory_leak
16.2508809300591,5.30795603516171,27.964405708601817,237.97031609218737,0.08768920333278156,1.7995976183246,46.50694780669175,18.600995594365802,91.56693373559115,code.exe,0,none
12.838439865605018,4.441365889943764,21.224048046694783,256.4231103764936,-0.054715017026804466,2.2790186756682105,62.94235612952192,23.28838810940316,117.89900507779916,outlook.exe,0,none
14.693354267454161,4.689898833255392,22.718658988460565,241.0730854029505,0.08410444043213469,1.287054238232155,41.85085717164238,21.137092340710698,79.74873348451419,code.exe,0,none
16.364264093018303,3.6106370832694155,24.656143014967643,241.60757800356987,0.109218964725027,1.6759228243935045,42.55231115503209,20.3727234221269,85.49881281939912,code.exe,0,none
17.512497313469236,5.469441553701027,26.652365890585454,179.85147707824274,0.008262544021220227,1.047200448380993,41.97785119845718,19.132846963082766,76.68238056146845,python.exe,0,none
15.258787419609408,5.5301431659828575,29.449521545337443,239.5144905909435,-0.08552509203135325,1.2065306263669595,51.42329345168989,20.611384168585843,97.4864328695237,code.exe,0,none
6.452894068905794,2.0603813514973934,10.859814064102633,89.38644418902092,-0.034574353280428245,0.4725811182022737,24.74289797039206,10.91221520631223,43.975889637956854,svchost.exe,0,none
13.643088314256056,5.932656240297348,24.595581013575504,260.3687503824658,-0.0011786011521602783,1.3074115012178467,57.84597076951421,25.88790349517225,125.87541195104437,outlook.exe,0,none
5.835048398861496,1.6712045489673109,10.451885819879607,89.85996829276046,-0.030356934647282684,0.6043044683610694,23.390756017823357,11.034105938244718,55.28210003245583,svchost.exe,0,none
20.30044846275278,6.377713129371821,30.474361368670174,346.8333694196981,-0.02436000707990047,2.1258453630056944,60.724033408994494,23.50107372352879,115.60384769618356,edge.exe,0,none
19.43648337392654,7.6607569916468465,35.52221816332003,180.64353577459497,0.10881186656126735,1.342842056903858,45.29283396890555,18.8366610534453,89.75324668100163,python.exe,0,none
15.013452686618713,4.5787272499813305,23.073479997930406,196.2593343364847,-0.2094612621768865,2.015139557542657,30.107884380253843,15.318220497310888,59.05010894676656,slack.exe,0,none
14.982039027761385,4.006765813372852,26.17577569387496,263.3699110200528,0.13613440927308793,1.47096158211319,52.82015893490117,24.15918102168456,100.28976515936155,outlook.exe,0,none
14.88666147797798,4.930837240169618,24.99584057116624,239.41167399930592,0.02154084597920871,1.0336166545539458,44.36599309591588,23.44793591225752,96.02706601167041,code.exe,0,none
8.71770897685328,6.708400537111987,30.33932307343801,88.20645600234504,-0.058862264122754006,0.8200559575343102,25.011068981986924,10.942497014119226,51.18469716631067,svchost.exe,0,none
8.04004046383314,2.7524959669490947,12.22003261824818,118.61966958448261,-0.038026608629524124,0.6708927342042905,66.93282096153366,102.22302274181061,354.577565897836,explorer.exe,1,disk_spike
12.69687755897654,4.9919767986184125,21.473544904346703,203.33415483728612,0.2022873825140645,2.506329948662676,36.84600420044695,17.395607179962763,71.63103172213654,slack.exe,0,none
19.24624676537735,5.838533727619677,32.50774863089977,352.9242833357329,0.05262366906867821,2.011959498761945,58.373997898903944,29.783915196628964,126.93134034743878,edge.exe,0,none
22.268722269884574,7.871195124783888,38.05332912437534,426.23458392397794,0.4547142700685697,4.572059637960319,61.7143834836082,31.427367627592716,135.17879742432962,chrome.exe,0,none
5.786410938971414,1.9875756569423768,9.102383319729043,88.43495096331381,-0.036989545955783854,0.41298378378435213,27.11940933651045,10.831822821075242,48.495046148909566,svchost.exe,0,none
17.69390379605511,5.780376562750071,30.461045656194706,177.3677873694298,-0.10645357201980422,2.0702264459794173,39.52944455381869,15.558379272446402,65.76560014391221,python.exe,0,none
24.64367667853713,7.839859967220427,38.76092255954782,415.1330592107912,-0.2591835986720639,2.1849839860849913,65.6299600313192,31.60338885857474,121.69079305629599,chrome.exe,0,none
17.253156739129974,6.305172872281661,27.091342754971436,185.7000688259192,0.352955876034657,2.84050642913752,37.68362067662378,15.02456680238034,66.73360231192927,python.exe,0,none
14.6360626477323,5.028214571912257,28.85556076749954,260.0787370601583,0.09234716511754565,2.9844690517596324,54.16408032804074,23.09160972102226,102.00502646174557,outlook.exe,0,none
13.094115774102168,4.79500948485045,23.237162857558882,259.9683679023375,0.054246644977403474,1.3047387904464836,59.172770952332336,28.26594122880182,109.28834595577867,outlook.exe,0,none
12.367849090126102,4.802536301633286,23.876834068223687,262.79711552668755,0.05216854897123919,1.323426726467836,54.585824731861095,27.43930884602507,111.32284736103082,outlook.exe,0,none
19.93782890958454,4.964338820283946,28.38310661949044,179.40577124800268,-0.029641448733174987,0.6589189306779649,42.21230607364785,15.69038128297962,70.17870636842254,python.exe,0,none
12.774735601002613,4.13126341368297,21.904020399578734,201.151890373693,0.05155968985244499,0.9573204021945542,34.420679213743895,13.015237684239843,61.03803896882573,slack.exe,0,none
6.020692468040299,2.297204397092944,11.676414350636335,89.48388519222362,0.021391161146972117,0.4195887439605032,25.30543413284867,12.8520007921732,51.27510838326056,svchost.exe,0,none
21.928400894861046,10.427898831733264,52.735047455657885,349.40747243273415,0.12098986858830092,1.9967387308287965,74.08563077920591,34.363126955041686,137.60640494361056,edge.exe,0,none
13.481824766727348,5.436799741555022,23.052182980452024,261.88028651118896,0.08990929892426418,1.4298570317938968,55.557712784955996,26.031820654630508,101.93258867081272,outlook.exe,0,none
14.56670752963564,4.278215572744163,24.49631696124527,262.55512513842257,-0.021650143437011594,0.9767701940782408,56.068614077322515,21.276691701760264,108.55230809269172,outlook.exe,0,none
17.416366812958014,7.253664724310286,35.481693435693956,354.0673327172286,0.21044236675416908,2.5691182362330034,62.309954721256155,30.057490713639023,123.02582213351727,edge.exe,0,none
16.35532514574283,6.6652800944059,28.558573369162346,181.19275012454696,-0.028995149998304253,1.0164621525907223,42.39857403656681,18.202892368775622,73.7992198058033,python.exe,0,none
21.589736437407236,7.001573165709973,35.358852457728375,378.74045594958767,2.4805612811521525,22.475372605030923,76.88038284211046,27.585902978868397,123.30591503784602,edge.exe,1,memory_leak
21.956633622808756,7.394449195259591,38.318817863523336,422.3400067855685,0.0201736629393641,1.4903985154866417,72.85534565644753,35.0324102074993,145.73870257452754,chrome.exe,0,none
17.342252035733,5.135510027677786,24.642826203071472,349.9800783966902,0.16383697024697313,1.377809869547563,69.44040625961678,27.144608893862973,137.1623044025985,edge.exe,0,none
6.961871701843539,2.7429378988100876,11.938981501596844,120.04928948863774,0.1322436691668784,1.0493409064114902,33.78568622188472,12.475991482778634,62.519641615018635,explorer.exe,0,none
20.482898749354565,8.413745046400614,40.013119535032764,302.7953847125499,-0.2810708155094005,4.103148065457696,62.87696766232076,30.2623779754225,113.734257992188,teams.exe,0,none
11.934873595448584,10.931804147741873,44.411976122026644,120.27929734740975,0.02243633447000993,0.46756058030625747,30.546097167680387,12.96828770724854,55.34763875375388,explorer.exe,0,none
23.213907753084452,8.132534681367918,40.787864382999985,425.9520528365252,0.12011552588030365,2.3921954554878835,78.56901733772334,32.417922592208114,181.14426627553695,chrome.exe,0,none
17.619124540618728,6.322668770472611,33.469883538971466,356.3930556100592,0.09884698969094453,2.5321193655938603,70.16871125363909,30.006599228177055,126.15593060325352,edge.exe,0,none
8.488473704698588,7.249401683943194,32.07781845298094,90.32473009652071,0.008574171189795738,0.3968623432717037,28.144224883036607,11.149939573750904,49.19478822296152,svchost.exe,0,none
19.660589205780788,7.793426699328634,35.84736346219323,348.92627889373654,-0.11058031393977216,1.8005626614384138,65.09729004106158,29.288035005573942,125.34455239054758,edge.exe,0,none
13.72369245111251,4.434363975926324,23.08322363718033,197.93278524402913,-0.10940987210810818,1.126286313443279,85.72995135614991,147.36105160681316,582.7957103667889,slack.exe,1,disk_spike
15.888836384258262,4.674760736702403,26.22648979233016,259.90535763514487,0.003053219474188988,1.4697685167180898,53.60864659527872,24.407523556647973,120.50885667778061,outlook.exe,0,none
5.91120577361167,2.5671414336353493,10.845674433986865,89.26210504968394,-0.07028416362821778,0.6758418042629465,24.94791714680981,9.074166638242941,48.56226018152137,svchost.exe,0,none
16.874494293881586,5.606649920467067,26.375766346854874,240.03468413467672,0.20251653206860473,2.141147997859537,43.76939609611061,25.160511796319533,104.77637320506824,code.exe,0,none
11.925210651717379,5.341516105440053,20.956324656531145,260.968114296851,-0.09279314087264462,1.4766860979424674,58.41666100877968,24.59916754461593,103.02176775715583,outlook.exe,0,none
23.384783538397926,6.695821669246351,36.79508056097601,428.7354276881576,0.4574592968991055,3.5808805735641784,77.43484530229084,28.379611487885732,130.24660779526099,chrome.exe,0,none
14.534448104936192,6.1366998210120425,24.485748836352975,240.1604546952862,-0.12218174140662465,1.7501326344247417,90.05564391393682,130.68910526387586,534.0221733774126,code.exe,1,disk_spike
6.488447049782545,2.2271146601051446,10.831806294186263,89.25618152276863,-0.10220082326084329,1.120308369081706,52.24536061834814,123.76908395677754,608.1550169112832,svchost.exe,1,disk_spike
7.815931794839611,1.9670058280839458,12.788413305591082,121.48128359310337,0.0883727356030055,0.9978316610247855,28.90938188810139,13.15670101276933,65.23445707971783,explorer.exe,0,none
13.805307590591731,3.5435686982989494,21.297185215937304,198.86080960743675,-0.06146006858656203,0.9465111938737565,29.61068822440831,16.2163566439787,61.506603827517935,slack.exe,0,none
14.001177044986106,4.552910476978338,23.05079169721497,198.63223118251486,0.03297577156446323,0.9380158695729514,36.70709123054689,15.092438906879305,63.47334886843618,slack.exe,0,none
7.251612865974692,3.203340641897289,15.374333115090906,121.5242465490193,0.042199830207763016,0.6806894184267196,28.54624933417039,12.545423872412659,63.89644268992298,explorer.exe,0,none
16.00494814650905,4.481939879054142,24.257992965639247,258.6604687834881,-0.04272507321560397,0.6592524836197357,54.639324857872374,19.741506511280832,91.80850865909551,outlook.exe,0,none
20.07600033550961,7.380515201213151,34.18272130105892,307.15647884754037,-0.3747358993456089,4.49204044005557,235.7331731348994,411.5607856555114,1288.6925145210464,teams.exe,1,disk_spike
12.961582669190244,4.760718885360648,23.940143193044293,203.44336202774463,0.11138433758219814,1.242858655682534,34.527822132176354,15.571216952270204,64.59105384281081,slack.exe,0,none
21.920140422576022,6.639715638826093,42.66969987233178,417.26687945816985,-0.11621446859002163,1.389213850976899,76.80527011169427,26.69933121295921,123.98073853380158,chrome.exe,0,none
18.83255465577829,6.399345813586419,31.711413823115524,182.12343775764927,0.09830487392111802,1.5060203873235731,41.22313446614506,18.756923620983038,75.76672291483189,python.exe,0,none
19.365638742287324,7.280001129484269,32.28866846296553,302.2342463785054,-0.32894119089317164,2.466105338062196,53.021145758684064,25.786492623888336,106.35371936222101,teams.exe,0,none
17.95580621797528,6.061958083580067,29.289379279766933,352.8475933667135,0.14325039216966692,1.9590636784550732,59.43761390887093,22.98093537986278,99.0971141846353,edge.exe,0,none
19.804315286756864,6.730925096168232,33.55050941868417,310.1462627918498,-0.03469371228151204,1.2821942132899677,68.74423718092653,30.15644913351984,127.94474415498837,teams.exe,0,none
18.525227939384212,5.507272043434585,32.79852217797603,177.85507523745042,-0.07508349191031034,1.4922629800118996,44.317754925880884,16.979087165427572,74.89966727281066,python.exe,0,none
18.014350236800656,6.183497812590456,32.7710974285983,348.3296451506427,-0.17702731984567588,2.301387230480723,91.89910993362147,133.83996353126514,604.9358121810252,edge.exe,1,disk_spike
16.477261971414062,12.624639770237376,57.41339795445286,259.4143122111126,0.07470705098004374,1.4973621736191103,66.05292831230946,21.765377815434583,113.54315787465713,outlook.exe,0,none
20.059213671773815,6.952718443082736,34.536556059128486,316.43506594024154,0.25473643052803824,2.345170892309529,57.84574525891896,23.736639012496877,102.23986924624491,teams.exe,0,none
14.54140030762842,4.120632028067531,23.295212956569774,255.47876999664842,-0.2354028033482725,2.049505601158903,47.06963266033153,20.468097828394736,88.7174061146083,outlook.exe,0,none
12.330279765144331,4.710975797386511,20.00681233081747,200.24911072027282,0.12642134878880615,1.1530824831817699,36.52368846612888,13.17097914369979,53.628595976206356,slack.exe,0,none
7.687216510012184,2.845503584031623,13.91697511767499,121.65983351514123,0.15813908506178695,1.5923496067173069,29.180261879435967,13.165872468510461,55.79042727069038,explorer.exe,0,none
6.12998468596619,2.1827589780242227,10.696786628824512,88.24589162238111,-0.10143499428714667,0.8836777033826562,22.858187769682825,11.21113300317106,49.559599898502285,svchost.exe,0,none
6.051454352710474,2.0037773459685786,9.087022070881321,91.03935595775651,0.051580484034297075,0.5968829020064813,27.76094964556773,10.415750537939026,46.32145217965129,svchost.exe,0,none
18.907415793511515,5.384302522906595,34.3177462844017,239.0820014917209,-0.03888403559310992,0.7199161181398224,45.85999705652334,19.389147207768826,82.34335737123396,code.exe,0,none
11.463466799012126,4.362665525821606,19.855652598018263,193.56693494016827,-0.3372762310629601,2.9195193922231324,35.51310472311662,15.959968231511638,73.32191390126371,slack.exe,0,none
27.73956114897195,27.302632860084554,99.2516465256295,242.1501176233848,0.047673234463655,1.344195416825892,44.97607712275475,18.770454019981027,77.57957005897852,code.exe,1,cpu_spike
13.892058636828665,4.8111347784230745,24.20268182478219,265.25434518966745,0.32360354757338616,3.766996935482121,53.82661664401652,21.12098549090264,100.8338324428417,outlook.exe,0,none
24.87426626812587,9.036365072815103,50.20519971141482,424.351249310574,0.38989811506610295,3.208221831923641,75.39388454952051,26.6218606909896,124.78514462301372,chrome.exe,0,none
20.39533096098213,6.943583092066729,32.266040016828256,315.42958757467386,0.29372084134834986,2.9095790717407515,135.2126966985226,214.03130755164963,953.9688113732058,teams.exe,1,disk_spike
5.648963648996229,1.8522309506088763,8.66110359136708,91.6305580964581,0.06168266444989191,0.5333177985595832,23.697163163084156,11.20599137664002,48.548299366002354,svchost.exe,0,none
19.959208212964406,7.671891416764556,32.99696870697072,312.7471482412404,0.042222147701988885,2.940177625771429,70.12848685879574,22.82319513550416,131.97324622747988,teams.exe,0,none
19.487891774163,6.895057949008934,33.10801976841124,351.412303778167,0.2124844120845334,3.087947725914154,66.83107023121752,24.679890291981476,140.00373958557938,edge.exe,0,none
20.078780119773796,7.165433664564566,34.45860014394937,311.22768227545237,0.012734492248851363,0.77859197871221,63.472497059528315,24.326491685463413,114.85986059449213,teams.exe,0,none
16.92573651649557,8.15951946776289,30.69351154212811,352.36054109800955,0.2198809461892741,2.045091069509974,71.79450334443615,30.137880905192667,142.6633851689066,edge.exe,0,none
16.315138381368037,3.5261322335404843,23.322082049372334,243.95741262533818,0.12514062262869932,2.0745861127986127,44.35377852217506,21.36203480255466,112.27749767704721,code.exe,0,none
15.112685823946329,5.52090659458177,27.578925579546073,246.51024962748016,0.13755190434211878,1.8505737842267076,37.776350338105836,18.207008874669064,78.76639906665315,code.exe,0,none
6.1294141376650675,2.251275451889913,11.073136557451425,88.87686922986008,-0.029737822780427338,0.5583529436729333,25.895149387526278,8.980778990061479,42.467702057321965,svchost.exe,0,none
5.910703999329508,2.112965746863385,10.952623353711108,89.92812081765906,-0.055800075425514704,0.7677135932085838,27.487911359710626,11.955230693382036,53.62131367387006,svchost.exe,0,none
22.872689039218756,8.566533582952692,41.7846368949745,425.4369191407901,-0.01020629995608336,5.0249960755154355,117.5078896095741,181.73058882619154,827.0931208274725,chrome.exe,1,disk_spike
8.386324207110277,2.986585341387301,13.13747378977697,118.66156093954096,-0.08560500977981463,0.8129769086554194,30.834057760770595,14.557902560517554,63.18063291046383,explorer.exe,0,none
21.494977068714707,7.106685126265892,34.83370884728699,410.0757916291869,-0.377101946017918,3.314296490276896,70.03329136649832,36.28329121856895,146.7750553910665,chrome.exe,0,none
12.512297532453506,6.431926659761166,32.719314047128044,199.7357519956066,0.08240575527728046,1.436699700816483,35.50009899581597,16.176183970868486,61.218421267715115,slack.exe,0,none
5.908508889743547,1.983939523497751,9.570037900258,90.18636194159897,0.014246395384209147,0.26181333245692057,30.29279572629259,10.749371963950729,50.15875765776596,svchost.exe,0,none
6.0004878956103465,2.105930498169819,10.392060983327141,90.14803143701484,0.02251559150936752,0.5312995341824548,22.714746188950308,10.389264650556791,50.0386100773037,svchost.exe,0,none
19.793431839621977,5.567295676284109,29.801198034518613,307.9880670752238,-0.06390746443867859,2.0780943631993685,67.76125057391116,26.55460918848939,107.41484634940451,teams.exe,0,none
12.50636811800325,4.08515662950217,19.56248679989741,200.56122650218538,0.05749872618212919,0.9672094399002193,36.701564805533295,15.613755502665288,79.24507106436468,slack.exe,0,none
15.962621709347369,5.593771669348874,27.69821591370794,241.2969194359288,-0.06770731959089933,1.55985842083731,46.136032627097315,21.230720927862826,93.81451127857179,code.exe,0,none
23.121318480421582,8.126140871964873,36.262775707464385,418.52346154273243,-0.20486790916342368,4.31182819172012,63.263139926487646,29.346993708997076,143.20805251534546,chrome.exe,0,none
6.168994277598894,2.141955002406011,11.147097214447356,91.524268370986,0.02445922848003903,0.5159871103424356,23.70938881360352,9.087561550336344,40.58699777888636,svchost.exe,0,none
6.212662569797846,1.8314792288773103,9.010564077204272,89.60609690214396,0.00850573779246749,0.7988415973356826,25.08937771057985,10.085256579443422,50.3991799436861,svchost.exe,0,none
6.090462167027763,2.181172390607238,11.242456951713958,91.43049916865661,0.0994793258854107,0.7537987944311467,26.13937372559212,13.802508493678928,59.62782947095212,svchost.exe,0,none
19.899194703976445,7.4818777715773255,32.51836371066646,359.89643541265025,0.46206515837751755,4.402993916492815,66.58171176502174,31.19671969118702,111.82644562468825,edge.exe,0,none
13.062106872878251,5.890099550330083,25.234929465697192,200.7511653651824,0.04609341506013986,0.8130116219311678,33.007496037036134,14.452746128676681,58.61925162936902,slack.exe,0,none
15.486778213988877,4.684980148001366,23.758819464171292,242.20008769278587,-0.07500125357955388,1.138771703509557,191.03157214687397,336.49285786547836,1063.3387841187348,code.exe,1,disk_spike
19.297144800977907,5.914627831788931,32.44748097012177,352.36254737616997,0.08383724816717025,1.246080137128226,55.12393176554907,28.58692670637772,103.62504456617043,edge.exe,0,none
7.619482096088137,2.534769787521952,13.413010063798056,119.13987095524286,-0.09464856395293282,1.0437146892978708,28.731759182308,11.509590466448044,56.37252598435845,explorer.exe,0,none
17.06517415018366,6.206203259142745,30.94393717980795,179.3235285539387,-0.03224873740629732,0.9548236431174616,46.023390157277845,19.425522544467068,91.72250078430898,python.exe,0,none
23.974108224097105,11.857897144864557,49.49323267529519,412.8906080450678,-0.3812393396325964,3.3510469901229176,60.731620915361155,32.58433051511163,138.35891050232163,chrome.exe,0,none
19.5547385867631,6.611871248099483,32.07230559823344,180.04827964265945,0.09837420112009738,1.6141094647298146,38.90854943484407,14.957923255059477,69.53974996485809,python.exe,0,none
21.890777205437203,6.145014899883729,33.03742188714304,426.58256959899074,0.20524486011730877,3.0457491945554005,69.47095790400934,27.539631220966484,129.98010133741997,chrome.exe,0,none
19.066670778777514,6.377038295467041,30.21271091674418,180.48169271680183,0.15505550240749907,1.415794473821216,39.876932065285445,14.213581035796498,75.21559191822236,python.exe,0,none
11.470915706345925,4.666080003067548,26.94451257242123,197.08422539014904,-0.11318304806100722,1.0840787643277456,32.34555855473119,16.943609976230995,67.41038519472008,slack.exe,0,none
20.21908008770567,4.799622074879828,33.41368787433948,311.6123399666595,0.018876183028786877,1.0934250664147214,65.54437860339084,28.263767574992904,114.54985989123801,teams.exe,0,none
19.431420761266924,5.91937425790131,30.528311126030573,184.69122900072702,0.1917563978296272,1.6376573461619126,43.84852312614689,16.40584323477611,67.19710071149552,python.exe,0,none
20.374313133708583,6.920196461634346,34.97411732216041,178.45929423797082,-0.17308918374105625,2.0363217252691954,116.19744557520617,159.09219832790754,501.8105835005089,python.exe,1,disk_spike
7.216534077312754,2.5044478225100573,14.65748790023672,121.16884665387926,0.10666449062815436,1.731646747316616,29.672658418413207,9.729588765276242,49.81503322492472,explorer.exe,0,none
7.7297989127482944,2.933916707066021,14.005455016554095,121.8144791936758,0.01973654024832238,0.8544593002680236,29.200319661431124,12.820335503865673,69.28614846730433,explorer.exe,0,none
18.192948891881624,4.935703733572045,28.580491510559657,305.7721409832848,-0.20971573562322873,2.422890405674418,60.81435034913888,25.125268143333955,114.95812093262836,teams.exe,0,none
13.20772119751257,4.348660311163174,20.33553745933573,197.75069449935773,-0.1573210464489506,1.1519572256894155,31.201115767132162,16.762343600995365,70.3215303962171,slack.exe,0,none
24.339135024532343,7.998779504124895,41.699046447972265,650.2966693468256,15.05873104333203,138.50736832842227,80.6929984193928,28.598089721328357,131.91772060940104,chrome.exe,1,memory_leak
12.97116972386153,3.9630294215573385,20.98515272461799,257.95998570898325,-0.00753438615136209,1.45709437925648,58.01946757470296,23.990201233407582,116.6090406833281,outlook.exe,0,none
16.64092107323096,6.896263475052056,31.70885044076813,239.1056189051753,-0.08121663181968396,0.8797798552533121,40.51279475660137,22.603459674860247,91.51665190068873,code.exe,0,none
9.166306568527173,3.102746629827334,17.402960871696937,176.74677396914637,3.2044543064253634,32.458101357078924,29.631503307907163,13.747116503516825,56.76039902889259,explorer.exe,1,memory_leak
13.067036783811194,4.011577418489788,22.032804393964184,200.39178215752898,0.09220417967652944,1.4989548796889995,33.558613611344676,14.392556078728914,59.83889051762208,slack.exe,0,none
8.119540910528794,2.911663612327536,12.44774539666587,119.02506819815648,-0.07875561647552587,0.5182289605532948,29.210130048652875,12.993463396134104,53.77622346107902,explorer.exe,0,none
8.101290205447677,2.4003602283101384,14.742732962182778,119.02800823995673,-0.007468899022967908,0.48368224428812884,34.44196047165026,13.87079999180713,63.35779720481199,explorer.exe,0,none
6.228319284752704,1.6253314830420453,10.195804774426378,90.01008476853713,0.009341883429572324,0.44202594697785214,26.58911374040126,12.308827067034521,50.25236330993741,svchost.exe,0,none
7.924662967834283,3.5288018727409334,15.200553489484015,120.44877543707302,0.07824505827800958,0.6891112942063273,34.33045786335712,12.765156896966628,57.241884986330675,explorer.exe,0,none
6.28042252521629,2.075815748041575,9.700388089873986,90.39813074752769,0.06679371778592724,0.7062858915907009,25.711849081892712,10.399133968307753,45.23770856670646,svchost.exe,0,none
21.71288840148908,6.807825276082959,41.09140658159213,415.9506908424561,-0.056471418045708786,2.1999350657847367,60.332934896653825,34.35627703711544,129.11081703555152,chrome.exe,0,none
7.723193948621509,3.1010066284879385,13.491580563719562,123.29507801953153,0.19646260641337154,1.5496664758824643,29.175575538698773,13.365600691259239,53.09914009944407,explorer.exe,0,none
18.386992949158447,6.201248049278215,33.51271878305458,181.23989902742719,0.11437583674995627,1.1545850949205292,40.92595661808817,15.203330959402997,68.75346418198578,python.exe,0,none
8.00799052612587,2.238332103668041,11.407472585341393,117.83563001448091,-0.07636423055003168,0.9397989284390165,28.723333486466917,13.458632028920071,51.99405752711529,explorer.exe,0,none
19.144818706390176,6.148744366466865,32.733412409136385,355.70918026336597,0.19136992375483336,2.63995532573893,63.920810616895274,21.998185642699912,105.02859011862022,edge.exe,0,none
20.50529052750413,6.440431463190195,31.24330650392883,306.17281510502534,-0.2346481597469392,2.7278160864634753,56.6739372576808,25.676212875730858,114.56216618105867,teams.exe,0,none
15.943924163400768,4.2123213936552535,22.563851633990215,244.5532774947732,0.16250820846049976,1.8341146741062548,46.55736880405826,15.212150094449507,82.36118275076757,code.exe,0,none
19.555035887298956,7.13882415767855,36.142634560169185,179.52370693409242,-0.09909965594257433,1.0025012211159277,32.71120481554115,17.881862645089313,77.25188740793685,python.exe,0,none
19.053035231461536,7.234882428709459,36.61172612986509,352.0821560794611,-0.03259232664432451,1.2576088051861725,65.20898607201033,26.813406217194608,131.02801876263806,edge.exe,0,none
20.7154247703159,7.806524291447795,38.23906642900113,421.81994057591766,0.23440064553352233,2.6471171365343733,68.03275044931449,38.26378298979649,149.22292009215147,chrome.exe,0,none
21.77734527067906,8.698105252625393,44.88018118020608,307.7452032798653,-0.2883085417425169,2.9784014972499517,57.152897892197885,28.198384297158274,115.94210848084478,teams.exe,0,none
28.252212820333682,23.44601546958031,98.73418494301625,414.40326036572617,-0.2576188453186243,2.241470714730288,60.72401959736364,32.454330078046894,112.58918474693492,chrome.exe,1,cpu_spike
18.26290232824639,5.665620860563254,29.418732598418334,179.31504615023306,-0.08715596820626294,0.9524438295815271,39.38847566939388,14.775368419580476,83.43652398204851,python.exe,0,none
14.379118254749802,6.125383875711075,32.064967342710034,257.9500331038248,-0.07442679182152574,1.0983992941952172,51.05139068214055,19.325646791473503,90.81098530275818,outlook.exe,0,none
7.936044557421346,2.787309614696178,15.444123255311446,116.36390732872505,-0.2244990145322125,2.112679863736728,28.649103568857075,10.624721132289501,61.25611499953871,explorer.exe,0,none
19.291863635147546,6.918504086514196,35.047693770785145,307.5865169594403,-0.30424471967625283,3.7416728760959748,55.95653246960895,24.233003619398513,90.49912916414338,teams.exe,0,none
20.12237884312021,5.636091153844294,31.808589302705094,354.36836444283637,0.10298462318639282,1.6501448685043292,64.26334015753353,29.36422553458578,117.25083792927529,edge.exe,0,none
21.580772621797294,6.947438499838835,33.81893882623327,303.9938707576534,-0.4949804505823522,3.853710594296458,64.4888653384226,28.392185673418073,126.94382478985708,teams.exe,0,none
8.119188021177724,2.727854493273423,12.777687629630766,119.77818503606134,0.00011949515538418609,0.5345640037050357,28.719546977817416,12.336598192389689,52.81467423784784,explorer.exe,0,none
18.289556468576897,5.661021012940813,31.778014088024015,350.9778601492804,0.049725734668479994,1.7898270789047583,65.74876940278519,26.599477875395106,131.760414746594,edge.exe,0,none
18.22746481177106,7.255258725777282,36.111555518909086,344.9393801308534,0.004225261167315845,3.0911414836924633,65.52752566921221,32.9822811388454,146.8644010383075,edge.exe,0,none
17.542282459312617,6.054398342222334,30.9737184765244,178.98017914630717,-0.033804571885049955,1.2765137128464417,42.31086033454358,14.228290975154128,67.70522151126767,python.exe,0,none
22.85785585515173,7.494313403424464,44.62812677055413,425.2000372826252,0.0364078447891643,2.4686081653850263,69.70474988434665,35.02114847116593,152.51558375401095,chrome.exe,0,none
6.247747441380138,2.4919834556943323,10.43096936957506,90.52548624946657,0.0035400530013594295,0.31258304456993447,24.121365439253115,12.768128726528932,46.212515165096235,svchost.exe,0,none
14.634770531936528,4.200519789968449,24.10565987468331,266.9144655082595,0.3245971796961309,2.907104984335897,69.29608010759758,29.349081328351783,108.92268406785011,outlook.exe,0,none
5.841088107455763,2.1071982748761497,9.221445830776123,88.31073241015203,-0.09509470137468222,0.9551269783208571,23.885586411646837,10.123082350503532,48.58963784470691,svchost.exe,0,none
12.622000890333338,4.359087911205523,25.960239955547042,202.9009709763826,0.10391630456105834,1.577151109320202,32.646768517228544,14.852969800099078,84.02261666012589,slack.exe,0,none
14.980644159971947,5.06257450243625,26.570041429935443,266.90473494615173,0.30096089900415185,2.531434522573176,58.168146046995744,27.362838302815465,113.38515771234445,outlook.exe,0,none
21.57065383317355,8.994307705118784,41.280230237362126,417.109947418642,-0.036279780390536115,1.6537116107703709,72.47735159943058,26.030240720839767,126.04039654747604,chrome.exe,0,none
7.871960756598943,2.98263402515922,14.877270257062397,120.25010898061842,0.009652845870858092,0.3975144015101331,34.85815095997366,11.887418524990066,64.02228342783118,explorer.exe,0,none
18.8914769603475,5.306794923871116,31.548572946204047,180.36714826230113,0.024094584182508545,0.9171888710860266,35.59946419109877,17.155849930563154,64.56792545443241,python.exe,0,none
17.76919243446171,6.609791486087867,30.46136249236379,351.61242262140183,0.14865287863520962,1.2697369332644712,70.02271773656817,24.700300164715703,107.14103509342846,edge.exe,0,none
21.394957916208728,7.406789654919404,37.2617042054107,416.16193024219433,-0.19380874967018827,3.2343963885721334,68.87988674455886,28.56084107563592,140.71975440681632,chrome.exe,0,none
17.00043438063309,3.9724660315520115,27.02501839828345,239.12506514257228,-0.02627088340959271,0.9338420077002865,41.55108527899844,18.68405444832532,74.594684735439,code.exe,0,none
17.74551792877667,6.241265727838997,33.07266594203481,238.61539661539805,0.06519144960609159,2.286915317949653,43.10263168595325,17.877679965255215,84.05298874282832,code.exe,0,none
15.935172679288378,4.565187191528979,25.137659947299007,257.40974676240523,-0.07725899940089866,1.7338211721014125,57.78052804153102,24.51389530043789,114.21874889470148,outlook.exe,0,none
7.33367219699685,2.3144207493014126,13.820200974227603,120.91021090535439,0.030060465581110425,0.5738447514743218,26.747377747905315,14.147455389428643,63.663824962220545,explorer.exe,0,none
6.28569919358033,2.312849145686489,11.674299101124749,86.98399035681108,-0.1603971304203924,1.518740753536955,26.658128801257327,11.97197333862661,48.22879971375481,svchost.exe,0,none
7.629536016129672,2.476124317888403,13.587030990728962,118.66975774525551,-0.06294789480644122,0.855449183467748,25.930100775787228,13.170919734203123,48.756965822549176,explorer.exe,0,none
16.214909380942782,5.839184959323224,28.160233590817157,241.59170604117537,0.12305879188653913,1.964373661236292,42.39422404594053,18.863072639644205,73.85137050157759,code.exe,0,none
18.551249869938037,5.3057457863386315,31.249575322845295,181.23317863333617,0.14025750084572242,2.0514817053011445,41.61542336452586,17.16011423433498,81.47300833278406,python.exe,0,none
13.310043991122788,5.181687791258645,24.023729596433952,197.49198901852384,-0.12305484907041565,1.0167393439900403,38.03821605659745,15.26063974052944,67.86357869357444,slack.exe,0,none
8.303632210252049,2.817693591692957,12.68738663927602,122.21996511794877,0.05749335133312504,0.9928464751041645,31.009083902614876,13.276320687211049,54.195828015981455,explorer.exe,0,none
18.363212519432334,4.4483440996509644,25.60260084262061,238.9552175559414,-0.09297200545010753,1.5990407832045157,46.68441107057003,19.721254146591313,88.07596672885904,code.exe,0,none
27.581841017960027,29.502007371710658,99.91065849600851,200.19701742857396,-0.07410216079784675,1.604611126793495,30.053692089846702,14.226725900617296,53.897262686835994,slack.exe,1,cpu_spike
13.897548030284621,5.113912878638034,27.863173894821657,259.1040560624071,0.013090803733731112,0.9351700774062375,62.96606881898694,26.761170432495206,108.31640627558417,outlook.exe,0,none
16.459225444876143,6.131167547941078,31.843266336593075,239.94808043461046,-0.11554116791384103,1.1126300906429167,39.06395433455743,18.063965589023987,80.49182308350588,code.exe,0,none
5.727832717129762,2.285770012692772,11.111419207861204,90.11830247740212,-0.058992430039152076,1.0900784602781313,24.4350560116829,11.996739106660474,47.084377503462576,svchost.exe,0,none
21.000884254107238,7.329189480071756,38.551119117597864,389.82673800633194,5.878319731236354,48.45355165167601,61.212718727528674,19.105999447714257,98.59108830993677,teams.exe,1,memory_leak
19.10193943963348,7.462721574955059,30.909391845959043,309.35903972975933,-0.14752607110398988,3.029599199553609,61.857573511642485,33.70699090160795,142.1189584748829,teams.exe,0,none
17.679341952775264,7.054681851993304,38.6105403421216,181.07681079505736,-0.014780982002717262,1.0215089352904165,38.01509240836051,14.858741867194782,62.49479334399234,python.exe,0,none
15.339422498683687,5.88927442969179,25.77789104082168,260.1496440012185,0.08783329648717313,1.1537409571455635,57.54955876878685,24.546555372259498,116.32930699511444,outlook.exe,0,none
5.310839620993215,1.3993390381116035,8.412119180143668,90.02343150851041,-0.030726278105472224,0.5440235939161406,24.23739469886149,9.377207290628098,47.15845641362738,svchost.exe,0,none
14.767545102812063,5.682846204736555,29.54360816745004,236.53486950966564,-0.2608605150530631,3.0551840117818863,48.69996839088136,16.013555394212617,75.8086921160182,code.exe,0,none
15.01106256222006,4.6075978312706125,22.59885697593362,259.90991201999196,0.05436190982728325,1.669873116111985,59.98162516371122,21.242158715436325,102.16376028475273,outlook.exe,0,none
6.32507324603626,2.6326204510652085,12.452931797198314,90.68363502668873,0.03946998820350558,1.0018177488667246,25.680310076017403,11.258115972863136,51.39088478758989,svchost.exe,0,none
12.471894601558498,4.500924731835027,20.24669719981479,256.94712717352553,-0.0568634008842461,1.2287352933921145,51.853574912578566,22.31024066328041,97.56395012158154,outlook.exe,0,none
21.06389786098036,6.796913562001821,34.39672740733138,417.5099269994216,-0.19086620737152582,1.9927907916094292,65.08879864886664,33.29647981880603,114.17922657821717,chrome.exe,0,none
14.926942693051162,6.082756857733982,30.67049913159196,237.99820165855644,-0.05979356115180015,1.2121417551843985,53.15562907989321,18.848819880080416,95.47807311608581,code.exe,0,none
20.73461508466335,5.213489878044446,33.15804069333694,350.0086463396946,-0.16263778080804248,1.7608237345972404,65.26279085405514,26.968127437153285,138.46268572722653,edge.exe,0,none
17.664896231464233,6.768404324361147,30.733015567254377,181.06981780048483,0.12755626652374494,1.2010351508212302,43.21711131589711,17.88217776247256,71.70589778720522,python.exe,0,none
13.299028410198984,4.213480107663512,21.203964027124933,198.90308067926355,-0.13299454996903914,1.8827884724007404,33.096949315901114,13.972142696187053,68.03174127147909,slack.exe,0,none
5.678024623894912,1.8220780703284731,8.993474763823794,90.25515379755367,-0.00602614250019163,0.6153705888532709,25.214086826007485,9.344184526483097,43.88119956769695,svchost.exe,0,none
20.502177580304146,5.931268957651545,37.40399689316509,179.7272974662416,-0.05372092004919959,1.0476515286232777,43.4744338001981,15.248398459935055,72.2881517783677,python.exe,0,none
8.469297104814977,2.4402133147891982,13.765003091861484,119.76156975665948,-0.05654160474227012,0.638907588618485,32.525475600982325,11.715260306760282,53.369452765576085,explorer.exe,0,none
17.48371611868915,6.961948805583835,27.0883440531754,181.12086271875094,0.05109394439101986,0.9170422872375847,40.558187223286524,17.742523974490414,73.99120753647483,python.exe,0,none
12.037138798004378,5.324770348533496,22.887930780489295,196.5303671805233,-0.23265932500608527,2.1861579168389507,35.60002030326402,15.531022377405495,65.8870160875204,slack.exe,0,none
19.432086071053405,5.3342166805318305,28.491262979941936,180.61484683197483,-0.05518642253473918,1.241188527791671,39.78591444733494,19.37053352390024,73.07270037737504,python.exe,0,none
16.337932312786105,5.267805494424625,24.425889703596155,259.8710407247929,0.06687405917505582,0.7333614917237505,58.607461402730216,16.925779977403856,87.59428193626064,outlook.exe,0,none
7.588789978449709,2.5498983962963107,14.03123550317899,119.57435299485839,-0.03594974319160826,0.6675823422114743,32.386045959196636,13.658600043919723,63.19441090516879,explorer.exe,0,none
22.590406373397848,7.456719349846171,37.53130472316808,420.46163335093195,0.06945860017189981,2.5090353726714425,64.7509136076609,26.473693952361046,125.42206781024109,chrome.exe,0,none
14.108830004485252,5.329804904248865,23.06883518332544,236.9719111885811,-0.08114067496578628,1.562205806157744,53.30486875112006,17.59501235164477,83.3736067299076,code.exe,0,none
20.41811166228222,5.6913878965788,31.89179531362984,181.96222789920634,0.04384253624019152,0.882489935818714,36.932674944764706,14.584261538020822,60.02725861929624,python.exe,0,none
24.42670476560719,7.507563484738486,42.553717217224296,408.6470638587059,-0.7056232766665383,5.953384664389533,71.19465058398598,26.251596679375776,131.61585695990954,chrome.exe,0,none
18.50925577897306,6.4525249987264175,26.763694882055102,309.219503012638,-0.00391387329490082,0.8452937882087113,60.02997239203569,25.76879376899619,120.94241521010248,teams.exe,0,none
18.782209418260262,4.183193532989227,27.124564685683595,350.6319786403739,0.15491278090191257,3.643910931170047,81.27541440211105,28.52937801470709,130.48750063726706,edge.exe,0,none
7.830988930748965,2.8127067282082865,13.322221919830321,118.35103302308906,-0.0930416993958706,1.2568079201337432,32.643363317226566,17.69443019278855,67.49425529609087,explorer.exe,0,none
14.954358508026534,5.010152186526441,24.931366994525717,200.3570859431368,-0.03648191915364407,0.6811344677547568,31.613541751923186,13.911425611533977,62.59680469493486,slack.exe,0,none
20.925398066862876,8.354729606176843,42.22393379958413,413.8998549193773,-0.07969487083836384,2.434251218398887,73.4469610977966,34.73210541077509,159.62677343959064,chrome.exe,0,none
17.97724937890189,5.707533080717967,28.00602700189755,240.50673524801292,-0.11183387855759577,1.9367605816733837,43.555691947581266,20.591307761456786,79.84789183645228,code.exe,0,none
17.417599666497914,7.286033481952321,33.233960884479174,348.6782238837852,-0.04244354440158607,1.3051550082672,69.27510993219842,23.920201570275907,123.71448104865304,edge.exe,0,none
13.460349313728841,4.638055879285879,24.49948098955875,199.04527380359931,-0.11158630369093696,1.1123476630453175,33.37705447352776,12.852858347259135,63.78356965049435,slack.exe,0,none
5.471005750866328,1.7770321440476482,9.620062242149372,88.67743099914033,-0.07595567153046545,0.5186591261766837,24.34502666725136,12.11540915075501,53.535634729291615,svchost.exe,0,none
18.388772080289574,5.083263548448622,28.977196722877792,175.91747782655432,-0.19969677994637228,1.8707000914999765,36.62317875965279,18.424090892729435,72.56217152882772,python.exe,0,none
18.615207347141656,6.572207829355331,31.77399046687204,348.9973017456251,-0.17651256714723332,2.1204903549626555,69.7533299625541,33.01973829586089,130.5054592295793,edge.exe,0,none
5.856548339234595,2.182688425316728,10.597053944138503,91.03316687728594,0.07121637085732667,0.4690456318240458,27.75824366653827,10.89165849719794,54.87520243885869,svchost.exe,0,none
13.187374985477653,5.029794374503235,21.720677188611095,237.4428781375587,-0.05672532744562488,1.6170374496293867,76.59865664099995,76.09175841813455,316.0255017312395,code.exe,1,disk_spike
13.525966344987214,5.314052988054409,23.43259694240445,200.21498635167052,-0.00593381172305385,0.8579827282503296,36.9382451380263,12.550877636752492,55.56663000395788,slack.exe,0,none
7.294515758072685,1.8165348520717044,10.427168448077527,118.7958701412709,-0.07766020376062907,0.689950167303476,28.311936924715088,12.538189679591566,48.4491000993839,explorer.exe,0,none
18.623376483829155,6.006691236896357,31.833625722145722,178.63575351595608,0.009036919231525076,0.9368125982952266,39.82405331828688,14.590937872046313,65.70825489098848,python.exe,0,none
22.10626630238032,7.212178316171856,36.178510042108144,420.56124001495846,-0.044130696242073476,1.4816015674618488,69.8124273642968,29.03334894307521,130.54589451559104,chrome.exe,0,none
21.505842036777896,6.840129695610943,32.490673588437765,429.5888165063142,0.5042706247720257,3.6439798857747747,66.67921868855817,23.142933141114792,114.38259898878037,chrome.exe,0,none
17.999841915205923,5.735196202212709,27.795031744444373,178.9986100456858,-0.07934160685617068,1.4875693651130675,38.05976030255594,17.165627431473094,70.71734340748267,python.exe,0,none
19.402333955502392,5.105229280764972,29.20028442834762,179.4192551074638,0.028376087651760903,0.47408051093334463,43.01798041942909,12.632108526909876,66.51445027224784,python.exe,0,none
13.625209094944806,3.588027645678923,21.34137245713049,198.86328127312854,-0.04773317089833142,0.9863251268920159,38.76524181576126,14.84297603286018,69.59273141945847,slack.exe,0,none
23.252196785366873,6.984368073427089,38.798674918335585,419.03651492349104,-0.04297390572730251,1.6053544358849103,64.41068251587394,33.95236548397899,134.39488273505918,chrome.exe,0,none
5.70349168770611,2.1161172791084324,9.85702153482073,90.34368896105666,0.06484506945562364,0.658352640140887,23.464839495160575,9.207995024818361,43.77105997382246,svchost.exe,0,none
29.484044376087002,22.871040276291303,93.95190940339074,426.10763666096676,0.41504816716129844,6.017625341386294,72.31136806704673,32.10734526119304,132.86761499224204,chrome.exe,1,cpu_spike
17.334896517595293,4.91074794426737,33.2733272943112,179.47943629556462,0.05307464140356425,1.0415464951580187,33.09881825336337,19.987440668201835,68.74052418952897,python.exe,0,none
16.854587586465097,4.6970317073502645,29.992683478939483,240.31385443080717,-0.04269238330327028,0.9223467117983792,43.02421617964685,15.502813406200215,73.40760436922753,code.exe,0,none
19.228876905960604,6.002155693553335,31.133962527260493,179.63448736496485,-0.07959248380590035,0.7810620538186718,38.59970173337151,13.482775295722556,66.87409156524686,python.exe,0,none
20.50911789918998,6.9859081551258875,34.19253145237604,307.1498976094927,-0.3460152908004128,3.223626014990929,60.309876826353545,25.45966067384088,116.49072109407925,teams.exe,0,none
17.321344254795875,5.830871293920192,29.0682164326775,180.78875528009388,0.015655429748146807,0.6045667387515866,43.32751066796889,21.27197557234167,105.22533010997282,python.exe,0,none
17.730476836379413,7.720603729418788,29.88846894689229,307.1340311988137,-0.07030857298586662,1.1828824308409505,56.955369744862566,24.796322229163334,108.86717716979108,teams.exe,0,none
16.927337339302056,5.891250114166911,26.32304256459121,238.81660799665931,-0.0693600550061395,1.780614380985022,50.515682005224726,18.06465369109687,86.33982365697868,code.exe,0,none
23.3523152987727,6.707483851027725,35.869768711940246,421.6276194055619,0.09544970616896838,1.3795358784054645,68.95838755763695,32.01954514782233,153.09465641464502,chrome.exe,0,none
13.999512554525316,3.988353155835676,20.69396898279158,262.98838772060213,0.22499431643621318,2.8613134039402506,56.953690094455006,24.925311352934166,103.91350449447518,outlook.exe,0,none
6.575600851642304,1.9864644751375518,11.272773109184083,89.9758015890332,-0.018604722467208033,0.4434054769458527,25.952426010959464,13.341390372558529,45.51348603148614,svchost.exe,0,none
13.377234710736568,22.118050239020462,81.96739152099389,89.58976615268588,-0.08114516842566862,1.0267599276157462,23.184344903363865,9.220772338901128,38.888180368927124,svchost.exe,1,cpu_spike
22.104862244049173,8.629795751870432,34.80529277157264,410.7342067552339,-0.6871207034620151,5.511998212676627,123.12215449674567,106.81798579642268,436.0214763397036,chrome.exe,1,disk_spike
21.46946845742892,7.238289589400382,45.391527052374116,420.36798285526476,0.08352217940558451,2.914665006317644,66.45249958097064,34.56456830493875,160.30722762276739,chrome.exe,0,none
15.500282547837656,6.862702043594312,35.3750030345292,199.98910130110724,-0.024669515725668133,1.1904220486571022,32.69760678712048,16.175959041630104,74.37657786822598,slack.exe,0,none
13.24935083863682,4.319528058517257,24.161451352762974,262.8305726257176,0.23070089822707776,2.170098994942407,51.5107256360251,19.501465069547624,93.16006214662846,outlook.exe,0,none
22.925791566828885,8.282725692246316,40.3896380408663,423.2494757583084,0.009346467558083304,1.967468807088647,74.58337190359961,28.658993358352106,132.73689514989456,chrome.exe,0,none
14.123571512154133,4.53261452675669,24.359483287932925,258.55079679024306,-0.25110155126621314,2.677617425345985,48.896962672612936,24.946804841195664,97.94561431706771,outlook.exe,0,none
7.4981641676022015,2.6954815353927235,12.289850879433168,121.8277218770929,0.11709415709911705,1.7817640381157132,28.805695271391382,9.341167227736477,50.08553345336209,explorer.exe,0,none
17.658770564333917,7.66869392830883,33.14297356026506,309.0949357936719,-0.053544147762770916,1.095983992134014,59.55908179729809,21.71819278016673,104.25721823630505,teams.exe,0,none
27.904355588652596,21.928956090552006,77.26222418194814,238.84681209212667,-0.04845210200348902,1.109291424220331,36.48777129934679,20.82994561678234,82.64950629617147,code.exe,1,cpu_spike
13.721161260176151,5.516428358577635,24.179620245429707,319.8438888332954,7.7109630928624115,74.84795198707782,37.2183451772305,12.681664076407632,61.84897843657854,slack.exe,1,memory_leak
9.04876992461642,2.900742163389835,15.116575418273463,119.86450625146495,-0.018561581841584504,0.45004439771603916,30.550368381577254,14.845501513943288,58.90105486466656,explorer.exe,0,none
6.399978230356447,1.8626036355093767,10.066519696429449,91.70249279016669,0.10995708664535707,1.2743240731228405,26.089533329573307,12.368398364419635,52.32447851339198,svchost.exe,0,none
20.023597711730794,4.930793568515024,35.045411764018645,347.26683846727866,-0.2658403490473044,2.3939224213258283,72.6704574876151,27.223893505614328,145.39236651194415,edge.exe,0,none
19.13541366951547,7.9197662380496645,35.53825696403129,181.99962609707913,0.12472015470978495,0.9210905730217915,72.04360975581251,87.50329788330806,365.66862782514744,python.exe,1,disk_spike
14.04849397758879,4.634139085526715,28.901094842563204,203.18456173506627,0.12210017358870573,1.8652168731120597,34.36286105309919,19.109421233580083,80.89970742781772,slack.exe,0,none
13.540170687664288,5.004700762798864,28.458763203141032,255.1378270962023,-0.2625481990721624,3.6695860101681794,43.253215988450265,25.49308965020213,99.16658299772476,outlook.exe,0,none
13.35235183172387,5.151645426761954,21.930011857709594,328.99241983326993,8.100299573134352,79.05636697306034,36.40368905198833,12.847879187663871,65.38246794576537,slack.exe,1,memory_leak
5.801317924920839,2.143565332323105,11.525871999704975,89.66792702810355,-0.009206166092461388,0.37292502043579123,22.97815280146053,10.584908871243558,45.6706604354802,svchost.exe,0,none
17.033264839676495,4.975026983732878,25.155492623182486,242.9151571221027,0.11433194272744723,1.848379482416341,41.05202935240656,17.07974202661517,74.99618440884099,code.exe,0,none
6.398291613415127,2.072033419025786,10.802181902841575,90.48640411445801,0.023349191264690698,0.5724741956610881,45.74661696923571,69.89934003649984,309.1632833563746,svchost.exe,1,disk_spike
14.916665441628446,5.875463816306644,26.655589365446865,241.652239126989,0.0687928361039828,1.3139665082345202,42.79623838344465,21.40503741643292,81.69105941729276,code.exe,0,none
12.57727707083602,4.711663329827001,27.569797182626875,205.88526916760014,0.23849373137318158,2.2438056470522674,33.98674130748923,15.37857126264186,64.0711177471221,slack.exe,0,none
13.828234693598741,5.972919375462171,25.56692277571451,285.16775654321094,1.8542231561700988,18.899021466197134,42.42871440222418,22.96803060804116,76.36197822429742,outlook.exe,1,memory_leak
22.145936052175777,10.849212842530099,56.70154949911563,180.43460083567504,0.006273485876752716,0.5998683739842541,37.52154207714197,19.32338635557689,78.59409625201846,python.exe,0,none
17.46867226278385,4.981516893347948,31.434963111681036,233.1935301964468,-0.2732919981269665,2.956186152409392,39.46253191283323,16.830403477443358,70.370919021758,code.exe,0,none
13.929428270839715,3.8491096899320545,20.976711394336704,258.63048342815455,0.11573315380615554,2.017760980027614,46.71359835010204,20.31251618377788,75.27427875052204,outlook.exe,0,none
20.312018547052023,12.369106629031219,63.281418992876596,179.18263900900124,-0.05983349027633741,0.9050120811596514,33.46433717186929,17.831635426404528,65.58800916677365,python.exe,1,cpu_spike
18.510309861149114,5.164433009640485,29.761672894309626,180.93425367059973,-0.011444323185482592,1.3006515031692494,38.88225040787648,20.818817970666796,82.64081319004305,python.exe,0,none
20.30257714157538,6.520704319968847,35.66937155633071,309.9894118232345,0.043419105951587274,1.4569885720341456,67.31718121578461,33.00936489609919,130.42757120845977,teams.exe,0,none
19.786317126093,7.947464196078831,33.95316557697031,309.8356233954727,0.17131598030493364,1.8171708944776657,59.22187530379315,27.09510859631611,120.73001601161619,teams.exe,0,none
13.556389328391663,5.492815801526258,25.051816056111015,260.0592425610499,0.21320502855475829,2.6548159998147547,55.41154212066006,24.63337233514388,102.94043959008889,outlook.exe,0,none
19.97606491995772,6.144531854968921,29.512595740414362,307.38970118876114,-0.011696576836438528,1.2435110631698443,65.45465657681902,23.546205733551552,105.38533230478319,teams.exe,0,none
17.790449867727034,6.108429094707043,31.877046926911422,179.59910225334764,-0.04486418147249746,0.568544728959728,42.73846749062052,18.08682446836166,74.7008490441554,python.exe,0,none
18.283280945381907,6.807986940002945,33.00377741540879,354.4551748854973,0.2694212915068192,2.774452153652465,74.14060204780739,26.152166413468294,119.38796158236315,edge.exe,0,none
19.086185247470702,6.861653555302336,35.47179914614142,353.16479097314345,0.3161157738483856,3.1039146391671104,60.177211328718194,30.65849052143732,124.49379374650968,edge.exe,0,none
17.677920073576466,5.603003786388048,27.100194386050486,180.01064563998216,0.036987636931182996,0.7250860850077826,32.3033660679941,17.571856423644,67.15632834047149,python.exe,0,none
17.08177993293191,6.480107387197559,30.511850140458805,240.0010556943074,-0.021906353979397865,0.46362487458852775,69.12384709389087,73.8825542515489,317.21671791552944,code.exe,1,disk_spike
13.483188141546727,5.120296819030698,22.36473663111016,200.3018462030149,0.04776456645915725,1.0817418862253276,37.011635726255385,14.533237356071822,59.641196699975396,slack.exe,0,none
14.787578992423784,4.6039885699147245,23.327112501418178,274.9401363092715,4.811281308991821,43.79360213756515,39.052933868464365,16.580365852047883,67.78533857883332,slack.exe,1,memory_leak
15.051081814613882,4.782831837288077,25.67843395926986,263.454469797566,0.26672144563023037,2.4656132129221997,54.13940789518706,25.798070691681072,104.43200420115173,outlook.exe,0,none
8.612100478003807,2.4968027052751274,14.188623367922213,117.20188712562286,-0.1523670329439573,1.3372446761141432,32.3019061970398,12.695644888496991,60.34024879828569,explorer.exe,0,none
21.6205317679157,8.37888777014935,41.38480620003712,311.4052628778393,0.060075083046424047,1.1954314789660876,55.16359461799119,30.268436020838642,109.52881477292688,teams.exe,0,none
26.841099760019276,28.172845730935325,100.0,241.16869761510446,0.049347659032083394,1.0748716471609143,49.44719821297307,20.2680453192771,99.20047207089019,code.exe,1,cpu_spike
20.466283578248866,6.832734731217125,38.05308235167573,425.21492409678996,0.2789320271066913,2.1499899089179544,73.49788801527357,25.17167347623741,116.92243824110116,chrome.exe,0,none
13.505134606999423,5.122469267575746,23.55486413110076,254.4293174567584,-0.2706986025981346,2.071054276999141,51.529114450736834,22.725813843908536,97.34183245244796,outlook.exe,0,none
19.763882686351543,6.419499795954028,30.797912120281907,180.97843711746717,0.026534928335802496,0.718179347305271,36.37485226235142,13.417842527016738,77.8456613518795,python.exe,0,none
6.522914158842115,2.177600704950495,10.661661670708806,87.56679877193173,-0.08319656350558707,0.9534498881954798,25.44486144811681,10.4735952521206,52.242838600764514,svchost.exe,0,none
13.192093943955445,5.4065754077828405,25.98856636965762,261.96869742987684,-0.049243860613952015,0.9724667149455061,56.12402329623492,23.00121419565309,101.54095974620859,outlook.exe,0,none
18.165401886077834,7.749589960231613,32.95279603357605,304.3063847895497,-0.27116330269983563,2.3716676355992954,52.56253725927824,27.02445643707476,102.46765872290207,teams.exe,0,none
19.76271671487616,7.353330175788451,32.54137917035527,354.087801325792,0.26205352891023304,1.589217040462284,63.66497715083266,30.481848585459296,121.14747700598224,edge.exe,0,none
13.35245942017897,5.605315216178665,22.107645799275772,203.53955040265566,0.1086652087226014,1.5836616934928165,32.0684764789532,15.823666065648935,69.41735070354474,slack.exe,0,none
24.31743626126064,7.92456806131432,43.776568444675036,420.64000954483043,0.3297992549151369,3.2030123722940447,85.91397308628963,25.330497835249744,139.4281394156519,chrome.exe,0,none
23.942599524683825,8.818628690335784,39.693407482216884,646.1371055585056,14.39754703649575,138.0020439732123,71.20608653530057,23.227442574345687,103.55699515036932,chrome.exe,1,memory_leak
19.764028049765905,5.584872583142775,28.18727536776817,307.3945963401377,0.05170978392731816,1.0820203663230639,69.22011181053132,30.8988161770017,140.00602873638033,teams.exe,0,none
5.8678128480167535,1.6261218196197318,9.288420874294932,90.74894284918778,0.02006434542619123,0.4073143600294474,30.357080236832246,13.38563750601243,59.48004509056415,svchost.exe,0,none
21.527870433483578,6.44192357586142,35.491355652115956,417.0238852036553,-0.2890041216370719,2.9937444592216536,67.87367862726452,26.915365370899487,124.46906054504083,chrome.exe,0,none
12.706174484768301,4.952752853359059,25.962154329271055,201.10358059533684,0.14675709930896044,1.4437789450671756,33.600067677967395,14.66718930284062,65.95314337824985,slack.exe,0,none
6.94892339424963,2.4244419361710823,12.095450864121743,119.91858535242821,-0.017364198703653244,0.7552896981194926,28.76088993385535,13.413218094230132,51.42843542359361,explorer.exe,0,none
16.263535473660067,5.058857483537568,24.708111061587942,239.95481659246215,0.07712619894133657,1.548059568913547,46.13560009659721,18.439693482832084,97.96787298429584,code.exe,0,none
5.959373580043736,2.169395501249485,9.803983201007725,91.96371857929014,0.10860300000111257,1.1057815897399514,26.847014461675883,12.53700017327993,58.06326846942874,svchost.exe,0,none
14.658167253767905,4.799643140541599,30.18542955498604,200.99773289684617,0.06415422947479972,0.9004019401880307,31.223732080233162,14.189882845838579,62.72779111910499,slack.exe,0,none
21.438486274564816,14.932780769974757,70.62790620887327,239.7082281102535,-0.0247320976979078,0.8140001773879207,41.6208000748542,21.646849362817466,87.17163355776594,code.exe,1,cpu_spike
22.041420860268875,6.53457147282774,37.708408719173,417.7998243552891,-0.0996197169941297,1.893211433925045,63.59045226249137,30.48260116093851,136.03536916997163,chrome.exe,0,none
22.91351512382922,7.019737204785661,38.38847220567289,417.91768295038196,-0.05160167709688987,2.899692120482303,66.23787981139907,29.077552371295912,137.00078141412166,chrome.exe,0,none
7.4472825943338465,2.6237834668475695,12.882787464165446,119.38268336269833,-0.11631217623862161,1.2601769018353712,34.42913234590984,14.814395575245365,66.70463210298811,explorer.exe,0,none
17.310941403291103,4.317175074514455,24.13911955901083,359.7166690123623,9.142871975018352,67.65829466157408,43.766858497476285,17.197377432109125,74.21737774191236,code.exe,1,memory_leak
13.981423098549316,4.77539985477516,21.424236715578804,261.1439899285638,-0.022982414512074455,1.1405845684710252,46.21146469952772,24.8134096638305,111.41143875891197,outlook.exe,0,none
19.246056062796562,6.01688836729551,30.10278473139877,178.9352080916556,0.05246732481514774,0.9307807685249337,38.005010403764125,17.463686543791546,78.9145644059748,python.exe,0,none
18.015585552992192,6.857312014373619,34.916305293425395,350.3670871366221,-0.006542819534767356,1.6512010229144607,53.70719205043545,27.972872134484824,108.96446577201965,edge.exe,0,none
16.10390281924546,5.731080261490097,29.51791496511786,178.54576778359746,-0.04857675083225388,1.3187483490602117,42.634468786682156,15.69082309443866,72.93322555626673,python.exe,0,none
7.693987875470701,3.3478244707858584,15.803308106461653,365.90379424296765,16.58144780401249,146.73691435294393,25.106225929127067,11.876373467888818,49.09277581364762,explorer.exe,1,memory_leak
7.746913935083987,2.962008821298114,13.748066556839671,121.95093569944211,0.06724649830498303,0.6948569747259984,32.3617315056031,12.751583328959883,56.95830967440884,explorer.exe,0,none
21.651902803651343,6.639475094515259,32.477556044125066,566.4718515043415,17.103774245795403,151.79354482521885,61.27212082431164,28.205084223128182,113.59464216306372,teams.exe,1,memory_leak
12.669800696109954,4.642392407663282,21.024341074946566,200.42370404647355,-0.05307660658363981,0.9472175991493142,33.44221019766687,15.778179086042451,73.06492442607752,slack.exe,0,none
5.77155156092586,1.9822020023404985,10.30904286313016,89.94030896214228,-0.04427982311281606,0.8504691613847606,24.714548191616185,9.940574089318904,46.13174161455704,svchost.exe,0,none
22.663297115829106,8.112457239071702,38.74860344051662,421.2866424372204,-0.06894742336371375,1.4454962593219163,68.65802289632138,33.10163257212662,134.52357254791622,chrome.exe,0,none
20.581684101064397,6.362961096151795,36.55739042496162,486.84814077759773,9.405084266047187,80.6264030773291,68.16008534516202,27.209890510540507,122.27615922587607,edge.exe,1,memory_leak
14.563371882982242,5.940881550674914,27.890666605555975,261.4296307390974,0.17384587515189764,1.8731127153024107,44.76311201100558,15.99846966487573,81.1232159244922,outlook.exe,0,none
6.07208754887828,2.2661252384763166,10.304241271289442,91.57570223276049,0.06032466609035651,1.163157116859473,23.71296290253711,11.872418759266369,48.59423505960362,svchost.exe,0,none
6.2585311753605275,1.5256072340510718,9.885631810453484,89.99772390042713,0.0028055388204611138,0.46246879604741487,21.845663002608184,10.062800150589418,41.91955956622467,svchost.exe,0,none
12.92827429257501,4.86147928524318,22.129245882667163,198.49783562895058,-0.10300511279043292,1.1065724817203315,37.47958513603387,10.07843330502265,53.149991724811066,slack.exe,0,none
19.387080928517417,7.200629982890794,32.70792862410117,422.82615652606376,0.04155688982370407,1.6017856726437663,70.81792400771627,36.53492353995825,148.9239985820498,chrome.exe,0,none
5.5782739165198425,1.513812434385889,8.24821450176135,90.82848163281156,0.01088742902208395,0.5302151384068122,24.687314762840902,12.725249832522133,55.197585951388916,svchost.exe,0,none
20.35497773965831,6.372738025558478,34.08138560458937,353.0959998695253,0.11711341503872745,1.8557077096034704,70.8877949419707,27.198903451167684,134.85095635942957,edge.exe,0,none
16.87402757551318,23.580112937175265,72.71247422077703,90.21220659788587,0.024310156591125082,0.5436006669436944,24.929196800201073,12.113770888645483,51.2509818152658,svchost.exe,1,cpu_spike
16.661800590030776,5.4404314690803846,28.05082031169693,238.9139267416385,-0.13937125846083045,1.1226297840043777,45.44009447767537,18.749365634237044,74.06948303172197,code.exe,0,none
20.91627610394853,9.33255931064583,40.36333298231939,313.1751535968587,0.2387847489712461,2.6199689788603577,64.94779213730372,27.37226802668476,125.09805891656232,teams.exe,0,none
12.842671964533592,4.159446659867335,18.834095491172434,263.5670913915915,0.229303703874704,1.845021436524875,57.17972069508554,20.351137984184568,122.01218156891525,outlook.exe,0,none
13.312032943839617,18.737977721435648,88.9055369178634,120.46015110453662,0.011524226387806398,0.7036725936953102,28.80051122992928,12.053853796266704,57.413215339151336,explorer.exe,1,cpu_spike
13.257089522429617,3.142756450662806,22.230752239122346,198.17829305390123,-0.1244307889371053,1.3041802922462142,32.97239912046666,15.781667808260526,66.21484630590746,slack.exe,0,none
13.36890560584154,4.592613038672785,26.22666986848473,197.29219226182843,-0.0177144443220025,0.8622469944267631,32.59951246271034,15.464236390960545,57.85686683920089,slack.exe,0,none
6.236441935408374,2.29001390835394,10.335254124300974,88.93985273546933,-0.04455642685499726,0.41560355403721,26.582023634672186,9.71126231587251,48.09659678562311,svchost.exe,0,none
14.713103625490131,4.66058724215819,25.432459609581034,257.3881393445714,-0.1261286681134493,1.4778692198719248,47.24670640285171,24.372564996008933,98.58131414273387,outlook.exe,0,none
23.888286285302463,8.09898467773548,39.184371397345814,417.3767466389442,-0.22571420985910132,2.9038395653838727,103.38797619997945,67.07295786870068,251.608815425104,chrome.exe,1,disk_spike
8.016515225648915,2.6508007148523274,13.014936788579924,121.46468952243815,0.04883467067101653,0.7987070818530125,30.29143324246763,13.974978544776855,67.54537492436344,explorer.exe,0,none
12.355358042608442,4.375259986836245,19.729552630289096,201.85559543002506,0.11858491138157395,1.2111616971502275,32.93548565367668,13.652645319899248,61.9420500538311,slack.exe,0,none
14.537575920503592,3.845039017945341,22.667267124982317,263.8301545079814,0.1920827391973603,2.093693666685559,47.71328435947101,24.360992232538173,115.4388045965068,outlook.exe,0,none
14.325866433924952,4.234920126173321,22.839470921829832,264.13035331533723,0.18915092670511627,1.5117341523816383,49.412434487664285,30.03820437331652,128.43479224041891,outlook.exe,0,none
16.899684572415985,5.591305495876714,27.544645492924666,237.82121304588608,-0.16434163241587876,1.022840101987977,49.5489883618344,21.267415108982348,104.25493492637459,code.exe,0,none
8.208002268938007,2.141974988118302,13.021928370387304,119.86149564613602,0.026442065464900584,0.6483529821690754,31.3520741560989,14.81716351449279,65.50890200905297,explorer.exe,0,none
17.33550871003006,7.022473373545882,27.50397744312653,180.83153174316806,0.009884146260735823,0.8633546219091386,38.613170455042486,18.863160834384797,81.851737438371,python.exe,0,none
16.01469576108546,6.5881634878983535,31.843227009515743,183.9524153209124,0.20077184232345832,2.1784303779314333,36.03356317084397,16.548728462167478,62.80921158901773,python.exe,0,none
17.11898255031482,6.278936762630851,28.049255837199112,241.92006345889658,0.03576445566511476,0.8296853640381708,43.44220410038879,22.28269070403246,92.36907439312859,code.exe,0,none
12.679713571532506,5.014495158005055,22.39586037253889,199.75217733061353,-0.02427574021503839,0.5393069451584525,31.278374708129117,16.079714621366193,61.3722989977259,slack.exe,0,none
20.94988883229714,6.957530897995587,37.11261932591684,350.0641864739283,0.009674943337021584,2.3324774100759504,64.92494923896581,34.24530322835782,132.27251032672754,edge.exe,0,none
17.695582722919635,5.183065127932889,29.14373520281411,181.11047190213378,0.020621684115622922,0.7837722964562226,43.08565113869849,18.95807023716568,80.63078916471818,python.exe,0,none
18.921590064951996,5.204022879273163,30.24085740986809,351.7562420840053,0.02553395533452658,1.6980927447267447,68.7717750248355,24.861552014150003,133.40889563374972,edge.exe,0,none
18.794281552457175,7.6888322217790135,34.969348332101745,414.64823566241313,-0.3458923908224942,2.318834436387186,69.9460652500345,28.622268198796668,129.25948887318935,chrome.exe,0,none
14.965789014969662,4.377080443297722,21.099260831401452,312.4421820182138,3.014449802241683,36.547075502825166,58.52181705727296,26.615883339863764,131.47651374019733,outlook.exe,1,memory_leak
7.396326152600907,2.3312571717968384,12.103278379543259,119.48243824239435,-0.03157694107606327,1.1264356595003155,27.533744610856086,11.832743191102333,58.64385490245634,explorer.exe,0,none
18.848530939929237,9.731553592837917,46.57976777285568,242.63661869760443,0.03403066040216061,1.26421780923359,45.04991261286855,16.53806848808679,83.12661064109861,code.exe,0,none
15.589834195354102,3.633295766241978,22.5771726891336,261.41142013446114,0.08379389023956302,1.8544877254068477,54.47026705333896,25.31568834333644,97.12665030672426,outlook.exe,0,none
20.927259285155433,7.112997910992889,33.60975303440451,417.8124149166855,0.030054741881677196,1.8740755909022286,72.46633990051863,29.16759112484275,116.99756460874806,chrome.exe,0,none
5.999441076742652,2.0793951090404548,9.540266597184218,89.36233546037349,-0.011560652396834807,0.5094769958221823,26.387940266472818,11.502489778936152,48.382736508138436,svchost.exe,0,none
18.00094784752626,5.508540041038075,27.815169863951667,348.1230423072259,-0.04235492646031389,2.0983953224991985,66.709688256878,26.067353318753362,113.14637051193577,edge.exe,0,none
17.576951813297264,7.056486871324985,35.824827480040305,349.0789603266273,-0.11229512275083949,1.1773915668165897,69.24649837527458,22.9652938040277,105.92562162462377,edge.exe,0,none
22.50284793412883,9.250272852132325,50.287494482483915,352.6497262402753,0.20112876825814208,2.5263183415557244,66.85375720350189,23.848679052009096,128.612073448138,edge.exe,0,none
12.92735827980424,3.8840582323218937,19.315331752163747,197.77730875248307,-0.08754544420023175,1.1456010479469454,42.34445581673913,11.168893202226204,70.66863583723489,slack.exe,0,none
23.290098943485464,5.87297252467869,33.48875298733604,420.02952376064053,-0.07803127910209469,1.78153023941164,68.04988094911087,29.303427251533666,126.3497056459334,chrome.exe,0,none
12.81895791507375,4.655885359461151,22.35155043293474,198.73936102023825,0.027024317759606713,0.8641122069684771,34.92299143793569,19.480436759425412,88.08966169245471,slack.exe,0,none
6.294049819120338,2.027146702681822,10.364684269957383,88.2641832001214,-0.14680900251917184,1.526980810493889,20.453373493378894,9.90331757843092,39.688170240202034,svchost.exe,0,none
11.892647219048557,5.6174885464673014,25.145765515463157,203.55595946477337,0.2931241317503265,2.65662589992528,34.2608587769139,15.385003810123473,56.747237303934014,slack.exe,0,none
8.127361089641557,10.373108896488988,49.129854496065896,89.14117586942663,-0.00031515901164643384,0.34576390625178444,25.039059443184687,11.656433172027407,48.50834367352881,svchost.exe,1,cpu_spike
16.987474334446823,5.778097150681493,32.33351922042101,238.38513092757736,-0.047441728338668554,1.0905693578414732,45.546153677043776,17.918089250957657,79.4822779277605,code.exe,0,none
8.517065766858568,2.41441037707981,13.458189444816142,120.38816294142208,0.0478823654399856,1.0035629891614324,29.54456225194026,11.398413174408603,52.033113703145006,explorer.exe,0,none
12.919167552257301,4.906735703479779,21.640792894445497,264.7233482215927,0.25144505922650257,2.62579360665789,47.6210316254578,26.56445600523533,98.0356182062369,outlook.exe,0,none
17.225758414087856,5.378843703456406,28.762388488140797,239.9794339546296,-0.002109846093597412,0.8203007679003819,48.007643919233665,17.140959163770347,79.4388656844741,code.exe,0,none
18.440784346305573,5.567737626229773,33.0065346827124,183.00497872829342,0.06896777652815254,1.43896510926943,58.42548347235648,75.79732986835708,350.2734068843979,python.exe,1,disk_spike
16.787523040462577,4.0157404212367735,25.919334287507034,240.04143233164248,-0.011198184368884275,0.789761247722317,43.478329407471975,19.444329988640668,83.06699763364969,code.exe,0,none
5.447447646834283,2.189831664508632,9.963173172588032,91.01164774234638,0.08231423312633553,0.9554328766752199,23.621420540094633,9.856346301124455,46.069974808605295,svchost.exe,0,none
18.620501863932592,6.87032676170614,30.638151849083222,357.05322437254796,0.384638251264344,4.007268272472118,67.58553640905751,25.515970725869472,124.56711931982045,edge.exe,0,none
6.154211986512544,1.96380502868263,10.702198511198445,90.85712640279336,0.025047127300729242,0.35686903836057365,25.05548842664064,10.31628459486565,51.64854513923766,svchost.exe,0,none
14.34045627848504,5.595078938046448,27.984836584672532,258.72837119489776,0.07180736737114443,1.478608260932662,50.83750814870504,22.592595028210006,95.69048993381105,outlook.exe,0,none
16.92732987392754,5.221529785241379,26.226302095681618,237.09326487671785,-0.16108679357594818,1.9838367857899615,46.595911603960054,19.720819082243192,84.86022985115173,code.exe,0,none
5.803516899922576,1.7856585308401143,10.178846716830886,90.34239470777314,0.03315509994887786,0.45122123148077664,23.797363813279947,11.423863364100649,49.14394814163699,svchost.exe,0,none
17.650319772500897,6.213261604753935,29.51915712763281,346.8220919099465,-0.241665351537002,1.8391158919861266,73.97201968013786,30.967717054914505,143.81346945882885,edge.exe,0,none
14.934501372564672,5.499671772695817,26.75852602050335,264.535872496962,0.305738230490374,1.9492486770988124,64.02796683300443,21.875361873231892,115.84440045289088,outlook.exe,0,none
13.99881502131303,4.973604931305949,28.433382256571004,259.7659022419447,0.05613700070569507,1.6836373907428346,56.89057816267022,26.81991420864771,97.78282239374417,outlook.exe,0,none
16.25221752591408,9.10884884429435,34.246234394069106,352.7101628540829,0.09954213503486926,1.6441934811922907,64.58853417782211,25.879635436539512,120.014743179286,edge.exe,0,none
14.450202629758673,5.116199288242008,24.885273778072104,261.00035956404764,0.005783803779174453,1.3514666330992253,43.16873606694555,23.286349812011903,92.0381282429592,outlook.exe,0,none
13.44333844988858,4.321546410606429,20.92054795897953,197.49423656636387,-0.14850192422259548,1.7362308685560695,37.980351752657526,13.459790553903233,70.23230585594271,slack.exe,0,none
17.028680941517568,5.107508956537876,29.605931423227155,238.64684519750216,0.05155257004359252,1.6717775722059205,47.78157329401192,21.747929048666848,95.26518547767813,code.exe,0,none
6.426608817846664,2.2102247683453555,10.817578715827775,386.9261698289925,19.83010100650228,178.9978745208994,26.589092049608205,9.60527702641594,49.82176042542703,svchost.exe,1,memory_leak
16.41213170797638,7.328052569866957,34.56842313208486,179.0897243274296,-0.1998407713040649,2.16160798826143,38.388543174203924,15.768556819282336,75.49631442440095,python.exe,0,none
17.247929385767964,6.490574279348429,30.635109940775376,351.6616878706021,0.12566872526881714,1.792882825801268,59.67592677088841,29.058217021153492,113.93267655580485,edge.exe,0,none
17.290187124707664,6.545254136832531,28.094275602427594,347.1564926254358,0.0005799412160304958,2.1685880434670315,65.32191700416863,29.33134937313832,136.92635275352063,edge.exe,0,none
18.55972962587755,6.7236688832215075,32.073227578358534,309.2632008854729,0.0025149109071776364,0.9882069376788913,59.234512785719204,26.501428925661145,112.10609108133968,teams.exe,0,none
20.020227283177842,7.796806466834892,34.46466099275833,424.735225100902,0.32903681878997115,5.135775784170786,70.1794698634263,30.478307331039407,141.36771289635658,chrome.exe,0,none
20.826824516131065,7.669013561019052,35.11922992087132,423.8419508621465,0.4005324909889737,3.8179861825873127,71.17313537575485,29.34814880201084,150.66988501174674,chrome.exe,0,none
16.689265232186457,6.408154276436927,28.584421387372565,179.81922882926497,0.09069445978667545,0.9431928070970723,40.38066695086945,17.170343659494733,82.57933643064301,python.exe,0,none
6.096712752633965,1.8328074806122396,9.44980434410559,90.38192670216343,0.08377378607776602,0.7389677354450169,18.685793189163437,9.44961669842546,35.22081214621008,svchost.exe,0,none
20.453837788392857,5.402187092960743,31.10238872467481,309.17607485179514,-0.1184718357539282,1.9884843526562526,64.68481988660132,25.959449674936288,130.91253230424425,teams.exe,0,none
12.33202418085776,4.263368474857654,19.59309139406477,198.49676965552862,-0.07375488944819135,0.6971536745367146,33.593597106064514,13.561795987875692,56.418113978156754,slack.exe,0,none
18.586307497891948,7.387234316545112,36.72517724506749,177.15738573801843,-0.16626692730836604,1.4474744467416465,40.98027050537358,16.646983774357913,79.26810271867103,python.exe,0,none
13.906084073967156,4.452127346354596,27.475549361022154,200.0765967773496,-0.00694455998324391,1.2533845155304821,34.47800177805111,16.176375964793582,67.5984722701905,slack.exe,0,none
21.745958710252104,7.839436929928361,45.546144855136056,419.5973739440891,-0.2566403719223937,2.1919144986483174,70.80926072763978,34.0102648219966,153.01278852595362,chrome.exe,0,none
16.70406479071516,8.52945465723171,41.313692523860446,198.9426851607847,-0.052928526321334365,1.1729672232309367,34.56993355512255,13.662949677061889,66.4932857527358,slack.exe,0,none
20.01827692960702,12.744759481371762,67.83379228406996,238.83407100160014,-0.07890438041516745,1.2484871588784026,47.877418634679785,20.72309955553964,82.74492253760967,code.exe,1,cpu_spike
14.677237789590913,6.621126792969338,29.365071691563216,237.094447063172,-0.20680878511780634,2.826640572806757,41.213495078818035,15.510303224318818,74.11767097517286,code.exe,0,none
17.810053497058846,6.759692207020683,31.780509909624705,346.1094878481742,-0.24743289688649195,2.355402330202974,58.338206124432915,31.210997029502057,140.93899451526062,edge.exe,0,none
21.26596109758396,7.16228941498496,37.82266950962544,418.80556056757104,-0.08127545671102136,2.5751451114867843,77.13886268347648,30.541523339808936,163.33096139050505,chrome.exe,0,none
9.213887114620332,2.1544484321053714,14.514387380682965,120.32490134197955,0.014816657283066092,0.6011094332775511,27.29322440924856,13.104748923129645,49.48390338546901,explorer.exe,0,none
21.13284261367507,8.98943818180721,36.29598946762372,413.04168772750705,-0.19913400245048177,2.5702076422042253,74.78437486565758,26.424778476260688,121.77364447111356,chrome.exe,0,none
22.08779302089585,6.401087287201338,34.77930607500001,315.7775328883574,0.3188644800749633,3.066594600721057,60.90051608192996,22.182369710248434,111.55643915781603,teams.exe,0,none
21.426212596601907,7.2889442099964645,35.40772197128216,310.05961522360184,-0.0185935194229747,1.737972195005119,63.92305666733812,29.722851258038588,125.10358907027148,teams.exe,0,none
13.514661864958645,4.745134502221715,23.195309341526286,257.18690093025396,-0.06696334937100232,0.8413400549415848,56.36920422896771,20.20277476506945,98.42681538613772,outlook.exe,0,none
17.534274399721017,6.033420192154189,28.662972552216146,179.79286826265852,-0.0219825279521037,0.776573203882142,34.3084503381962,19.478425404408956,80.32927201736499,python.exe,0,none
25.01111706038582,19.288075097745924,88.05536355983851,416.9696663852667,-0.2936528008375793,4.05052394619215,61.78414372869464,25.663928215121516,102.81322356931562,chrome.exe,1,cpu_spike
21.20142825908679,7.370708051630996,36.81632367720053,422.0797383655409,0.12316312099733485,1.5688231218653652,70.44538589299937,31.601000596796077,121.53674094580978,chrome.exe,0,none
19.450686440847996,6.440968063008233,31.794104094937293,343.70757524024515,-0.19001434588947555,2.5090214364775183,64.95102214809815,26.410160705921793,157.23693530226151,edge.exe,0,none
7.437323813945416,3.0838081792967884,14.244451596319605,122.62438304344421,0.15480205511005068,1.4873035060148245,127.03233405970833,216.7825366051438,760.9565652021871,explorer.exe,1,disk_spike
19.379108049604653,6.197458460425407,34.26240962343862,351.1507499513504,0.2257306147050599,3.247745539904617,67.94778738292113,30.195360019807207,126.35725637082813,edge.exe,0,none
5.836310884726458,2.2179552205641304,11.789980735044878,92.13616606479076,0.09113988264695981,1.054657579001257,24.150101962422596,12.647498661907184,53.80885444894237,svchost.exe,0,none
6.009959235940633,1.5471445773550818,9.734473904111626,89.59739324787863,-0.06808717839557091,0.7149323969609593,25.452142416516914,12.61681373060652,50.62109254625611,svchost.exe,0,none
8.046117169725616,2.718149353500477,13.628169252379617,119.22718880588288,-0.028630462136980363,0.5744502494342436,52.60158628091439,82.57784125176369,394.72305861972677,explorer.exe,1,disk_spike
8.507190112209196,3.3566216128523867,14.430725527481385,120.13013557422445,0.022784261565485055,0.3273201820538307,27.5040363792631,12.810357247227525,50.35892137139852,explorer.exe,0,none
13.286070196964399,3.6814853210941685,19.5730570874768,258.872251646315,-0.12054580324034987,2.588838469382482,51.29183604625602,24.235416701921018,116.67222392750315,outlook.exe,0,none
14.026131212070718,5.263029130367557,26.401443756669956,259.1039245967385,0.047562636754543065,1.2372068800523408,55.728193423801876,30.59871519587215,103.03865933368043,outlook.exe,0,none
21.94900589871331,8.196930241376082,42.70411034810982,426.02978351785845,0.5668361977274742,4.3795753793090615,69.15107897396733,30.83332845694845,151.50176989579404,chrome.exe,0,none
19.683770317862578,28.58046001190119,90.68847824927064,120.49180502481276,-0.01130618855863806,0.45654719910435343,33.171110771611936,15.965224631770814,57.64861250473532,explorer.exe,1,cpu_spike
18.35456374363843,7.327875038258698,31.801401639918367,176.60261601548518,-0.1386740146810041,1.3138825451396252,41.32422932449008,20.328311480867715,78.54434743216386,python.exe,0,none
21.863604108629396,7.864181853348875,42.11884828666719,420.97540508597575,0.19847285136004114,2.4918115884141234,72.60148497148008,30.038131841835785,135.79324521183062,chrome.exe,0,none
7.739381467445508,2.1976177942800317,13.049960411853103,119.65111303161633,-0.012388321866841542,0.4999941940893883,29.829126627213814,14.024562722225468,56.097913726263826,explorer.exe,0,none
20.51012355933227,7.732617001205996,35.964904139710484,309.935625695042,-0.03100779894340538,1.5534038239439651,63.04127494013497,26.686499351536874,110.5839445706867,teams.exe,0,none
17.098353044581373,6.492046006945966,32.37541291623215,324.8056565404152,5.845025132076199,52.127747244034694,48.313874061465555,18.88346744319936,81.95918543296209,code.exe,1,memory_leak
16.814992912965824,5.146609532395668,26.42347295636747,242.5136206139591,0.05298901432013849,1.0238908857890947,71.69346989168172,68.12193994404275,270.970599171082,code.exe,1,disk_spike
8.067813556383502,2.5145888788386284,13.509991768105012,119.6792829539109,0.028141001854295668,0.5902689215897251,30.209605728709946,14.022242614173269,51.49891579840394,explorer.exe,0,none
13.657950125502788,4.920894635595777,24.100981279431927,501.9007032156753,20.378743058861474,179.8700001332534,31.033894703507013,12.780329633868233,50.50120261184997,slack.exe,1,memory_leak
19.40602717456891,7.161999297465665,37.87230387625075,182.00465458337786,0.15080733863604034,1.7002810947923537,39.90423731765715,15.376357031000921,65.90138214773572,python.exe,0,none
19.15731456236471,6.304550548365832,33.749095112182204,307.67264279821836,-0.11655193305621575,1.403305611596554,64.99509684646445,27.0094749003844,124.85740440994095,teams.exe,0,none
12.084659782932446,4.212591161857351,19.51084210478048,261.9255710850326,0.07190194338599933,1.7890087351696293,56.16703992123648,20.311501660277063,111.32192991599177,outlook.exe,0,none
21.341996756124715,8.896288700007522,43.90940409288408,499.58475585555533,12.51862322875153,115.56656193036844,44.031204851423134,21.67943951009027,97.69933793225208,teams.exe,1,memory_leak
18.76772691571725,6.331538014807193,35.15165922533991,419.3642679616613,-0.25893821591935384,3.2688012542099893,73.06675009330093,25.643514158142676,129.73632823684403,chrome.exe,0,none
19.905209852634886,6.565501506357786,32.10069147078245,349.3724803136783,0.06625900076274434,1.189544024628238,73.45949288159127,22.704632503127986,120.5425092969744,edge.exe,0,none
16.913024016537957,5.8906265335207575,29.796108131974016,320.9893234904945,5.693685371831145,50.34806887772798,46.36729234032953,19.694948912577185,84.64624895790503,code.exe,1,memory_leak
8.024869794304527,2.3040834633476868,12.970898391856526,118.7415239479045,-0.08265984050536587,0.6706665109353075,28.13695163476535,11.018555604508611,50.511982031591074,explorer.exe,0,none
18.967337262120616,6.829441643532293,33.456838348952616,350.0674728710323,0.06776219088502368,2.2390968641413203,69.20595849872315,26.71579642823005,137.48441989971514,edge.exe,0,none
22.633283610627572,10.776815624153313,52.2968661966878,311.70477570060234,0.10361402805061744,1.1534798576692828,59.336970458407514,30.31517730043496,136.1553351079039,teams.exe,0,none
29.370787181293696,27.501456065583543,97.59396313735647,341.1500345737401,-0.4246300531688216,5.040335539560001,70.11053882017488,27.482606396611125,119.87554389511459,edge.exe,1,cpu_spike
22.316180847829358,8.630758848133487,42.19254341722173,415.1882524353251,-0.2499511474068754,4.015519634634926,66.11630634707605,30.594564739947064,116.98647104769495,chrome.exe,0,none
16.651166405587777,7.2289798790044895,30.834962036707495,181.27350568850645,0.10342580135125748,1.165433551030359,41.5646718768938,13.701748902949387,70.28512263526571,python.exe,0,none
5.86307407351511,2.14955453659175,10.455096557918463,89.76993517589949,-0.010364081978310935,0.5687821912953279,23.97090515240286,10.874346009471655,39.42438867189653,svchost.exe,0,none
6.1914045374036535,1.5499240228276794,9.060041398694048,89.81264885698106,0.004408072234814142,0.4782800562914893,25.615957836625412,11.39269920365792,48.05973122089287,svchost.exe,0,none
12.814558998699878,4.555994547890451,20.942639237887626,261.71541841362455,-0.038275217792492336,1.8114139590023353,50.75567247950452,22.29885279639719,91.93936119482552,outlook.exe,0,none
12.635699652373955,5.175554533548575,22.280713336202453,200.43581422886416,-0.03460014768870489,0.9309298272411098,33.955095017103666,13.771584777859077,63.804063081347635,slack.exe,0,none
17.817588420585334,5.8321875340466915,31.826761030582574,186.62848209017665,0.30712712722033,2.665585156915849,33.442176753417264,14.915935706114952,60.90747028355764,python.exe,0,none
6.6688688873594755,2.116292382225467,10.113421837334002,88.17140707635038,-0.06335420413520818,0.6027257692112091,24.177132889692896,9.659340194476542,39.50460833141689,svchost.exe,0,none
20.17267228823347,5.22392210245232,35.947705324265115,305.0525896294161,-0.2089227355945487,2.6124081806973742,73.13132472824284,27.920186217495235,146.98190220003957,teams.exe,0,none
13.898236398514554,4.842656905194811,26.327832018380736,203.09900780571868,0.07356196724488105,2.306618518487588,38.01847865764963,17.055139038248193,73.43089246506307,slack.exe,0,none
13.097904678280278,4.747072874920179,23.638091094135582,200.7667121303223,0.06429974137361683,0.9478466728164266,35.06465296361274,16.764006693637995,78.2879164179693,slack.exe,0,none
14.107927542550515,5.896056727053926,29.894102718327517,257.6491771927399,-0.09604070889749891,1.3127463839131623,47.09013690453764,23.078632329490123,93.09560364803025,outlook.exe,0,none
8.351277761810262,3.391265791662707,16.123745694337067,122.08033276800738,0.0916003584008981,1.0741943462348171,31.736432777900138,11.88940180361439,60.65863567305041,explorer.exe,0,none
14.546204110465158,4.936786723864719,23.997957404237255,240.73639975054778,-0.01980209338643988,1.103496325583833,42.98011663005586,18.8497163331622,75.99358015731569,code.exe,0,none
17.998426338123128,6.361744290879996,32.57217870764782,351.4807284522646,-0.12693991605384553,1.410796269806765,62.32202073472807,26.23555040131758,117.1586311317609,edge.exe,0,none
11.970404918728153,4.1885744093685,20.347501819852933,198.3949528446301,-0.06749045317903514,0.933212509753845,36.93983042792763,14.359378728184927,80.06834459441012,slack.exe,0,none
16.33471527556323,5.6581196972811485,25.951092742863917,260.3827403030888,0.008874293347260694,0.9413296881512259,63.499314580023814,22.36389475799099,109.14730223944477,outlook.exe,0,none
16.982344960365786,9.643040236363975,46.1113076361339,260.5018440850472,0.12020512496095913,1.2196294023430967,47.12463083423451,16.659583573279626,84.43614198999825,outlook.exe,0,none
17.62798629840787,6.54504429249714,30.71218088712434,180.21358465375627,0.007611863522017378,0.6866015700389781,38.476102051199945,16.026538298118123,78.22797432929815,python.exe,0,none
21.2444881385285,8.496293493330919,40.60161299710249,422.2178405491206,0.14306596065530547,3.0092761815237092,74.51884304572533,23.302576911295823,119.97273259133077,chrome.exe,0,none
15.165779599532222,4.637653633148321,29.012452402289092,259.9600943870557,-0.04103215071341045,1.0237638749732532,57.96502012319979,22.724241056442413,105.28476504437833,outlook.exe,0,none
17.25961878595142,7.575468902193018,39.13053413624798,235.96802001790803,-0.2206035843702968,1.5992267758185486,52.748439618238486,21.35576538416136,92.57472550378976,code.exe,0,none
12.605502812589974,4.679553452588628,21.999294747856695,258.52723873690155,0.041834732165383075,1.8027492875130446,54.44725754818249,24.964972424231803,114.68129719452878,outlook.exe,0,none
19.49965294103929,6.316955092216898,37.598727130580926,349.2290822418574,-0.021386366621546433,1.4845177649697694,56.51244058189347,30.12853518548762,143.20252567974632,edge.exe,0,none
13.041507433361131,4.483161211973405,24.385859643795317,198.71407614333515,-0.06580186226563853,1.2605961772008265,34.87060888875381,17.186843532810645,77.5546770812335,slack.exe,0,none
17.9217041056897,6.4690951709184565,33.68039631847399,354.4881807258786,0.23671147112637528,2.2449682798851684,56.33826741498411,29.799130203453373,123.03372327163171,edge.exe,0,none
21.53330794946406,7.159177896114943,34.70231832231545,382.2401102220663,2.0282925285933495,28.365449429252326,65.03119550909847,24.29373122945435,115.28281674572548,edge.exe,1,memory_leak
17.6733788693121,4.68277894729241,26.2199155308142,243.17504734414106,0.15880455403760246,2.3548230244651127,43.03294325520825,16.72159764789089,82.58521259666324,code.exe,0,none
5.878461658268995,2.3012906333005962,9.735343386426862,88.75551467697566,-0.047460796595840786,0.5562370035144104,26.445772628102603,8.48390899844027,47.98103612948877,svchost.exe,0,none
15.998188082435947,5.787062434696454,28.342014402717922,238.37332883509706,-0.10811794634716326,2.009206614890189,53.546161162124804,20.719867658312275,97.8369054527672,code.exe,0,none
21.71987815317367,5.223644786941197,32.997858068033324,347.9035883871901,-0.1817795688787252,2.1860172057900438,63.43021131385601,26.514368333954728,123.13542850108699,edge.exe,0,none
7.50588597931376,2.624535592705194,12.130597659442891,121.52012885210905,0.11381511759759964,0.9475638899904573,27.137592396805918,12.640348152674273,60.19797256504134,explorer.exe,0,none
5.506236250258338,1.970482360709078,10.055596425003955,88.40349895300682,-0.05912548376250489,0.5131314430887914,23.683993034967777,11.67784003069917,51.811970132921516,svchost.exe,0,none
8.377767201195237,2.6314183758951324,13.219097540923592,117.28443187553604,-0.0701575152916367,1.1620474336224147,31.61541476782499,15.355032147000534,62.504866561147466,explorer.exe,0,none
16.665703722466954,6.766695519894987,29.117013888815336,180.32722193346132,0.062204166175328625,0.8316386764074946,43.34781202616369,16.42590512248246,81.04196837481769,python.exe,0,none
17.952886863969262,6.522256477181104,26.71763169073193,350.17431265341776,0.14809322855364068,2.882991361355561,67.11955721382543,26.813636564210316,136.97772344575299,edge.exe,0,none
20.25915425609447,6.638402104329449,34.847310482755546,342.77977603345613,-0.3346275460205978,3.443991867676456,113.37170178315294,193.21664220584785,1007.1970241378245,edge.exe,1,disk_spike
7.685354363842679,3.4251628731266375,18.5955592818637,119.13086950574663,-0.06912571098503548,0.8746614480674475,27.94816407695665,14.393018022052216,54.394192323100995,explorer.exe,0,none
15.766989798650346,4.8951397232335845,27.941825640013572,296.2745635519603,2.2363876035845087,24.594642908811533,56.774251773200156,24.461187525269583,111.9363875374498,outlook.exe,1,memory_leak
14.651103554704006,4.583038021354975,22.971303207891005,255.98642927021132,-0.013918468559796792,0.9912317757034304,56.78750790815349,24.512866815130323,104.48469079623945,outlook.exe,0,none
14.640692186189929,4.126852784457504,25.175647023092985,257.5542851920008,-0.11515920222001151,0.9063213060927545,53.497584996719816,21.9624345075177,93.91710172928795,outlook.exe,0,none
5.965809194366529,1.9469417605772066,10.7162766248833,90.31005360664906,0.03574595049015698,0.4143311744962866,23.940840297694695,11.061977048137635,55.567902769399865,svchost.exe,0,none
14.159437279592005,4.2716301003850425,23.1796558584724,196.83716244990748,-0.12825784686053604,1.4305805949233072,38.94493147055202,16.40813593405818,81.97417945914873,slack.exe,0,none
14.726593632037629,3.8230625243315854,22.371774299965487,199.7361926452533,0.07712987315137715,0.8014558844489359,34.43272799378337,19.859058427145218,77.49339373130664,slack.exe,0,none
17.803413396067143,5.539318516248158,27.46654239614293,178.58107840620548,-0.20222423388873287,1.848302417247195,43.281182712547306,13.234608987515275,69.33231961527008,python.exe,0,none
6.191677109966533,2.4973940930858856,11.501118441695382,89.8837213893325,0.0033063508276882205,0.32438547193646794,28.612101137042746,11.492390473538306,46.47907627017504,svchost.exe,0,none
20.911344890435927,13.616820483303549,64.79382890998144,349.0829706448674,-0.023522231704362184,1.0689873469226558,61.38748139399987,32.46282417909345,135.5519188573884,edge.exe,1,cpu_spike
20.47139506281126,7.607184480941162,39.3225370945038,414.91784383641334,-0.37608891640739067,3.5689434761411505,59.89354772401558,31.36584844412445,119.61169245462284,chrome.exe,0,none
7.669587094163889,2.5399854536782724,12.548003159024827,118.6839120414284,-0.0515170368798735,0.5725778371142215,29.5344235652643,13.49079948670252,56.33915966421529,explorer.exe,0,none
16.20663503299358,4.508576794096477,26.625473543307592,240.2538924865647,0.13029511680428055,1.311822226589169,48.31703034305474,14.704625616712981,85.54194703894049,code.exe,0,none
6.104191795658042,1.9773486316312903,9.730484090092565,90.37237579872443,-0.02325667767909086,0.6400015163372219,24.99114470862647,11.339577946787823,46.69268619798777,svchost.exe,0,none
19.396631418126493,5.745023979554684,32.68890839355224,352.2579256452866,-0.008877733271824203,1.372420009711994,67.75266561289057,27.09214393689,113.53665933845778,edge.exe,0,none
16.369103425568095,5.752175097729461,29.553004851361713,239.01058824174973,0.052907998771270094,1.2458894696106368,102.3314895876974,169.07705923237177,611.1675205178374,code.exe,1,disk_spike
7.902783146006677,2.948224034164803,12.667874279614697,120.5360085750185,0.05063637128146089,0.6461078180015688,27.466508423026994,11.40552572218523,54.768899156535255,explorer.exe,0,none
18.313577380459005,6.14436325230415,31.783940080277073,179.10407487737842,-0.0695317199199413,1.036451078025686,42.5325197794405,16.735929625655295,81.04749361461754,python.exe,0,none
13.59684140910581,5.45111979132524,26.738128356643223,259.716638836804,-0.03759473660878901,1.2816643992038717,55.46150281272616,20.127417106019244,95.1648584247259,outlook.exe,0,none
19.693110818628053,6.7467831102596625,34.24375390673687,356.09141422510567,0.07547091112088537,1.6730378994419484,67.75612639143955,25.331239622588424,129.23328112409678,edge.exe,0,none
13.727599751093367,4.5011471313403515,24.99470968152113,261.10733550093306,-0.03405116019510501,0.8881094463986382,43.97521587310287,27.397736205666703,107.7071845585082,outlook.exe,0,none
18.841722499970995,6.129700622489486,31.476825990201544,181.39294672500694,0.02109655683748978,1.5308457863968121,46.49694273102943,19.676210828700654,91.4197998621488,python.exe,0,none
17.755270709043984,5.934691744032126,35.672394278381006,237.58982769899026,-0.19719427910462078,1.559271032642198,42.90605565553504,21.585679615777792,81.67116018169095,code.exe,0,none
20.69784879064248,7.692062766720114,42.100371749362985,311.96732671384365,0.0720267247150692,1.633183705339465,59.13467409539664,25.874483930619082,121.70155374168965,teams.exe,0,none
19.44591989137025,6.934674599868253,34.75475199547627,347.2251110153635,0.001196963600282667,1.9360746540932467,66.70714986914804,26.974756563671864,126.02918846366151,edge.exe,0,none
18.294764507634728,7.158128147584434,32.57682243093972,311.72956108230096,0.21489708314331893,1.95798022446362,67.73585190403415,31.437730642419982,128.12279533394656,teams.exe,0,none
18.969643763295647,6.336112307915955,33.939757605459775,352.0478422835856,0.041207203993423036,1.8544976700258315,69.12516570513556,25.597190710935198,109.59917778580213,edge.exe,0,none
18.599826700420117,6.95072167870586,34.40806886495518,180.49077631251768,-0.009694481553420549,0.6654044885938929,40.72523435596122,14.417553665011944,69.78819732931926,python.exe,0,none
19.262986089774532,4.99492523862649,32.845980834030286,178.19591316138855,-0.004894524234882169,0.5187690144472409,38.1254387865179,17.8820123610348,82.43684620334247,python.exe,0,none
22.483228535317927,8.262234338189772,38.33675672184572,425.81864450268023,0.17281854807814626,2.1008869703789954,74.74617295744363,22.363516911086776,117.94757741233904,chrome.exe,0,none
6.156759200438377,2.1628351128977967,11.738532769595526,90.8129197889211,0.029776519505105625,0.43574328396973144,23.532913154853393,11.567093695279839,45.48207254730459,svchost.exe,0,none
8.616381177768067,2.4845058018779755,12.240524649590915,119.33883789660577,-0.03341120220403345,0.35512958218117374,29.121712680337037,12.72477647803392,52.59028154807082,explorer.exe,0,none
14.860680662918462,5.636087250407994,23.457624257228016,238.5562413152428,-0.05563000952737032,0.9939441522767051,48.66679606266298,18.488716387311985,84.72324775694675,code.exe,0,none
22.695853816319033,6.902866256536928,35.54977193922929,415.0093459996559,-0.21514434493015339,2.18777329526152,63.01138606510396,26.736696886699875,124.78159338029491,chrome.exe,0,none
14.680537859400975,5.091607903386739,25.916233355967577,257.58083774140965,-0.13060937427084127,1.3371803048276458,50.77169632479066,24.7099702213446,100.92682035387324,outlook.exe,0,none
13.456465596806801,6.14029086044047,30.120260061035186,262.0267850275503,0.03250826155129971,1.214882446818742,55.524008192207674,20.764665781348892,86.98918003375172,outlook.exe,0,none
13.612480267534183,5.003954759613186,24.627419306866194,199.04617084300017,-0.15881839511716958,1.1917963052676364,34.242481457718945,18.58073225038096,68.00630269041324,slack.exe,0,none
13.214680232466657,4.1322245121224705,23.97468306271691,262.66248200448325,0.28329594689865684,2.380972778188143,57.335574057408444,25.69183313795265,97.85304053231383,outlook.exe,0,none
20.993923413732436,6.947425895450537,37.74319272026608,350.940670000725,0.10448527555848841,1.1114343078525952,65.36456175588899,25.86928182014575,112.1527623957302,edge.exe,0,none
8.296319662101665,3.0917638182172538,14.571522217222046,119.2676420733842,-0.05679350536107772,0.41760203847287414,28.95587052657834,12.516665758957187,50.73939445517306,explorer.exe,0,none
10.588740277690075,6.063743231942446,28.37384860094276,119.54338326784436,-0.026822782138117417,0.7502254654139231,29.72814965191457,14.97918132949116,67.12471076187516,explorer.exe,0,none
13.358941431486,5.952321283771355,29.816556803352693,260.0037586301132,0.0012277313672162413,1.3041481118674643,50.379010480795465,18.454579676809367,86.80046259173045,outlook.exe,0,none
17.643473241432932,7.069442003292411,30.345284861408608,181.7312510744585,0.06365653957521242,0.8226368735819375,36.91620026914141,18.74538724443301,69.47646648472414,python.exe,0,none
23.58048691242835,10.338466545029258,48.16005612953784,417.5169169084092,-0.09370549960471711,1.3607642534478623,72.18010564460322,24.757778980860586,127.08024975263251,chrome.exe,1,cpu_spike
15.842724139760243,5.9039342616251025,25.65257000376376,241.92651348200263,0.08833672419437827,1.80456352198532,45.40781960856056,17.950907484399835,90.10815605546654,code.exe,0,none
14.6943290005109,3.783093359550054,24.009744538312415,260.2206331312005,-0.024253593939175744,1.5390066126773083,48.864116133808054,22.0241718328597,94.33562126354484,outlook.exe,0,none
20.559006818854122,8.168896974322609,37.65214648451002,306.10500948596984,-0.17465717107556883,1.408494764699545,61.98361666402666,23.324493161241488,93.03689757651173,teams.exe,0,none
15.579293741544792,5.230502286465817,28.917507287786837,237.7392050254941,-0.1395296675427962,2.122030390423632,42.98526797941208,16.183972354699023,87.73296644774794,code.exe,0,none
19.951049707893294,7.037617959043769,31.38859021836045,349.579565114368,-0.08731157719031064,1.032200134488525,75.33275632967397,26.0930796410847,118.20133591653499,edge.exe,0,none
12.360780548224568,3.9372679909540897,18.3856782006925,202.3357341800258,-0.011021354025213743,0.7937231521118779,35.307930528149114,16.47549553286212,71.49342110282026,slack.exe,0,none
10.673505147504194,8.966345030669888,39.75957855955022,119.25076481022315,-0.03703293996900451,0.9589741752327534,31.309058809301167,12.954075770733596,55.536885451290445,explorer.exe,0,none
12.855308824276182,4.3436767152654525,22.31390928236118,259.1673459908666,-0.07440265829485118,1.390554873568986,56.638129848991305,24.260780351588643,95.5766426168077,outlook.exe,0,none
20.65572882231772,5.95663410497075,36.46376276353,348.9469573945653,-0.06674689164928699,2.2838325957599137,59.9238571097198,30.827666397231223,117.61520932526749,edge.exe,0,none
22.710962076250144,6.653761815314406,39.53506578821214,417.6869718557343,-0.1506903713708899,1.868446436272293,67.19742455555078,32.091693238303776,135.4850262058982,chrome.exe,0,none
20.841907260099713,5.520882559739529,33.77895134738135,306.8149048154731,0.03520598701072307,2.191924984197116,56.9948567478959,30.180584247381148,100.95416893284701,teams.exe,0,none
16.79808186961933,4.269918355949976,29.277291224569403,240.5736329836135,-0.021204431883157328,0.7067256934085516,45.895466752771306,27.017798974841234,136.2616027109621,code.exe,0,none
23.448858704087876,12.048505737199909,55.27451276669427,307.9386664558971,0.2582006503938468,3.7396409943667757,62.400731548198834,25.58711445242337,134.60296245069497,teams.exe,0,none
5.904004880148375,2.055581678009651,9.904535398555556,89.38328289406483,-0.046089846510156934,0.5760571276174065,25.784528439972295,13.617715918728715,55.87561884735978,svchost.exe,0,none
16.360756469380586,6.5699255266495085,32.46456461166377,183.1126118442634,0.12677316107429515,1.7463779555123775,40.50321747658802,19.054593142128095,84.58803945294315,python.exe,0,none
15.832304212982653,5.7719625599421045,26.52937233289947,241.8275522299156,0.07651989218545907,1.6927089836712284,40.40827737332133,22.24382439577301,89.04957908058532,code.exe,0,none
16.10092815391057,5.591885710271674,25.768131427964796,240.00022916020234,0.09072049213796542,1.7586294582844608,50.820165767877285,22.560993562604374,103.09262764708372,code.exe,0,none
20.348630130003183,5.653749551736206,30.465459052587484,351.28704450812904,0.041114023509635444,1.0706321814723747,67.54060910623622,32.88636411778749,133.00465667155345,edge.exe,0,none
13.173260259420761,5.264102377114907,21.601385760017017,260.94491505842524,-0.008829031931412601,1.2496333064160907,61.04373703789479,26.10925852503676,131.69626890452722,outlook.exe,0,none
13.08420451594513,4.560320739508244,23.347176247183057,198.6044762681191,-0.14505116340984234,1.300256470883965,35.55377774321316,13.544232306492617,61.34198586009821,slack.exe,0,none
18.57261449481947,7.974097313540771,42.0905612954909,307.06471195650306,0.030619027644678453,1.2523653464908318,61.66117512060326,26.135434841065138,108.69903049416935,teams.exe,0,none
16.192406696121704,4.764522503595679,31.56438726247815,242.68568001834424,0.11304467948696792,1.2078604734189538,207.3878832780458,329.46590677419636,1045.9913770475632,code.exe,1,disk_spike
21.222553666377852,7.708247640142748,34.71354075174591,416.06540547106994,0.07781519679058799,3.08779833210963,73.16995830998115,31.18972547692668,136.64021234948854,chrome.exe,0,none
17.62976903102002,6.302437526163924,30.62217499897191,241.7455192526045,0.07938701529464444,0.7961367881315438,44.03110582447262,21.155106762291226,111.700545694455,code.exe,0,none
20.816634387461466,7.035341653240875,31.945464491645843,354.23849056349906,0.290923953489685,3.8083700741754076,60.886155237533735,25.685605514705756,108.93039576572927,edge.exe,0,none
20.09694481893281,6.049359643168675,33.16571236215446,180.13291834592908,-0.01918843742536751,0.6586221295559674,41.44973914919936,16.681261934186484,71.78993762381411,python.exe,0,none
16.18432209363699,6.874876574879996,28.570805935692384,356.53295422635216,0.24602594586659923,4.828693624920871,73.81891131988047,29.580442777346402,168.9618036924744,edge.exe,0,none
16.350836029324903,5.662301431132413,27.02103106418145,262.3509940099808,0.04038596680766015,1.430159618527461,51.16416848555971,20.561007729973394,96.60760097356783,outlook.exe,0,none
16.562081371357934,6.112765588836379,27.774095839958736,182.12333602445017,0.1464364948697181,1.8131442938030808,39.12593529248578,17.752660397455735,72.6105886728804,python.exe,0,none
18.079994187983043,18.32181397713614,89.15552853883406,257.96459844131937,-0.05590558962973849,1.4430729711832408,56.53172950163671,24.725112527889248,100.40869818880373,outlook.exe,1,cpu_spike
14.300309960878991,4.3450602875248485,22.054318639418025,263.97591591428784,0.0884061014083405,0.9882071951217315,51.45093471179909,26.440170623566623,104.08110714362562,outlook.exe,0,none
17.462358923024812,6.174885848818591,31.907847940201776,179.83650008422788,0.02767825785483448,1.182557526590728,42.23773180607058,19.73128666125653,85.66675261999077,python.exe,0,none
20.291879229967776,6.662434537333325,42.55416423562226,346.8521403519163,-0.027524849760339976,1.080412768767205,75.3949387930055,31.071890984515722,141.44829053001018,edge.exe,0,none
12.2086277935883,4.332478423008136,20.404569333789652,199.65485649505322,0.06697678523257954,1.32516199681318,80.45955858540795,121.7497675283016,461.65689266042176,slack.exe,1,disk_spike
6.4782765512593,2.0333970968739346,10.409589362377872,89.13118072256417,-0.006760559384541883,0.5984097386479142,25.974547447131844,13.185188253081368,55.56206320102389,svchost.exe,0,none
21.48349411108307,8.162351395111603,40.08853073421817,425.3695548666914,0.25946080172204994,2.115729364455037,50.85320728955733,21.01026300500501,76.02158145519383,chrome.exe,0,none
14.649254773204687,4.778525638697018,24.161904800571264,259.4676219501223,-0.11159173422954041,1.693545924329042,57.349211570817054,23.9798897316383,105.33561249568322,outlook.exe,0,none
18.50695816918801,6.66663556825521,31.826081315564238,180.08911869062226,0.042697402748824706,0.9277525569729437,43.91170375529997,16.192081560779947,78.1823794818212,python.exe,0,none
17.462337481895556,5.312930850648694,30.053727166585126,352.70798933316917,0.13330573269098903,2.2644172350591543,64.33969666307189,29.81905852870505,129.01317902819886,edge.exe,0,none
14.403814513918329,4.101158069776191,21.60783688688868,202.14183067469457,0.0827923472565999,0.6951208280998425,36.62100784235712,15.776818430852119,67.72479131035742,slack.exe,0,none
7.021344520033952,2.8922153911750996,12.495449318945402,119.66689600723724,0.008422361084579203,0.30735760248631955,28.142609551521694,12.389307345821312,56.155521064426864,explorer.exe,0,none
18.201765324447635,6.441706246259399,29.704145904939168,344.6998365171021,-0.34571038621183825,2.473654244247764,68.67518843036143,28.74861492535167,134.14020875000955,edge.exe,0,none
8.021205846702902,2.681375213808158,13.71826550423464,118.40514031882444,-0.01969705059719852,0.6438658085865423,27.882597126210843,15.236024554763048,52.165414485166636,explorer.exe,0,none
8.731744657455232,3.3056108943671894,14.492224341659382,120.78136212285972,0.0888263712324445,1.0608265133090622,29.221235400635656,11.850886617986646,59.882301033779626,explorer.exe,0,none
19.79112779128343,5.200473903915702,31.396011906728905,309.33066666927374,-0.01682307426387221,1.4979809458766065,53.4241168080464,26.7107215334518,99.20792687143074,teams.exe,0,none
17.089769826107325,6.410325355940107,33.00666504426036,179.65420880449685,0.0605894001246232,0.8248676205833627,66.62488736972188,74.56270977932881,272.0522971153028,python.exe,1,disk_spike
13.338649503216116,4.760298559967741,24.564565396687044,203.23202504627028,0.11527082972521138,1.2148703812651496,36.39207717296848,17.77258885034504,70.23969313308902,slack.exe,0,none
5.041965584926326,2.5169949474836337,11.099096914245909,88.66413811072309,-0.09673328287280185,1.0719434384367577,24.924521781203282,10.567613335030352,46.849208126003134,svchost.exe,0,none
5.663800448282001,2.16973679005028,10.272528795570555,90.21844908595354,0.023586856799096268,0.3759778709721203,92.8351259548536,147.22614798659492,456.5090918683242,svchost.exe,1,disk_spike
18.833776686010218,6.295970559578407,33.519969368076886,311.7809822929963,0.18692862607246638,1.3933144299873244,55.08486309687277,30.500062756264814,112.37830369193499,teams.exe,0,none
14.051139366687153,4.667321302734443,21.33731561598463,256.47617365503567,-0.02907053838982089,1.4758246909099142,53.23877471670709,20.851961960750256,87.47719618644598,outlook.exe,0,none
5.834442651315082,2.1284742369932546,10.900741658600724,90.36327543021767,0.04637435517201567,0.6228120365160748,23.025912247569813,11.297355064154878,49.39146242753163,svchost.exe,0,none
19.71109408989498,6.8816954837241555,34.905805270342505,348.4549001445388,-0.03585002379549943,2.25562266860334,62.65523225474513,36.56457540284471,124.54889003747526,edge.exe,0,none
20.21217875379964,6.816571207673278,33.791553854766455,180.2306026637285,-0.03738702500009386,0.5831915771433599,39.419675242477915,21.36076479229081,87.3596350706158,python.exe,0,none
8.60778033450669,2.7296604947492176,14.79125620102608,122.12865645785078,0.1486245806786992,1.3586500402075141,30.875825065177537,12.917917956218066,51.202102388550514,explorer.exe,0,none
13.750658881039563,4.456433565217293,26.035727175430317,260.8877984729661,0.24458784512422085,2.429793698026331,54.021128813833485,29.65172374293394,116.37684301619657,outlook.exe,0,none
18.60841397221349,5.712983322125317,33.45995709518023,177.9828719214972,-0.15517349502116057,1.018833746139134,38.46173166225751,16.91669209911132,74.18772245053437,python.exe,0,none
13.750455564532698,3.6335877808864177,24.63172257465849,196.12538061250063,-0.16118490219324427,2.541001826082878,37.84520864470988,15.091800530181677,66.99673005214858,slack.exe,0,none
18.03539971544526,5.1078987446883835,34.633844804007694,240.48689069922474,0.11843005575145658,1.548299034310298,44.40165051702591,17.902044174798064,82.8652415751388,code.exe,0,none
21.149327417868403,7.919275291408141,39.5474804719709,416.66060230244017,0.047959277988885184,2.3639750190716464,73.107693027304,33.11499596737652,162.437392807063,chrome.exe,0,none
6.017401124850663,2.1538355658395214,10.394094339580356,89.62641548260295,-0.048303505285745035,0.4639911253458922,30.273358000595746,12.60196435235546,58.208850861599046,svchost.exe,0,none
16.412661145732745,6.032768993311621,28.736250987394918,238.9546083162158,-0.031345742362096495,0.7987078069000452,38.52558360693279,14.315278369880588,72.26565416564527,code.exe,0,none
11.834256124242211,3.6254248673901177,17.276045236053754,197.70577297048368,-0.1766165605693383,2.2093245613508743,35.814480494897005,14.231762600662568,61.168906114295154,slack.exe,0,none
13.90089476524989,5.601701530329089,23.76003180775959,264.58952322410585,0.27456821128675224,2.24328950731701,56.56566596356008,17.172055816024113,92.90728680501245,outlook.exe,0,none
19.010164328226388,5.877953801741694,35.542261504255386,177.28789551319173,-0.03700336212105526,0.903685228773596,41.41561172744919,21.013492821387274,76.5554829404714,python.exe,0,none
11.914765820878229,5.649045482198604,26.121237148051726,197.48602349633987,-0.12402963301171326,1.061970274700281,32.07729732679054,14.027004268037457,63.960294783333865,slack.exe,0,none
7.662087556764745,3.413885534889871,16.24628212617999,118.37095615319886,0.008805634940885909,0.6629816449130904,23.462917541755633,13.232465988788809,48.36472097281851,explorer.exe,0,none
19.913343980131664,6.499661518373545,32.26448059384774,416.44776352387305,-0.21571260313579993,2.120641207087449,68.55923123206584,25.75999218905645,115.21893942465638,chrome.exe,0,none
19.10246021927602,7.1299554359085064,30.939360554155932,180.25448770936643,0.03453414071213009,1.1592867833653735,40.23610545594765,18.07987825818901,82.63095721114945,python.exe,0,none
5.371530819203992,1.9943884299186647,8.148116632253672,88.72695257452177,-0.10222403114850351,0.8265936430734624,25.96294376843002,9.398229696412189,42.221657799200806,svchost.exe,0,none
18.784317326709917,8.545093398565665,44.89841124143048,239.9207928264796,-0.05472262728012254,0.8684181424135595,49.482421180298246,13.449015032833481,79.550336406096,code.exe,0,none
18.40998217111609,5.061133137478705,30.113426836602088,240.57586242716906,0.10028209091834413,1.0574784032692883,40.867338092584596,16.079949867808754,77.61502053041959,code.exe,0,none
23.43671184465214,8.048709693505234,37.29923003104493,417.91904420465363,-0.1353230378232638,2.5194618569112763,67.85137913586023,29.655878415653827,129.65670827350155,chrome.exe,0,none
16.945838116012805,6.191812555509676,25.918362832826812,180.91216102158393,0.04990868621298621,1.2293906754095454,35.5769384459121,21.60291809069275,79.83228286614386,python.exe,0,none
18.267400525371766,6.561011271828133,34.76693787869822,180.86045877236373,-0.007401464674509839,0.6102349907506771,34.69277589707561,17.586569011539925,71.96508419432381,python.exe,0,none
14.59561891984656,4.666981085087949,24.361889154023302,200.28684487355244,0.06904251920291055,1.2670308430642578,36.15389178116313,16.590525168587025,75.00817701233535,slack.exe,0,none
11.214191007214053,9.091890952482702,39.636006410263114,118.83300989769616,-0.028494825882469856,0.518017499354342,29.32232896725051,9.684381137069387,49.84425763476861,explorer.exe,0,none
12.022247953021882,4.8945026963650955,23.557048206899992,197.95748036081793,-0.005442994560066457,1.2104736752009169,32.98688268130128,16.070807259830147,64.33155532866765,slack.exe,0,none
18.513412596255133,11.238691179336191,53.969590810570125,260.8634577898854,0.009544321646662487,0.8179225534430699,54.71629584593402,24.66059457383855,116.10851480899532,outlook.exe,0,none
13.400265566354191,4.69246325079835,22.464016049404506,265.11459446273443,0.24950718608111325,2.6795879025816536,55.41556134911094,23.660636439603245,95.00118962086738,outlook.exe,0,none
19.781840325086453,5.991484238488972,31.513790583342693,306.33772179945385,-0.07085387479425738,1.8690637734534719,61.10913810546711,23.74614396945717,122.30792408081443,teams.exe,0,none
21.95102423171398,7.386413482828701,34.25718219522607,418.36040241940975,0.05918871088321301,2.0087056306058058,74.5159124427955,40.15218643345577,158.22182537285147,chrome.exe,0,none
20.17190340949059,6.824639968476501,38.183716086170826,307.2391456285423,-0.13823669265787544,2.794517445698268,58.10548668940722,26.951075535765792,103.98129758584777,teams.exe,0,none
20.21605112551813,7.914650023355864,34.73956292950809,416.0477839269576,-0.13948921430828704,1.9098555981254086,74.4736871594853,33.11803108939517,139.61809462187213,chrome.exe,0,none
12.55313115155065,3.908951113835626,21.167883627336764,199.9092402328826,-0.06025088752240322,1.0465042868590908,35.64247815242456,16.607493316768835,61.822713633191384,slack.exe,0,none
13.831419367786188,4.01161315237153,21.663076181614816,198.03843122490932,-0.06311900404208283,1.49581065141255,32.90114639092885,18.162217248457004,92.76121072957505,slack.exe,0,none
22.63199804772576,6.138401846225485,37.657642241149716,421.80011419953513,0.14512001974108368,2.5770452532043175,64.89671011027446,26.40145701345649,125.74997761691134,chrome.exe,0,none
18.730352898316035,6.616271697284395,31.40687966436744,178.45326523976425,-0.11288430074223185,0.8755174399908284,42.31295201404575,17.903480149240636,78.59564818993609,python.exe,0,none
7.2086749431985835,2.5660201232743742,11.436310604078919,119.54081983603234,0.005887885700577063,0.42213741904438873,33.99788752907333,11.526356786432501,59.71437235815278,explorer.exe,0,none
18.61560990254816,5.929925969202909,31.036697256941757,349.9154339950615,0.11129828590828386,1.9088007042350505,66.79058863087675,27.94206964835825,108.79791310447388,edge.exe,0,none
13.426014085568871,4.323058857060521,20.16587177261105,259.95913556780465,0.0365004551271492,1.2685679930167975,55.337922792256045,18.111811203413787,93.54680370508382,outlook.exe,0,none
19.26431518196933,7.9932957104956985,34.12862937040519,356.1245928953852,0.3372859591393952,2.741910417608966,67.78392168557072,24.476750695131564,110.5380928016148,edge.exe,0,none
13.172834937464405,4.182051766003541,25.501010367121083,267.82874964771366,0.37002010106738037,3.4000217111009103,53.710526842963624,25.564956092928693,97.66881001445194,outlook.exe,0,none
15.792608374374792,4.714655196965552,23.88962045413183,236.29116907180213,-0.12483632192374614,1.1761463069356375,41.99704900641914,15.025339710135395,85.96237281395783,code.exe,0,none
19.04805858285001,6.33817033543901,31.543031160891125,351.85876834631523,0.13823276701861384,2.710395641126678,84.12112894923253,29.54670528131779,142.94873132493478,edge.exe,0,none
21.372172577618077,8.086655406612717,39.65199407190215,413.18582588658666,-0.4481021425852362,3.500569199239389,75.97400159167255,32.81609176409456,156.53709425432513,chrome.exe,0,none
22.896738211181024,20.43268064251521,79.61035196248343,198.04374342925396,-0.15818875075863068,1.277145388539205,36.722826654459396,14.075394309520815,71.28682551987089,slack.exe,1,cpu_spike
22.161928599787355,6.37112327424321,35.75033900130801,306.1604456626568,-0.1974471715742368,2.6092473937018457,57.888420912955276,25.25634026016032,119.07815551256752,teams.exe,0,none
19.46624100979474,5.561388679638257,29.488844082026777,181.94516471982436,0.05511746439643919,0.7394508768448683,41.57381965777383,17.13608714731398,76.71849807014837,python.exe,0,none
18.312477306714882,7.088002276209434,32.52753455714499,177.71028318313148,-0.1120472010915582,1.0292915922204446,34.38567635556576,17.205572371298402,68.19294017912716,python.exe,0,none
22.48486961881112,6.917514372483619,32.85883624656329,309.89108239227215,-0.01246578600328121,1.337646615549864,52.69373926450893,23.76032473624155,97.2008906688042,teams.exe,0,none
5.6931924341351685,2.2141941023038543,10.72855408541,89.28161040487066,-0.06265002511382818,0.7553816701211209,25.672713067067377,9.58600548697672,44.7318279028632,svchost.exe,0,none
15.90785183559594,4.188198293017113,25.42579364452294,258.2076612536176,-0.09889294919938152,1.3362131361319882,62.542255932737234,22.777839218013025,132.08912348425662,outlook.exe,0,none
8.943780450380785,2.9481636543247762,14.986152234263447,287.27290119456603,11.229188398419803,100.04565736290188,37.104856934822756,14.135076804725902,63.24277973494662,explorer.exe,1,memory_leak
13.779525761659574,5.1441243719174485,21.32000248750049,258.1951392621047,-0.0990751069294466,1.5583274850439328,58.92488911570104,25.329649328833685,131.75710948012335,outlook.exe,0,none
23.512241193285888,6.36894434877361,35.908132847706725,418.4637364229702,-0.09428937345256069,1.5347718988781047,60.26805752269468,31.835346950231884,153.93850275221675,chrome.exe,0,none
7.31625089046614,2.532092333607666,12.828126645593025,119.09096636142792,-0.0625680113105948,0.8575174882038891,25.92887563538231,10.354751010135262,46.353272745613936,explorer.exe,0,none
13.38263854574506,3.5863979420734933,19.493992695541426,199.5270373151711,-0.006703135263663285,1.1238188029432887,33.361253788203435,14.366989575580138,62.08426509548944,slack.exe,0,none
7.827272321209562,3.0593261297413115,14.20480112906419,120.46151964812566,0.08450578760401205,1.0082112551271527,28.932935231781006,12.259847753708666,56.01155323140608,explorer.exe,0,none
13.404719578597524,4.5478774644217355,22.797911008117982,260.1046856829908,0.13050031455120273,1.621936947318637,95.01576973018173,89.12751171501115,361.1147004096284,outlook.exe,1,disk_spike
15.959624290132432,5.216552847118605,26.19782839024306,244.26384108640931,0.2513583723725892,3.198127954650792,47.88994486275096,17.012982358071536,96.40353915800291,code.exe,0,none
20.99536767518064,7.018070048740247,33.94209085382952,422.1372728846132,0.10716521633792316,1.3411637672805774,65.06467308534336,30.811037687545465,117.26952764014634,chrome.exe,0,none
20.80899863067755,5.581321763110743,33.54057966879395,309.8723996454294,-0.16763562128226492,2.102646890555079,61.45247718975989,27.128305184289633,115.08154528718366,teams.exe,0,none
12.668645540875648,5.234190812184654,24.58927882691636,259.3754175369308,-0.14380509954743276,2.0280603943793207,53.09283617041036,15.821339267273185,80.96279131953966,outlook.exe,0,none
18.732453906411862,6.418620413398413,33.47520775865597,353.42085380815024,0.07984305035275649,1.4252678278323976,72.58507317875994,28.22013439424949,125.19408401291157,edge.exe,0,none
8.01420818982454,2.6513858745685215,13.357963434990314,119.85524708726778,0.0670007016451431,1.02762476825091,26.617591140528898,9.648852638868279,43.103742855698016,explorer.exe,0,none
24.044927140219464,9.638469464998815,39.05190898767353,616.3151195618442,12.674942949695698,120.65563611669975,68.76190866897699,27.422910222368017,149.49144726390944,chrome.exe,1,memory_leak
19.46790898935241,5.68150302866088,34.328922176027675,306.42944116832183,-0.08946732941627715,1.5955374390826413,65.72277312486716,26.52975839620217,115.86834949803875,teams.exe,0,none
13.059756745227487,3.942763595340109,22.051585991546332,197.54717084590527,-0.07690053763746126,1.2369327529644056,37.34973650197013,15.159909909601787,73.52416313014895,slack.exe,0,none
6.263694674340217,2.141912721917297,12.594059766326662,90.02618524205967,0.021048021235830088,0.31684218894306787,23.321036817864844,9.304395345441607,41.1209550762771,svchost.exe,0,none
18.719687473710042,7.735163453084902,34.71431445710805,305.4742566425188,-0.24212205416508445,3.2444571538881952,60.67769757191608,25.512220777061213,107.57795075843117,teams.exe,0,none
7.458591177623038,2.1302820322796547,11.5919337784811,121.70547297341878,0.0698197678051064,0.8248468267699617,27.395218809291293,13.054123603019669,49.58771979486841,explorer.exe,0,none
17.55603145526437,7.496098323037645,34.54610530543108,314.14080924151426,0.21465562335931737,2.14344318548282,70.00844957072249,21.209509194216533,110.83758926457597,teams.exe,0,none
7.374358290094141,2.551070832017867,12.070148643413132,116.12810589813373,-0.13081254401287196,1.3546533610788427,28.284114957564956,12.335336047276607,49.962904333254194,explorer.exe,0,none
18.16203855772432,4.939592157052368,28.923176691173893,242.01121578439404,0.09012150805946627,0.9273999750526699,44.5273690001094,22.111057788273374,85.18974546414631,code.exe,0,none
9.15476171266295,3.88259673608758,18.11529948888154,383.39345250290654,17.809160608534196,158.0696733211391,32.502007518010394,11.817094107367357,58.00230293932278,explorer.exe,1,memory_leak
6.989030293247411,2.858604689316489,13.077657671570257,120.33320406525885,-0.02116333405161489,0.5906998076020026,26.427535321323763,12.118623329838451,48.2486961670807,explorer.exe,0,none
16.042030424067857,5.190258009112545,26.808403766063172,241.22252783616435,0.05548286944157989,1.402950383110554,48.0359852859063,16.358822175893888,81.18118094378477,code.exe,0,none
6.482175206044073,1.9962049917307343,12.965445630671908,89.40721695338159,-0.01478442446419829,0.3766392733418134,22.144944248526883,10.645272322266049,43.639464357357,svchost.exe,0,none
14.409151543094055,5.096829351113731,24.878298906772407,202.8369652189127,0.11010320190441215,2.2380761591252547,37.368287166958694,17.0462725047612,70.02034484593463,slack.exe,0,none
12.060158382726106,2.8403961227752297,17.654327702815692,260.5940869316489,0.0983982908211658,1.4223599001186966,58.706619138012606,26.854355893426344,102.9297646326051,outlook.exe,0,none
12.790470334183835,5.400097785230163,24.785256157260807,201.61087392022336,0.1463380121978626,1.6131787278460747,37.29073564017962,16.721273900097646,79.22555096855234,slack.exe,0,none
17.142741121698542,6.741605258184484,32.33684661219371,240.32958631680614,-0.03790469037522068,1.1019816640050588,45.09817005289644,19.060729441437825,75.33833254415994,code.exe,0,none
17.21853854816277,5.2271920251682475,30.2845159765659,181.57122009235317,0.17584146451961638,1.1851242310426,36.50496258590383,15.119228775592727,65.17873705998133,python.exe,0,none
19.430727290160554,6.04277919362026,33.325901474950996,313.575025629346,0.2447668432385664,1.7848816985372615,68.15510841434195,22.048701716881116,118.41055227984396,teams.exe,0,none
5.534719616926333,1.9876254796950856,9.55174494402193,90.20370214103644,0.05646655609571809,0.670575677040461,24.24897025285219,13.053580264375423,52.431029149630064,svchost.exe,0,none
6.754727739256956,2.799489801386853,14.640064487210948,120.46138606997278,-0.005284784521464303,0.819962655241786,28.858888666434407,13.355256126448852,55.57925365506864,explorer.exe,0,none
6.674437537876956,2.157305029115837,10.247898021647092,89.73791709326993,0.009318258773407705,0.36827830018467744,22.260200190033274,10.083705331235006,53.71461065931797,svchost.exe,0,none
11.594752741702719,5.343884841419348,27.654805879401547,201.5020882792959,0.19210552848377632,1.7890623307630609,35.18403736699778,15.611802553639455,71.94514374798774,slack.exe,0,none
18.221555641468917,7.164289760854857,35.100183109169734,345.8807296695612,-0.1195676335102462,1.5250113070788425,62.206165280247056,30.834948586058218,160.62741468114814,edge.exe,0,none
18.6100769692423,6.060922556597385,29.606712039005032,310.844165730396,0.10991750592694226,1.3254969859744234,65.04542939179808,24.103432297457342,122.41944039235639,teams.exe,0,none
8.417933667483302,2.826753992408257,14.879466099500195,120.48700879748209,0.04541700748207755,0.5941510064758356,29.158385750868458,12.826039863078575,57.82945753736725,explorer.exe,0,none
5.5052539507730724,2.1799558029258286,9.344615906728933,90.605215257085,0.008905817739180104,0.2602892944330879,26.5715954272385,10.622670169639244,59.99905737066892,svchost.exe,0,none
20.167344760156237,6.513238723537228,32.14150849350708,178.41349654807257,-0.06319083354737624,1.0665274862266496,39.31305041791133,16.88553033583227,72.14886555718999,python.exe,0,none
17.239854161024862,5.6905183799600545,27.921458712033456,176.3345078748604,-0.1380629140995874,1.662910738382599,47.861540758084104,17.29252378224713,108.36778612666382,python.exe,0,none
19.653133348967902,6.340895692867552,35.2838257603093,311.50470651846547,-0.019392239503847955,1.6024971306464937,61.242460678116544,26.136311750808595,140.58713627380223,teams.exe,0,none
23.54487936897287,6.774082424630698,40.61552917411963,418.68226104652297,-0.0487707314204935,1.707648890531592,59.37084870853168,27.12826568198734,103.7633275317212,chrome.exe,0,none
8.687094554881586,2.2978119592252004,14.165260718337654,120.18027226775021,0.019237963983046787,0.3234842294385668,24.47241712803789,14.63553608481321,54.41838328898404,explorer.exe,0,none
12.910306980004513,4.138637589959076,20.398893041477862,198.13694184964987,-0.05007316551972565,1.0816170782701329,41.16260340392791,15.261792368175158,71.66885883950222,slack.exe,0,none
18.501072006748974,7.704238098007858,32.689903200608555,178.19526368700764,-0.015511008692186579,1.0650015339252055,36.96209529086546,17.348554511501757,73.1626454728661,python.exe,0,none
19.634458970416986,9.450103812880181,49.370818746849466,180.25391711262156,0.05984160417411886,0.9215905210862168,40.179920753844875,20.25175087239044,80.54105000192925,python.exe,0,none
12.679320493945163,3.9525691850702307,20.69441798308957,200.00847911984982,0.08720275655650388,0.9988762151563744,32.980842979256344,14.970803778983283,68.7906835314181,slack.exe,0,none
19.051702568045876,7.3396625233467,35.983614604573766,309.5039345389469,-0.04418109500124956,2.2601137152996427,66.40424481276226,26.42250743325785,105.01464087710528,teams.exe,0,none
17.89689249722777,6.341425280630065,31.900459933830895,181.9819507942949,0.036611938248999346,1.3047469751136025,36.43777077900413,17.8001221845332,70.78493671782712,python.exe,0,none
14.474729844254542,4.523061973778672,22.68568389391563,262.38913596295413,0.05216135872370842,1.0108469984220032,54.324207726876985,22.766525820718588,105.93336389218153,outlook.exe,0,none
10.389554357091402,8.502274442925804,37.12122487745084,119.85944608366896,0.047173481588802704,0.5319358104820656,25.924965973875928,10.367841825365787,44.044357443883705,explorer.exe,0,none
23.427704679927004,7.752114850154668,43.2886226917025,419.09226810826107,-0.10677288787311265,1.7464188373001217,63.54954553766014,33.40016986215907,125.42548954988014,chrome.exe,0,none
19.505138128442926,6.045133503947348,31.631093415975933,310.38162097671983,0.17752167958043402,2.2465149620703655,61.469922621906264,29.10356983681358,117.65080652080192,teams.exe,0,none
17.380500505866262,4.190884476158021,26.798071161612327,242.256763859004,0.09019268876072317,1.3771398612441257,38.40195535678253,17.294075115971776,76.69022845051255,code.exe,0,none
16.41965441025477,7.467924902504021,34.203870302410095,178.61335088790995,-0.052314550422223265,0.6277475213011445,35.033647632013235,14.633765270510782,62.45032462959746,python.exe,0,none
18.454169094950107,6.664132958793531,31.140567812066585,353.48233479102726,0.08727513206364772,1.1140048615686207,61.42689712178593,27.100844613127748,119.03779228347888,edge.exe,0,none
19.82049485925378,6.833902410233596,30.158203777985204,311.33224720169784,0.11804912531030709,1.1210707290027675,52.36172185396037,20.66605826071132,101.0254759402215,teams.exe,0,none
7.641647814650307,2.9600111958088084,12.887660041768541,121.30664346767433,0.10585970315968751,0.9132730795896652,29.7860129312729,13.64342879498698,59.89575534982163,explorer.exe,0,none
16.125623210358036,6.740926303845098,31.519267076711152,180.3310652631347,-0.007968776235039362,0.6433150091193236,37.72774115227121,16.875165014436217,75.03340456178665,python.exe,0,none
7.469067723620847,2.8261249563923596,12.582392916003762,120.70980713665178,0.03720464451339893,0.49908630016773303,32.57748790201027,13.287745789974,80.08046471674757,explorer.exe,0,none
15.286412908767609,5.372242886863877,28.329051486010215,240.8759277599617,0.0842066289350034,1.264853258469407,43.49147796636183,22.763565329540643,84.36454806469618,code.exe,0,none
14.230646816092712,4.757831797880076,23.992442054897474,259.4702823147453,-0.1220388561437422,1.5663905296009317,48.5929941732185,21.6130354292721,89.09866370977696,outlook.exe,0,none
21.755550908723897,6.4869199882193,32.66289018003838,413.5579758808697,-0.11752873592772631,2.708146903954538,76.4090417872267,30.481469429117894,135.34951510731156,chrome.exe,0,none
14.807948998910236,4.853337365816409,22.583403401775694,257.91022232913673,-0.1932811545224979,1.852735152148955,53.29260181522697,18.70938725256024,88.37279402686838,outlook.exe,0,none
8.548250482473069,7.574652516389783,32.609743785799914,89.4832028694625,-0.02825492585406456,0.4750716031034409,28.61313231017432,11.425160484729668,50.54414625718441,svchost.exe,0,none
7.594003467921302,1.8853685590337774,10.831348605886792,122.93098453091426,0.14583394247860515,1.4964417637178067,28.592233506339007,14.391942287733059,57.53929562563668,explorer.exe,0,none
12.683718720591722,3.9511504887425906,22.116905416665162,202.89034826539446,0.14098959818854742,1.8605129657862822,36.978874731608144,14.17204820152385,72.44215771174534,slack.exe,0,none
17.50996129599407,5.204168778570757,27.675414401925096,178.2099647475294,0.00634981073081633,1.1773814554146556,38.42248956723053,12.955208595522759,60.72722596293836,python.exe,0,none
19.20449175209167,6.504521703404749,29.816343136276004,347.6817305009204,-0.34329172410224185,3.914647434717391,73.44961361884839,80.27107149157149,420.45248285699864,edge.exe,1,disk_spike
8.077546694083969,3.2169032550075927,15.237305302843847,117.45811939626773,-0.16430472066602278,1.1932781231057865,34.03978639080871,13.240774797306075,66.85411928258145,explorer.exe,0,none
7.374864991938586,3.1999041894541556,13.351538083973562,119.95386359525789,-0.03560021417300021,0.3646718133056367,30.743235162508125,12.257840579816383,55.76895200093419,explorer.exe,0,none
18.51270648548933,6.105041487409693,29.787695035571154,351.82741515285034,-0.04640737291084633,1.6444810668182603,63.229620973411514,27.48137192105555,117.683549061831,edge.exe,0,none
5.58213151536752,1.549493617869986,9.244289500725298,89.31586565547259,-0.08240840588104609,0.9119607035186038,29.822722999338957,13.686476413639852,60.27017694338959,svchost.exe,0,none
23.310788388000727,8.814016577242887,43.65440360164618,345.33327108583404,-0.2530439129222581,2.3511907741532334,64.586367549186,28.958537873475777,154.2661694601046,edge.exe,0,none
19.3409618279676,6.7070636251885265,34.320766111201365,303.3298457775524,-0.47382696475035196,4.850712982206497,57.64966090310172,30.099355127980107,138.94140006069026,teams.exe,0,none
7.655019349448935,2.621981863677326,13.194721232551236,119.58325102793279,-0.061610485569790305,0.8535502121941712,33.509270434864995,10.415264574752788,60.59116538072805,explorer.exe,0,none
8.282203813733709,2.694528128574065,14.393064327089483,119.55821677205954,0.008533539427502509,0.3631487934113242,29.925839393184177,7.534727694386597,47.694386661832255,explorer.exe,0,none
6.158333093670202,2.169746740546247,10.998073291495178,90.93610371908943,0.06328867090628403,0.8520910984636855,24.01721045880436,11.112366454850966,47.72238106136807,svchost.exe,0,none
12.628128435924623,4.115988533635105,19.111774722867274,259.8043081757012,-0.014635470292288726,0.8086201751776528,60.85108360346331,18.7150075495169,99.44712274340716,outlook.exe,0,none
18.244698277490407,5.950851820607607,31.204504568226803,177.71734200591234,-0.10622865840185607,0.9408990061396775,37.23011246678704,14.735469742071684,64.71892583506767,python.exe,0,none
17.08299461866648,6.233954353268318,28.153454797965694,179.65824242570528,-0.07551432060446643,1.293075046601841,42.42529052831085,14.21168265230284,80.22809407353245,python.exe,0,none
6.2313578192789105,1.9941683841395288,10.16948811648123,90.51911312534666,0.033284072312342046,0.7978562781413628,24.994385659148964,11.678696269905231,53.1280593456997,svchost.exe,0,none
21.567926945113452,5.998813066643666,37.63379849572388,433.07384084028854,0.5766611004374852,6.023860393151583,75.95013865221269,31.72447756957855,136.73049810261028,chrome.exe,0,none
20.80950731091041,6.506391053170275,34.66288888166525,309.45783142859,0.0859570799299282,0.8802206790598383,57.94184872721023,30.05188259854505,108.32778076726214,teams.exe,0,none
16.628604680870428,4.457803186287367,28.724347130365217,239.71341937046682,0.004930149918814663,0.8141735472901508,39.972766621563174,18.43258024717756,72.11046314503702,code.exe,0,none
5.954608304181637,2.4600873222445734,12.718419903602838,89.97414944830734,-0.011254933726586102,0.27664235978633367,21.56784465152013,11.979771658287458,45.22384557266258,svchost.exe,0,none
20.119102566471575,8.03888012680638,40.98682203965981,316.94761136099044,0.3034605300227213,2.9011376550720365,55.571863104198414,27.966550787777816,113.60716289500166,teams.exe,0,none
17.90141360417159,6.464805135333462,31.969300971314915,178.87558341993605,0.10411327308606909,0.8755270574333021,34.39577280115679,15.248351273700266,65.38184085539875,python.exe,0,none
18.536579996169262,6.378604548161495,28.315715831347617,348.12591269296354,-0.1307059270508887,1.476859500870841,69.8515545483668,30.633452249153223,132.18728305541782,edge.exe,0,none
21.95067972923753,6.4811011839082395,34.83597571064154,410.2935704615456,-0.6600155602676087,6.60166102026128,75.66067210675016,29.29579817090399,132.8889936089518,chrome.exe,0,none
11.8877704238052,3.770663988292423,21.84362271614154,199.26356466695205,-0.022639031308296847,0.7014789310421817,33.237152602624036,13.126981206510795,54.83188000593971,slack.exe,0,none
17.559837006138668,4.601037329851666,26.039152097437423,352.44385704355494,0.08147272943846436,1.3295971525322563,69.39838811908551,28.74935150032671,118.01012956300508,edge.exe,0,none
7.5827394386581695,3.112727256649593,14.196360452272131,120.2843666837961,-0.0027872674117034534,0.3057961984868553,31.9854751503122,13.911079768392629,56.57393079272988,explorer.exe,0,none
11.055093841314617,6.52988521965242,33.11294551045302,120.82749417234747,0.08043866229105466,0.9336926994586837,26.620020617326688,14.521871592215632,48.46161580558733,explorer.exe,0,none
15.954468488484169,4.088558466668421,23.152983222602536,243.07995699161523,0.16342361066670794,1.569238122658487,48.74584135251499,23.18780060264903,96.17409036367238,code.exe,0,none
14.868360650079413,4.956336727524522,24.6302282778433,236.9708631641495,-0.13384206279974553,1.4396207042226246,38.8724598621418,21.245959222900808,83.0640335256726,code.exe,0,none
6.247930433552239,1.7966606237601253,10.147425109755535,89.94019765930771,0.0423274415521315,0.5658512038444735,22.092105023527058,9.117163763872288,42.50594518498028,svchost.exe,0,none
18.519111883537494,7.97194258800124,32.40866605399465,346.9403623874286,0.03887040769922502,3.0957227160466556,69.96927418821149,27.292901247370402,147.4681051136066,edge.exe,0,none
16.177775677356944,6.1727670336748925,28.850276563406183,237.73508387953325,-0.020139779021636172,1.6438809405755395,45.11072449469216,19.80710143730417,75.30550629204123,code.exe,0,none
15.728583838759134,3.4912792642766868,23.13483306732543,241.4971374489129,0.19082933400122595,1.6630791962100298,37.94634070290701,22.47029599937928,75.70988893843867,code.exe,0,none
12.73505202800567,3.247913306936561,17.96874817117605,200.699415665551,0.14138625186303103,1.5281607502616192,34.758670295503165,13.551084039440202,62.03839003098649,slack.exe,0,none
19.1564833793151,5.416598563102905,28.641077785767862,180.79265279787424,-0.03854910140412263,1.0739267838226971,33.319133639278284,15.96148377082679,58.686160592092655,python.exe,0,none
13.212885967914394,3.739288811365788,19.940493159587167,196.7831295557547,-0.20954647184844646,1.8441554902668922,33.91866780611053,15.501210583684946,63.64546882580396,slack.exe,0,none
6.327769358312239,2.271026961313309,10.618159991224374,90.04736472539498,-0.014345655973099744,0.556126420378504,22.65965076576175,11.095015753792175,57.48901557321518,svchost.exe,0,none
15.285723346428066,6.420263152724261,27.381474544202153,241.52220482798106,0.02609684605537173,1.128997830167574,49.13440043595112,21.10506308287212,85.09101187593376,code.exe,0,none
13.14825369136964,4.489600588146863,21.178297470304322,260.42622842210477,0.14331374860840923,1.6848045157317204,58.01024743307933,17.382121759826497,90.91033503481964,outlook.exe,0,none
6.040773165706608,2.1312675701858153,10.125982698744671,89.87668335502377,-0.02798088880419319,0.4878125887918098,23.12333138887336,11.522071506349521,53.96841109783288,svchost.exe,0,none
17.9742345885658,5.5423206729488514,27.962481511581117,179.49791308512172,-0.014480682483807072,0.6029144732464934,44.223428658057266,18.90494944912554,79.50421709067155,python.exe,0,none
13.112063718494625,4.697146436497041,22.192020942615198,203.32947725397756,0.08112713116238031,1.3025674055814243,31.788288157029847,14.744189878691728,63.45941608509563,slack.exe,0,none
11.902186990175057,4.414804986452584,19.704344644591718,200.18539016238375,-0.041958011450104964,0.5722585214021414,31.423721835082667,14.055351986516795,62.1435556629896,slack.exe,0,none
8.347955748845015,3.268008846589272,17.023562615398966,120.29792120407917,-0.0006740690504216218,0.47929498165118,30.075744562233236,13.431209741307747,61.07448761536979,explorer.exe,0,none
19.83482993480435,6.468824435430869,34.68761444333684,178.75320837365493,-0.05409591047907725,1.1565667723687942,51.292308107983835,16.995284915584516,89.92785220645763,python.exe,0,none
20.531597225183635,5.954142845594595,31.28529145326411,344.3483039573883,-0.05669554521138025,1.835971183605025,61.304461861104215,27.609151107543163,138.16434796715725,edge.exe,0,none
20.551485032082063,8.46665023741944,36.29633430252711,311.5711370423584,0.041439248957429224,1.0306854580354352,57.07263066359892,27.132509316088967,118.73530824652039,teams.exe,0,none
8.066164570322554,3.170835719000572,14.361592604043604,120.90165153925939,0.07178422134245797,0.5341596847355471,28.429316043320892,13.917012976731113,55.238512369966344,explorer.exe,0,none
13.29026638495595,5.880119115019305,23.182387896593262,199.3828471718385,-0.03986715662247017,0.6979254989615452,35.94585349122113,22.403333373661994,78.21520154587003,slack.exe,0,none
24.72697485010969,9.177034151680646,50.691325782621476,419.5134512663378,0.13461321403623097,2.057639346765492,81.2347234648224,34.69936373309084,154.22463878727632,chrome.exe,0,none
18.560927803982363,6.817129022696944,30.975161063745276,352.12264723132716,0.08858786731026574,1.3326631989927171,61.905445911378244,27.975646592591747,118.92942014144889,edge.exe,0,none
28.631659344153512,30.975746320048437,100.0,199.21662245629022,-0.05580287699348503,0.8710053388026888,39.61126591229815,17.897280706276632,67.95188643476018,slack.exe,1,cpu_spike
6.995210734635207,2.366690855937474,14.181492213424947,89.90642831425444,0.07746394378870888,1.1294975940212388,27.29724997369997,10.537776787419464,52.177612538766724,svchost.exe,0,none
15.259081234230905,4.775829226179896,24.09848710353851,199.46444726942437,0.012908280529676594,0.7737297506193533,37.268026340957945,14.644110040056834,69.60850334360292,slack.exe,0,none
11.259678119358247,4.654202358165782,22.132716961593747,203.36220213431844,0.12654867969315925,2.2050310181653696,40.73647862847092,16.703151148475108,82.28870080710897,slack.exe,0,none
20.789930267307884,7.277184125807627,34.422579451387335,389.13431606948393,1.604228077558857,27.263167038663838,61.3092501221603,26.586539091125573,106.69074157281308,edge.exe,1,memory_leak
14.691334596949979,5.52660646867783,24.635112407822007,241.78217185243372,0.030030973905783753,1.361497153044717,45.69041645255001,25.83050771841591,90.14075617014436,code.exe,0,none
9.681968948519366,7.666034839608259,32.33156216061242,121.17035443501145,0.08062695059906559,0.717157825780584,28.31965005895177,15.409902654834491,67.50809101852431,explorer.exe,0,none
17.215473299353178,7.657635291500994,35.27212231746502,241.84643586393818,0.14038798783048018,1.8026152922632794,45.847108391968604,21.97958457161814,78.34203471342695,code.exe,0,none
12.52755969637302,5.490833118685978,26.469862752509734,198.95691869669784,-0.027099423694852475,0.6148607024541499,33.854274993235556,15.298038591392242,63.032294486586466,slack.exe,0,none
15.325640859128905,5.675150672487393,31.133270914803475,241.58872806643774,0.0607331111302282,0.8530211868131239,45.15165047721209,20.376484928245024,93.37587015426497,code.exe,0,none
5.817705149941655,2.1063866748361333,11.241658689312729,90.78758455695285,-0.0063351047350598344,0.5816574775199167,25.38014854509937,11.874092274500578,53.38235015796816,svchost.exe,0,none
21.607036767432856,7.210236846731094,34.82676905270147,595.834898215004,16.281059317612186,150.12758035456403,64.20099730634387,25.142243996790018,109.37402826417467,edge.exe,1,memory_leak
22.617652028681096,7.7416370810996336,41.02548290026044,311.5909705916928,0.11978467597236886,0.9924472954726571,59.025136870866014,23.76777431081339,109.42708848112166,teams.exe,0,none
18.639762648700692,7.233594837065181,31.82848950610765,344.59185288307884,-0.3943028028719558,2.8191776192918345,69.49241019931647,24.28723805918853,121.06559911982797,edge.exe,0,none
6.256221159950329,2.8278504646673635,11.717724140859232,116.8894431017745,1.8717798529770737,18.373825417728288,26.083118189145644,13.220301320645072,60.34289424112032,svchost.exe,1,memory_leak
18.068275957706238,5.7885213834753415,30.05626379643519,241.93438836459376,0.30233693056149774,2.6822016502174337,48.48880947809979,19.496349261791654,79.90555557495404,code.exe,0,none
15.96369101971703,5.900818907347318,28.76538486797108,239.9350294748829,0.0008422821738397109,0.8569564149529834,47.235696087072334,17.89524075201662,80.79644699693472,code.exe,0,none
6.174778386090813,1.877876789090856,11.273990435437508,89.72321831094409,0.06400637105075523,0.7487579636918396,26.889007419005143,11.71221309589208,44.22817934585287,svchost.exe,0,none
16.01064094080306,5.2283584501052225,29.946335186483985,239.9098863458589,-0.02251367824610971,0.7703381821665461,42.8757288198937,18.811627126587,79.64019305839031,code.exe,0,none
4.873879408776654,1.698331310719747,7.7437419172845035,89.33284104757102,-0.07268161587595615,0.8659430374628561,22.2288883637868,11.988233830270595,47.35457499781631,svchost.exe,0,none
18.945436196711963,5.614663797202946,35.469910171940946,178.94578729103657,-0.06556571168348929,0.7813133586969859,43.27756892375023,18.100498391299098,76.12263578858915,python.exe,0,none
20.45246723151808,8.677382989314504,36.174977646699325,208.19027012153805,1.0372702123932338,18.37163010870064,44.307476829676176,22.711360264374317,100.93556091623985,python.exe,1,memory_leak
13.11198069447356,4.349795792220902,23.026681840711916,196.79057631468035,-0.16709246526031904,1.4175785610525267,34.079034288763665,15.706136883979347,57.98123333019097,slack.exe,0,none
12.864795170899338,4.567334685794762,24.467312481472113,200.46046556780388,-0.10365310810599435,1.3904066249234028,40.0477245054241,14.840513003127125,69.61089473693613,slack.exe,0,none
23.6695351406382,9.114279216341181,46.47717333113002,413.8208033018144,-0.4660768438868748,4.5449944194277885,62.551291171632904,29.850778044446738,134.89939237150847,chrome.exe,0,none
20.126537773574,5.601339216463996,32.878108772133494,312.3849645209741,0.08201998622033292,1.6951134276484094,59.32087854399838,23.858809647858187,104.60565882562426,teams.exe,0,none
8.271383373664131,3.0991691947314206,13.679366867076151,119.49720585831137,-0.041848361594505924,0.475346859082514,30.02870531900282,14.044080092191106,52.64050204194348,explorer.exe,0,none
18.890858006515906,7.153432857369054,33.716677185924524,356.82697265826465,0.1742877156703931,3.301186012452727,63.21742378839758,32.44369129511088,152.2044284419495,edge.exe,0,none
17.684031911443807,7.8997129379814295,41.09961882726954,477.92695465469893,15.61508002273996,141.10131442684113,44.953850368739964,18.860766591873357,87.84130488709094,code.exe,1,memory_leak
7.7620911165310265,2.268335836362892,13.0704875232246,121.05115306129414,-0.058046855096856594,1.045093415443034,28.413818433923904,16.1033221531236,57.58640220590707,explorer.exe,0,none
12.555456227224328,5.1159322323591105,20.42475933497779,196.1904908459733,-0.17598063967641336,1.8519494940700794,41.612675696460094,13.621463655791716,69.68499182902876,slack.exe,0,none
17.620965202617114,5.741169236229441,31.99522282543463,180.48444469159753,0.046489715613386315,0.714626184695473,41.40984338164153,11.964536991002372,65.10984990952545,python.exe,0,none
21.810568536314097,6.105946450338355,33.80288010340688,317.0922254880563,0.35976732608891854,4.237107527088911,62.496523606214055,23.532775277499443,111.74022366842138,teams.exe,0,none
20.521286385540993,7.013958947357102,37.602228938506116,312.38401398752904,0.009404767154505105,1.6476279434746648,60.36874767954588,25.89596389339519,100.86292246604435,teams.exe,0,none
20.24648392186329,7.492209665085142,37.70176038799998,424.73638304974975,0.1929539516000792,2.0243741845874372,65.69964380408486,27.833964211130453,133.20298175351354,chrome.exe,0,none
20.00002712960615,5.161850264664674,28.296942805760885,349.63918827782595,-0.0061913869941823425,1.2997826361644456,69.83668965547098,22.298998479319696,112.27640299354744,edge.exe,0,none
23.248475110950306,8.652935103154448,43.19589812673344,417.61235770106475,-0.13748537657387488,1.5559762357587394,71.83776393814668,33.73785051376017,133.16751449843358,chrome.exe,0,none
9.827572274490315,6.830828799790839,29.487471572169476,118.65531785134094,-0.0698573293797376,0.8266797948615228,28.59282102571922,12.719020163335076,59.94263052665885,explorer.exe,0,none
11.703162857007621,4.430854952249187,21.6506477224112,198.25875765978967,-0.08100445439202134,1.0999029975821062,34.218121594589675,18.962735729520553,70.20524668140206,slack.exe,0,none
17.647126348298503,4.953063592060516,29.42332868045805,240.65480775861982,0.09047373664669654,1.7785880500830213,47.61863685108414,15.57314240159071,80.91071164332078,code.exe,0,none
9.704587307512828,3.0976675653691013,19.195274134007118,336.6722617364534,14.25335699023091,128.78348766325988,32.31098653015448,11.995751760765328,59.96617480169476,explorer.exe,1,memory_leak
14.812471487648367,5.163950169340404,27.45510053118204,253.24672037065048,-0.22705246137995705,1.6838123889811292,56.94400303270838,24.016694269418277,100.79915936900127,outlook.exe,0,none
19.17126247795444,6.912455998495845,30.776524806326126,302.04971579928474,-0.3031323942164837,4.2744215613065055,70.23957634327142,32.84901821249177,151.41982645551985,teams.exe,0,none
17.115925959991447,5.395506406485125,27.227267969149434,240.3699636906379,0.030476167057972247,0.872814344343954,50.36499234530016,24.093194630032453,90.93111902271647,code.exe,0,none
13.557484018585132,4.968602894341179,28.227907743156123,260.6160823431788,0.055314500266350326,1.3782536936374599,61.90311526723958,23.648181862420003,101.13802033179145,outlook.exe,0,none
18.640739891243033,7.557889808766458,32.08528530844424,306.5309378469363,-0.048500365005916514,1.66900559678719,62.37389843947685,23.098277427175496,101.83307278345897,teams.exe,0,none
20.41797425178761,8.21092463801007,34.53691229006723,309.45265043235554,-0.16044537062833608,2.1477024251832253,60.445272957233,26.545700941291916,116.68386410718199,teams.exe,0,none
8.040130196421236,2.6253683433911124,12.541150914017873,121.3211453614546,0.10155587810601929,1.543387030060446,27.493439795807042,13.33957044516882,59.56682095101996,explorer.exe,0,none
5.46740359721692,2.0506623372831907,8.155707155379613,89.32402014575301,0.003721001977207076,0.5155982593397026,19.725230313600996,9.398350737165433,37.95327372639544,svchost.exe,0,none
6.336949093601672,2.275417767209078,11.006975569657127,90.44403151045198,0.015006619665603202,0.3457822515042774,27.971055422837647,9.171196594339786,47.370375088292946,svchost.exe,0,none
20.644182650599298,7.380542763224411,35.80001195601164,311.8531798240084,0.11606146579774948,2.3158304932266502,55.77727958635483,27.17749665081823,102.50069585063028,teams.exe,0,none
16.38832301291965,5.070280317206438,25.265866293267557,240.51969269637476,-0.019403356767894783,0.9787536831499747,33.682178462300165,20.80198538700234,75.87775215576964,code.exe,0,none
16.73707796651383,5.851234998076946,29.398162686273235,234.55815937512907,-0.24158368312455802,2.5891372539463293,47.889730868842925,19.16900309101829,85.1758595452811,code.exe,0,none
20.708436186264354,9.603612134908005,46.00856748559508,354.80591487033655,0.294416941400605,3.595124707628807,66.7037762224067,35.810181060249555,132.7495039902923,edge.exe,0,none
6.686337574089522,2.800266065883897,12.923587762480178,120.76289527769397,-0.033183128877072934,0.9926608191904244,27.2060764158116,15.089197404609635,56.991527404727684,explorer.exe,0,none
8.636650224012756,8.513393040722006,34.46966427235185,90.20478996530942,0.004407069453699819,0.2888417127578982,25.167988350553582,8.964792853244099,45.23984543451407,svchost.exe,0,none
14.842152534156952,5.409054560012016,24.60467586099822,237.56273822474648,-0.1054618298439929,1.7862565175391663,47.15045912162692,18.151544239208533,88.35405855911709,code.exe,0,none
16.188693843451897,6.907382467850101,27.539196392221584,238.68381653108145,0.014384229638625356,0.7988715528113203,49.28301448867099,15.298191002583483,82.35790470642075,code.exe,0,none
25.129385313323024,8.044112925566406,40.353057483673524,422.52546565671736,-0.07615590992800586,1.5982182805867995,71.70340102671175,24.96650240477154,123.58824101746063,chrome.exe,0,none
23.8702956980316,10.647343193747309,56.01571897711699,425.76377115698574,0.2497583094624967,4.196073700943485,72.57036232589714,38.72019031472192,155.04546097114473,chrome.exe,1,cpu_spike
18.68239233415939,5.963302398029828,30.25107540506228,347.86605395706437,-0.11336559562813212,1.840088886136353,68.00723227919525,23.613480481928608,114.85789249666388,edge.exe,0,none
6.449576959043238,2.360208992849117,11.322828265711824,89.37481248781158,-0.09288343048146004,1.128365319472891,27.124071282487662,11.97453509366711,48.016599365204016,svchost.exe,0,none
12.619963440434985,3.8439663434427565,21.730730014082013,204.03487000114703,0.25742922100009197,2.100076126122003,37.142402597426965,16.371251795660076,81.48786777914424,slack.exe,0,none
14.36598305775107,6.208439453515109,29.535743803419663,256.8320149621483,0.041377762792446524,1.584313745257369,51.035355452782206,23.383773707800803,90.58803169770027,outlook.exe,0,none
20.385177549182536,6.71137465745135,39.16368391615742,349.0324073788255,0.3068017940718581,3.8752143001802275,66.07435862585791,30.515204520719067,121.04426289326909,edge.exe,0,none
7.896237701726549,3.1966260950441963,14.108070732234733,120.10869897024351,0.04260847771476506,0.9192249522395909,150.0197887386027,314.9980346219354,1014.5716227753478,explorer.exe,1,disk_spike
18.37066512232785,7.6924639917751305,34.084422211330306,308.9172648479991,0.1352754614152559,2.652589798406678,59.897287210368454,25.44920269912013,121.79437198331968,teams.exe,0,none
15.778833126788113,5.858109836155315,28.552539379163477,234.48535457358864,-0.186011466790751,2.0362268951739964,45.80459574559891,15.028713833152045,83.22791446034725,code.exe,0,none
11.726704101264337,4.603279732954822,20.111299911367723,199.07060955458172,-0.06787537271645191,0.7962897398608937,33.50406324266821,17.193552439688172,67.12135283812958,slack.exe,0,none
15.785078123448857,5.04698862224638,24.733386500281487,242.20943169078672,0.040913898637056904,0.6153845040998235,42.501129792647454,16.37445104246134,75.16845764862074,code.exe,0,none
13.812089695995548,4.83691575824401,28.2867413830351,284.9355420405174,5.429016506679154,52.76328915218926,39.51495118259059,14.246076114179568,65.91305978293532,slack.exe,1,memory_leak
14.459404447325957,5.373912187798962,27.177133007956925,243.14191675886423,0.10680619637642981,1.2175601157509288,43.75555301993493,20.691040961992787,78.31339803121483,code.exe,0,none
24.15828210883772,12.153182001458449,56.679288041743554,423.8564064281623,0.23645719518370925,3.3753465023890934,79.10972821818204,35.29346866889994,180.48376333964808,chrome.exe,0,none
12.518006362724623,5.1347722588414495,23.485952876625632,200.6397048977286,0.0748618778927181,1.1404347302280449,34.09242264393757,15.00430875292599,57.90046085390057,slack.exe,0,none
13.290944465741282,6.1666685960322125,23.717708706622446,260.23260595058144,-0.05321301674494331,1.4971151674991028,63.91166483063906,20.621981740453215,120.78237253154093,outlook.exe,0,none
6.3171540244320585,2.21947041795013,10.72182789306206,89.91876193060553,-0.0173510257065999,0.5831070628697342,29.52451347587585,11.137776547477076,49.25465777478143,svchost.exe,0,none
23.747695563497224,10.295776759649183,43.069697853518804,415.8924303317541,-0.20520018768499806,1.900317849895217,63.61238995028314,28.898328339980086,118.34125992115278,chrome.exe,0,none
16.136474874789208,5.045925921842667,25.805575798289105,241.24257056423178,-0.05839254223911799,1.7387517947076139,46.70843731748922,16.69553732201499,71.38247989755298,code.exe,0,none
14.165575338156394,5.541968243184453,24.00014549098144,239.2452520381776,-0.08960119476939496,0.9182769660329273,43.9647760213554,22.564371498062414,98.17481250329892,code.exe,0,none
8.717370761989537,2.0317718424464672,14.120467569864275,120.97825399550965,-0.017781717000106785,0.7396672603954032,27.179150322781574,11.276372479139086,47.46326317597668,explorer.exe,0,none
19.17614205542035,9.415503059699114,46.22108871935272,177.1344245370229,-0.14843806080963304,1.0706886026739109,47.398087685702464,17.308019296801238,83.00259416304742,python.exe,0,none
18.898527245947218,5.870743916511837,28.717549484560127,351.23505756862664,0.011522914721342658,1.1509741270565683,75.4470389762163,65.94890472457315,288.77675197894257,edge.exe,1,disk_spike
14.368521433272678,4.178103255311821,23.16363893954588,258.19898361115344,-0.06110188646208978,1.4141372846584135,54.62770457033887,25.562588641160925,106.6152561955387,outlook.exe,0,none
16.315825648147417,5.178468527941294,24.80353984387218,349.7287019342155,6.95770606383793,69.46260690787639,42.92711314825157,20.35156257399513,102.44086518813822,code.exe,1,memory_leak
16.065772055174012,5.087781368419379,23.36540303873696,240.58103455638877,0.043607156282290775,0.8508697680430196,46.29187114652256,18.603002361172877,102.8289779345256,code.exe,0,none
19.898583330508938,10.717816761497817,41.80489118870324,420.255122870049,0.31689274775538934,3.7988220128435657,74.5417625442761,33.071314398975446,149.99034613073314,chrome.exe,0,none
12.350542090260028,3.2737942641333584,18.12419923435627,200.26955886282786,-0.048098726905007536,1.090819583372098,38.484439034599035,15.563461913236573,57.691612135150436,slack.exe,0,none
9.37021671440869,2.6165220003224987,13.26519081871194,119.58512035968698,0.00829249645129219,0.6592887318764467,34.923015493195834,14.204580773728958,66.22018598365659,explorer.exe,0,none
19.4893708359677,5.718876961382693,32.46762911507269,306.8502582066446,-0.2431913995702568,1.9954631064044754,56.55059482403723,31.428093636233147,115.15814451901907,teams.exe,0,none
8.361615393720871,2.5166894136265427,14.649649355117262,121.06732278379397,0.026992130664236905,0.4587875670506703,29.37343420827613,13.750790259260803,51.723656719353585,explorer.exe,0,none
22.339020120651366,7.53499357541467,34.4162029763176,418.16524411051904,0.03959409408444874,1.932475246508778,61.10156990460228,34.25990809165874,164.24982439700614,chrome.exe,0,none
20.274454070210687,5.992927324411633,34.31407039742113,312.6331143053436,0.17660887687637417,1.9029139426436232,60.95770744433001,23.794586243204353,102.28546758418463,teams.exe,0,none
7.511181376759038,2.8450869940340286,13.635516672874207,117.93930976210196,-0.15135150665955735,1.3191267012078547,31.93840614190259,12.350737055177236,53.25829579204163,explorer.exe,0,none
16.718123828120895,11.627845464878911,51.94982091458662,261.60254181437864,-0.03444869682032656,1.4556781031818387,58.714823364172204,30.21954478373548,115.59390571442145,outlook.exe,0,none
8.199658358331325,2.923744815859391,13.93087197607453,119.53067071980642,-0.05776413762440645,0.770817734233926,31.02013250047851,16.429316913987734,74.0608475844544,explorer.exe,0,none
5.60645734137855,1.7699445849864321,8.427468760799188,88.51066799459555,-0.1295593863564695,1.0928182125999593,26.191036424479737,11.934221093121714,50.99064872474193,svchost.exe,0,none
22.35369713710372,8.645907158861164,43.19711818626696,420.75693872020224,0.09302610563788866,1.4808741031558723,74.26905393454743,31.383639580532222,147.6417138991443,chrome.exe,0,none
21.56630388199794,7.509998413592019,33.92246621793739,420.04351299248464,0.05169436202558018,1.4821144728785283,73.30211962279513,39.30876508977802,144.54499447368104,chrome.exe,0,none
17.21525442482906,7.359884209934578,35.28334510935454,311.39109841868475,0.15354133501136288,2.1608772378615613,62.52397026465881,25.615719916072873,104.65910963029717,teams.exe,0,none
21.711376724056958,7.227578125793062,36.00465459624995,352.7765236229063,0.21219165079202565,1.6801203409001493,61.827075153430954,23.043528131202603,102.40484866784638,edge.exe,0,none
14.446403236164453,5.494572072243866,26.054644880372667,255.27542383253794,-0.14746861981452733,2.6595758482301326,58.46892952608531,20.918810699766397,99.99350481445742,outlook.exe,0,none
13.678813481410398,4.213712112792743,19.963449782501037,257.2581174103223,-0.10234051348464467,1.6913986470174243,54.797551748944976,25.352644374150383,108.80608707177028,outlook.exe,0,none
14.43823589837127,5.270338778112576,23.99789977756314,229.6007215160958,2.3508528122152845,23.774559421436123,31.229091626032083,14.28149653177331,59.29783313515838,slack.exe,1,memory_leak
8.752162963711479,3.259092194705582,14.018473845383213,121.12833244410236,0.049321278042065826,0.5281762278198893,33.197437449632844,13.227483096279911,63.9948371934688,explorer.exe,0,none
15.603485327945647,4.559731157670357,25.76813919463037,239.09835863174598,-0.03853999832131194,0.6991060230789833,48.01726974289256,19.224696584637787,97.20389748623884,code.exe,0,none
22.71443762904612,6.932940612257745,38.705156628069915,425.3538243253741,0.2972788701382683,1.9053538686372093,56.07742955018636,25.02634617909289,115.57257059745129,chrome.exe,0,none
21.714647509594283,6.446560829674136,38.14938085856133,312.04223763950546,0.19213479958913052,2.376842143319191,63.88885315392954,25.19978663892115,106.7200754929705,teams.exe,0,none
17.994241404252314,6.916870183970404,35.42674852854071,309.76531814195056,-0.04334524956118268,1.229456725175477,64.27878194729647,28.99542198344902,123.50469349063545,teams.exe,0,none
12.537653669780394,4.2016378987498815,19.675108684277582,200.56805052100117,0.10983055923193395,1.6189789599271607,36.684351708883824,16.20035913755274,72.6134789198592,slack.exe,0,none
18.82202244572606,6.522938983974782,34.33224727458916,349.36927718215503,0.029269983101873245,0.8971338929653049,72.66209376675012,31.298480167464053,131.2477117783434,edge.exe,0,none
17.288509453478206,7.620971282613424,36.768341664819324,350.2896362600119,-0.25149928017834405,3.566485891828969,66.23844624923495,37.38975175629385,136.17439000022807,edge.exe,0,none
15.94697691823126,5.4191612114391665,27.402970232013026,236.74916905883072,-0.07190892935579048,1.1846589269761625,43.28302448030577,18.383055137195594,102.20316402634144,code.exe,0,none
12.79562451999258,4.859106107104967,23.238750294569837,200.7266735864803,-8.717788442519729e-05,0.9836077786784707,32.08518997050003,13.502356969964195,59.29978564547481,slack.exe,0,none
15.109577756040489,4.587457867377567,28.360488874757625,238.01595846636155,-0.10151245134243443,1.0534706295892045,48.35567933449194,15.041007067081141,72.22623600452974,code.exe,0,none
21.15383142717208,6.362859517930831,36.10901848402884,351.30153899433003,-0.021627190024886053,1.477269400488982,62.70565019619596,25.148393837124473,109.92637982053262,edge.exe,0,none
14.2452956177027,3.9644108556954727,24.569535941368862,201.86798550550583,0.1286136814529461,1.5547483076510522,37.052633176136816,14.743783125614737,58.61905040890233,slack.exe,0,none
18.795408827408583,7.555485406224397,34.58035401131599,180.7444574757028,0.062288226141197355,1.1894324903995126,38.301493856631474,14.754410475662427,63.46884479996709,python.exe,0,none
17.252402297580353,6.126428654053981,33.68772784652536,182.1115871636097,0.13367767197246488,1.1115598364305812,41.111300417164756,20.913975313701513,74.72236954078394,python.exe,0,none
21.8471019068649,7.136109502508901,33.24485052336041,424.2243712620431,0.2499574078738211,3.1387562709227215,69.60902549860415,25.67639929517639,134.28034122902852,chrome.exe,0,none
16.39416133665916,4.848914464030643,27.09161475993426,238.36804127311478,-0.2128883776119854,2.247219911416024,38.63275823614326,17.266944018161325,85.95253345658534,code.exe,0,none
5.987415421259687,2.2578053149779507,12.548395634165525,88.76921134563604,-0.0517898175911057,0.513741645404902,25.641274376382263,8.907618342362179,46.07955536629808,svchost.exe,0,none
13.80898902511545,4.652340244715085,21.179068857198597,199.09498164947925,-0.05187408297344499,1.3814095386560838,33.62547072273074,15.845592942127572,66.09424356651346,slack.exe,0,none
23.905851188697202,6.621617847875266,35.31226729228105,420.9220552317549,0.031241276649340458,1.3205174672692899,61.5352536476919,24.56507881925544,114.13894443974155,chrome.exe,0,none
12.738075915076942,4.797058125537348,21.46801372137957,199.0565975683383,0.031069075882647703,1.085065874048487,38.42208379450817,14.215040806430657,63.81074422190775,slack.exe,0,none
15.430440115488464,4.561677183236078,23.65802729761213,242.3151547213329,-0.015033126030525068,1.5562675502351258,40.18358015624937,17.444066665403277,75.37698562712086,code.exe,0,none
7.8088529479273685,1.9857134665603484,12.344349364625856,120.11978729615183,0.029657481641785447,0.4055210314587979,30.50705783280473,12.32372190559591,60.938636262027075,explorer.exe,0,none
24.5979839577585,7.519225403686531,43.635946061509244,422.22798284408503,-0.03862743470971661,1.7382656349511225,66.86731777045664,27.055069842415612,131.08189716006336,chrome.exe,0,none
13.884199528574989,5.084428448091571,22.66786588388471,200.96348143622546,-0.05812296510494832,1.447030710796115,36.4576178708601,15.091778431236616,66.59866576419115,slack.exe,0,none
18.656548237019084,9.525820537661728,50.27712066649934,238.55619390235216,-0.12004356172642475,1.774811404318953,51.040199417149694,20.188435010125215,98.58632732621714,code.exe,0,none
20.75531128961631,8.270955986845731,38.89826032190183,420.2877757083318,-0.02583682794724685,2.736730232980324,71.09591466830061,32.22610000131005,141.38840197295872,chrome.exe,0,none
20.897459235934107,7.515159586088235,34.62897503823884,310.5265540429111,0.2066946867101289,2.5545679329207935,59.78154023788529,28.072287587780497,111.68208386402,teams.exe,0,none
8.275054183070118,2.78068872356504,13.889263311566832,120.12057609591845,0.028421626845146382,0.7489031064973246,30.3805761970154,14.478875029742818,60.87150118294849,explorer.exe,0,none
5.560275851827467,2.3360741902530577,9.416281853263335,90.39127860220337,0.05158795794655191,0.5618106453172189,25.835782934841,8.97930943957386,47.20537414690462,svchost.exe,0,none
17.147970699632253,6.471007393286936,30.42016591569562,182.63299774970983,0.11650712807326234,1.1135930552092363,36.107712431703156,18.37686613319878,68.56802035108649,python.exe,0,none
8.219575151685955,2.1341536964661016,13.54668562748683,122.59757160536428,0.08317684261843254,0.9142027575126305,31.72665058605003,9.902982226901457,55.512065830293054,explorer.exe,0,none
21.110797996696146,7.166192130447555,41.115288322860025,425.86467317952236,0.3589834773825714,2.839375424738692,67.84547520926736,27.229435505243718,125.43844398401976,chrome.exe,0,none
13.03932243614934,5.222120087783094,31.03798734345812,258.89497023753296,-0.12437574074961806,1.2159390849534493,48.04119790981734,23.931788797761072,96.5661358027773,outlook.exe,0,none
12.56682327100587,4.327042081670112,20.256254097696996,258.31089811166794,-0.025252068177496766,1.195963204567204,56.36895904806361,21.537361411799907,133.21636483337704,outlook.exe,0,none
16.763385953543708,4.417656716307972,25.04838751655354,239.1256805155723,0.0068043370295451195,0.7294531192347596,46.11170374617792,20.4865274477199,84.16150098324047,code.exe,0,none
15.655527941460749,5.488417930420501,28.960601157865337,241.08894949974533,-0.04074158916506481,1.8044795739587962,45.879592761639195,26.991934555471172,97.76771955523941,code.exe,0,none
14.562362016031333,5.421008182107918,25.02329871742815,265.7348215302903,0.21908014658651118,1.560312164452889,55.63021354938579,20.36386601263151,99.23469620740586,outlook.exe,0,none
5.833496208738729,2.2109942232242323,10.844684024069098,89.47907130397309,-0.05008775804671804,0.5558685386021202,64.54294892590255,100.43005639308272,368.3579592010737,svchost.exe,1,disk_spike
19.2774997054747,7.0028301691186305,31.14407280036223,312.99977849304065,0.1823760560580657,1.394775917704713,65.51274761798152,24.154066737240015,115.44958404032789,teams.exe,0,none
19.8487974035155,6.950972563699706,36.00049701219163,351.12334190308314,0.16151465013317648,3.6879869425500296,61.12850311158499,28.049057999948005,122.40289422809943,edge.exe,0,none
21.831307184651767,7.961581872931497,39.63953072638438,722.2549542225893,19.454939609586663,176.04834214054557,67.0364077206884,37.134123264895784,150.6375028998388,chrome.exe,1,memory_leak
18.23572958661875,5.140880022842083,31.554523742469684,313.70724465407665,0.1535547542335962,2.57560170537256,61.318713811717735,23.609781546321937,126.04637141345854,teams.exe,0,none
12.925402763243167,5.118505390945474,21.946622728890123,260.78209409046553,-0.21229830468877728,2.323269999560746,61.76917793682799,23.923109317638517,126.46007434975638,outlook.exe,0,none
14.172408373950896,4.991539046687425,25.95399938694929,259.42516613421435,-0.018475643388171648,1.0547347503890823,50.90481184378775,25.41603638344673,108.14482649272111,outlook.exe,0,none
21.290771434996554,7.688006032851027,40.32599756412886,310.153852010095,0.0029008163294236057,1.7754643575383928,58.47238103821896,23.703196308097805,117.33939856895869,teams.exe,0,none
21.57005195904499,11.265553081963347,55.23136941013478,351.71797967979103,0.2480504164672387,2.4953296435482653,74.4134057554702,33.43960474070872,145.05842273105094,edge.exe,0,none
13.89779060302471,5.577725778717359,24.175026814860026,257.9747726979991,-0.09314729545457681,1.9039247395632506,57.66091130909341,22.563380561488824,100.11745940332345,outlook.exe,0,none
13.921703066785607,6.567037195744332,29.611071145215398,263.6731096606532,0.0729091698266719,1.5434125277874498,52.73031831308434,27.88915041790397,97.00214382909724,outlook.exe,0,none
20.634819416233775,8.205259561847301,36.67590718450068,307.4085177801042,-0.15431656944853103,1.8784124329974925,58.91339140050868,28.557652375552934,129.02613073460662,teams.exe,0,none
24.700087715060896,8.093576241396892,40.038913026275694,500.7564097177679,5.385697125035984,57.078571006312764,77.07067167758818,27.696238440830783,124.03883653538801,chrome.exe,1,memory_leak
21.21313069039148,6.521692682635067,32.29446478937121,309.7867172583221,-0.08926892768776232,1.2762253136841732,57.27235140422747,29.860573295799824,124.88629902195024,teams.exe,0,none
15.892409332972496,5.654198979097565,26.48926004452877,240.10827500364422,-0.01957784317427619,1.2962463556323385,46.24406082456543,17.952022215841094,73.5801575534911,code.exe,0,none
14.979158841260672,5.4272581817772245,26.556632594444395,242.29938359050314,0.2850019602234596,2.915372992661002,35.20012206840909,20.46181774367487,89.72025574407294,code.exe,0,none
12.36270825526782,4.9457495995540315,26.43659683270909,263.69040285232796,0.2809659482452484,2.0773947960137322,53.850664208215655,24.066840889092813,101.32919047442434,outlook.exe,0,none
18.066474143195236,6.3985708577464875,27.09591632564034,351.31401194001415,0.2534586251766408,3.608628537668926,64.98295807598244,29.441641245790354,122.9568881438169,edge.exe,0,none
16.529773454709638,6.039187886684631,30.115932176371665,243.86767980539307,0.08628085821969193,0.9613434072867716,48.74995848703714,22.290905726152385,100.65688413676742,code.exe,0,none
17.70842783908751,4.487861978251592,27.624664320234064,180.02293180933276,0.08605158278553612,0.7900673078627828,37.81074809866671,17.958384887916548,67.96468308046028,python.exe,0,none
18.97496082259061,5.593089532772064,29.089484626317343,178.19807707384606,-0.10988161253196344,1.091768592819807,43.23764851975044,17.258573887271513,89.42238883709791,python.exe,0,none
17.017983192638773,6.051368966297426,28.235308269296247,184.76922796629484,0.1910468982794621,2.4118636140597967,38.810376660660005,15.435804028977326,77.62842406801168,python.exe,0,none
19.530375905255312,6.200034697206565,35.78013150223039,350.4472211025469,0.07187198871797401,1.5375981786049913,73.83280164018632,31.598647816279417,134.38712064214752,edge.exe,0,none
16.70269345570347,6.368090416128754,27.750501418770114,182.02270934438494,0.10754162057268009,0.951867042654562,44.02000585129155,18.22523972953128,77.6588549468041,python.exe,0,none
20.519998383052485,7.764683065055094,37.39768140702553,316.5023340836889,0.2613122156205596,1.628846603209759,58.989026572567575,24.395932477063887,105.94236380358548,teams.exe,0,none
7.3607568335351505,2.708864507506575,12.436945253874368,122.018549782517,0.1271902838859295,1.5928996690403319,30.45138440024107,13.141564765217334,61.39482994756423,explorer.exe,0,none
15.59218652366316,4.298250670931732,25.48810938857177,253.72464711215557,-0.29676433905900507,2.3718232480876633,53.31753399668238,23.87758553218539,116.89516732181454,outlook.exe,0,none
14.362741157233664,4.8189003833787964,26.15611485114072,259.92369464000575,0.083059823328648,1.7177437737211017,50.39760280420093,28.85468805668645,107.00827431718986,outlook.exe,0,none
22.254314164780293,9.353709604499965,42.52335731617533,420.31689940058635,-0.07750308281016298,1.9551342089723838,71.25603715681386,30.420197476925924,137.914951583304,chrome.exe,0,none
21.802449149200374,7.638349718196665,39.182987180072445,421.9142572514569,-0.11574926407285109,3.6943852879263357,68.65744728624027,30.694621845621498,128.75861417232898,chrome.exe,0,none
13.362447395186537,4.361526978165989,20.712278181770902,260.310221237762,0.19444360629525856,2.5665111208493254,53.53795375102728,20.9882700418838,99.38087098280846,outlook.exe,0,none
18.297010069060597,5.825742518989871,31.409442876917296,180.02030534225887,-0.07191864780724586,0.9539633773037324,43.07488539121906,18.057026492397547,78.3389799230998,python.exe,0,none
23.53375209960126,7.059137749095514,42.045931881418824,423.1088876203755,0.15048373188041828,2.1607980939196323,70.60839033787741,31.417815873576874,136.51317393626826,chrome.exe,0,none
21.195351515894792,13.199649328519762,57.660192310124266,177.4622747955271,-0.18082402585262589,2.1095873914475614,43.65643490359582,17.28596124705437,81.15642268556505,python.exe,0,none
7.8271389191666145,2.2337184268811527,11.254980560610646,118.02302852515622,-0.0051861001540676925,0.7181774256927316,33.12705040687775,16.074151011339488,74.66302793125864,explorer.exe,0,none
19.43868476181744,7.7471976476095605,36.328381485218856,422.80092548906265,0.24701619049431353,2.72784872609983,66.11611581344232,28.916866307202987,136.09826194314414,chrome.exe,0,none
15.429426196943268,4.7929604009486315,25.128826160645698,238.66473150935533,-0.0036367595283451236,1.3772650971731157,122.29558083519366,246.9824782493271,913.5555147901238,code.exe,1,disk_spike
14.481819371426287,3.444616220831996,20.06167711730846,200.86882579972252,0.030888594825088943,0.9629029976639619,34.85301838956631,14.578950516228423,66.13649108588072,slack.exe,0,none
22.32261288019832,8.144157662506977,41.55590073283071,414.53194907328793,-0.4294185880745412,5.6750433671973015,67.81073551042371,28.434863090342684,122.05984170408944,chrome.exe,0,none
17.86444194268795,16.48251920679978,68.92409891875238,201.91381474415496,0.099829846765824,1.4795329734877822,31.40746685453047,16.4483326526552,60.69964848885697,slack.exe,1,cpu_spike
8.775141399312263,3.5163401155726106,15.094483764068416,121.57648994984622,0.046759606102176575,0.7128989200073458,31.32699068355955,11.384419087832644,51.06743017963074,explorer.exe,0,none
20.11991881842301,5.9334293259104856,33.683606901237006,179.04165777862303,-0.004044577160452908,0.6741578523742382,40.66452471741392,16.56598267065493,72.32461329260036,python.exe,0,none
16.432181324598446,6.353921661859441,38.82294419579314,238.81900100236132,-0.0425117700396432,1.2395258998600311,44.36539112175203,19.63327380694997,83.10930510473322,code.exe,0,none
16.526200522513996,7.2916083589441865,33.039843429509325,238.10236358156132,-0.08921390548005187,0.840989203151966,43.00440409855682,22.280986498192856,92.48472180755434,code.exe,0,none
13.497924968833171,5.070814296056835,26.646968310290816,197.82838396709045,-0.1925892736119664,2.079172996496436,40.40059531829905,15.675909215291155,76.36319122232575,slack.exe,0,none
20.504744262528074,7.878653296131092,39.46738751048082,345.0666273635825,-0.19952129660238332,3.290556501089049,64.55544589862563,29.177277498655734,120.46732687777282,edge.exe,0,none
15.648058083183901,5.941425838325696,27.292379444136774,241.88845598975138,-0.016806817307158894,1.0604667906604632,41.84567564461762,14.88039957023389,66.95771382231374,code.exe,0,none
17.10238567915071,5.900383840737726,32.247647905343726,179.53947788610773,-0.006615588247281797,0.6467606283642808,37.38884219464312,18.965370468586993,63.6872961174671,python.exe,0,none
14.169946681742264,4.786732995901444,22.843576088327758,259.2945329996092,0.03966405287065981,0.9273462014197167,50.03021556973386,22.924137663822286,89.23496484003007,outlook.exe,0,none
7.385645832662961,2.6709400982032037,14.208666577950288,120.70205277659717,0.06281860636850638,0.5176277395287759,31.250875194062438,14.794763654846477,59.28465233265666,explorer.exe,0,none
18.46363347207303,6.075367123017213,28.244812890046994,182.3693716717997,0.12457624242366212,0.8790112407299326,38.30464110341884,17.93010152735237,79.01751417833394,python.exe,0,none
6.256478306247988,1.9556375556099452,8.788886458519372,90.35999953795577,-0.010897318849371137,0.5446255602872555,25.16170171946678,11.040291874268924,42.7015146850202,svchost.exe,0,none
12.609001450377441,3.958551309956322,20.34806311284874,198.96497841693707,-0.018295403556314226,0.958657920015915,35.96605416741175,13.706014177441071,75.10472312809726,slack.exe,0,none
13.507430039743346,4.77266119435386,25.32821063897377,259.97750308456625,-0.07882149905274977,2.805304279426496,50.64262813458082,23.20810715816933,105.74550412249603,outlook.exe,0,none
6.267204947068711,1.481660574136259,10.263052078817747,89.78003519661357,0.00595413555442453,0.4989917836290928,23.150496837217847,11.16565808943422,43.58704081915663,svchost.exe,0,none
12.834289958533889,3.650285715560612,21.02744979425966,199.7906810460395,-0.132708314723403,1.5062110530253277,33.336198872019786,15.591917901496487,75.14517038969387,slack.exe,0,none
14.438514780052213,4.374594693904022,22.100105793391098,251.23669520868904,3.3407894154713875,33.12237652271805,32.029841300418454,16.318152929326505,65.41942987428195,slack.exe,1,memory_leak
8.338076282161898,3.1178468171586027,14.76146813035297,119.68525709034537,-0.0758442484905558,0.8150688431753453,27.893210794012383,12.549078915120612,55.394910491611164,explorer.exe,0,none
18.580003929048324,7.013016241985336,31.228653164891583,177.32411178757712,-0.16127851667945,1.4547280456054041,40.642004184630736,16.886390228534513,92.23916163680101,python.exe,0,none
13.75226751862329,5.342008503426304,26.248990663853068,202.07598275406448,0.09744914629190475,1.214085974768836,35.25631637201643,14.18320570836641,73.4561601192384,slack.exe,0,none
19.482352752798295,6.909687172447318,36.80056372306633,310.63654617223716,0.06320384720575968,1.729057672055262,64.85728764994805,33.2750263695067,135.3573620883754,teams.exe,0,none
8.773076160944816,3.0095130213354397,13.077640767976483,160.20289305433988,3.2602285302094964,23.8692478989005,31.659126841778665,11.253712010093054,54.95356412058128,explorer.exe,1,memory_leak
12.75027425635218,4.086821833466548,23.25043606837253,197.4708331979033,-0.08573108216150066,1.0197124416464196,39.87989104984946,17.422276335592,67.31001213086085,slack.exe,0,none
22.957428256415316,12.110767669664897,55.83740461209374,354.80882029805053,0.17315553670889586,2.219153734350718,61.55427711013781,32.75797823921089,120.1548064981765,edge.exe,0,none
13.104105685467058,4.22844338799825,22.11605306760668,200.36198682049422,0.04095385345236006,0.7463912359641042,31.292792890078065,14.992134437264777,63.62881259091348,slack.exe,0,none
12.179917090098844,4.847793753045226,24.046917970554933,199.59192926722872,-0.030013041120560992,0.8075158358461256,36.72922829836136,17.723142586911443,80.84036285227677,slack.exe,0,none
14.54835860721854,5.495767541677667,25.522429890324002,257.9717010952125,-0.15934717042848662,1.302425466682651,50.846646628971286,22.918305934356898,99.46070921214246,outlook.exe,0,none
16.862982110795166,6.599358015722716,30.741736094576236,352.221918125523,0.07014223057102716,1.364274698491102,63.47898020627037,25.76567589659827,109.3717758459252,edge.exe,0,none
19.21662505835641,7.505837832655283,29.565617106230793,308.30443462864247,0.02837534433855164,0.8197370351890897,67.28372811338548,31.583928199305007,126.64687800286612,teams.exe,0,none
17.76284249662817,6.215648246357801,29.67707051085116,353.21032208446815,0.11548891772271569,1.58593323829008,67.55660447889457,29.373956388514298,118.97705037838179,edge.exe,0,none
12.287083973891377,3.627805900165185,19.8672846733038,199.0969868222643,0.02177604482411842,1.5799592813119567,32.155134831653655,15.441006281079485,73.155530934025,slack.exe,0,none
5.79173687243622,1.994892677556688,8.99437070532953,89.54338027880361,-0.05001255353739585,0.35493079708777453,23.507337729719236,10.776976483174591,47.94186940992945,svchost.exe,0,none
14.572082063958026,4.5978440650465675,22.806207462857028,335.548653907875,5.317418224316083,44.940212841229275,62.81442410718314,25.552133349920105,101.6972735845547,outlook.exe,1,memory_leak
16.384811983665593,6.996496034099627,30.200584259549714,180.23229066205778,0.1848368574991838,2.116030008498306,38.1421307826068,13.836519873073694,69.71199925554123,python.exe,0,none
13.992736251088425,4.852936105036744,24.757611592722952,201.35684128635378,0.03820072941046533,1.041411935506737,37.01197917576615,15.85991182611567,64.32066796670073,slack.exe,0,none
15.09210876503567,5.685791161422618,24.36193029503803,240.47237410440064,0.047304966105153314,0.8841712489946197,142.25445956827008,196.28590974584162,597.3153859683017,code.exe,1,disk_spike
19.43716777450933,7.798041120909792,35.297863805299066,354.6785393931123,0.20919914158343053,2.641428854728822,68.2767971399298,25.280113570718694,126.87424076842905,edge.exe,0,none
22.487968373571633,7.85546499671085,37.26889266578236,421.7895259042056,-0.0019744350420448126,1.309615717565742,69.3408835910462,40.165447809987484,159.90615695742366,chrome.exe,0,none
13.516639568185212,3.866043705957294,23.31596941683884,259.26412843663513,-0.0626196354132579,1.4097104402522342,50.149898783100866,18.35153584175552,82.4452971205244,outlook.exe,0,none
12.889448346073742,3.9285997913859805,21.792842289973272,199.70111893995738,0.006503528677829233,1.0682376374579843,31.1444386585241,15.738554632312896,64.56285874196735,slack.exe,0,none
18.060402828062575,28.008339107456987,84.18259828240257,89.55741865473011,0.02478407156198775,0.3489768233879992,25.58123623110478,12.008527969838982,48.5084688688482,svchost.exe,1,cpu_spike
20.896042406114145,9.032139972846489,42.764855920965275,347.2943792110953,0.02705173926855764,1.9563459825962022,63.281786370443385,27.265489932482907,133.8205581051775,edge.exe,0,none
16.013122945853556,9.788943993451673,42.32655271906165,202.9472907988116,0.1296164675578126,2.149775412665669,34.351990330973265,14.950275107635763,64.90342333386863,slack.exe,0,none
13.539438225771173,4.381799929773425,21.885443448475865,197.30953602847205,-0.0943066300118223,1.0392919602434223,32.1180173961649,11.475146394306748,51.82217449769439,slack.exe,0,none
27.138271014938184,20.65648778186075,88.16302258659867,349.53530666881926,0.0964499657322032,1.4668116769145456,61.42486494850104,32.70153261332075,121.24646772245995,edge.exe,1,cpu_spike
21.909435785065583,8.335819289798234,37.290607600341886,423.7590399406051,0.3663350457268564,3.537281336928938,71.57894547235765,30.819566623672085,135.08746247045565,chrome.exe,0,none
23.72609918339929,7.408289653545965,36.18466376808039,420.6379604060116,0.08910932710822218,2.1252020114417842,68.94282804070998,30.077235239334,118.85409133972347,chrome.exe,0,none
21.059232203481844,7.678582904484969,47.94790678238283,308.0335635855165,-0.1893587667790276,1.789650247459467,64.40412959347019,23.988332353694968,124.354622969582,teams.exe,0,none
18.890632409280816,8.60638204992016,36.0453011369253,312.496256303907,0.2859669019969374,2.037198812808007,64.9056097459447,30.9016959642798,134.80551952044007,teams.exe,0,none
18.863401830065715,5.556297601498514,29.553569756642027,179.59314002485658,0.04393442178407365,0.9594025453388396,37.46238138491207,21.152773825847586,77.27280747469646,python.exe,0,none
19.43180783000246,9.448545944429073,37.27627663505511,419.7427566621297,0.04563382395763256,2.069211758901902,74.26141474282043,30.176024768832363,155.63154643455135,chrome.exe,0,none
16.78945798381127,6.5159741158394,30.39711348579093,183.11331580710015,0.10278755233409148,1.0396911602125132,44.21766526595149,15.091033939355233,77.97510644025753,python.exe,0,none
14.895636047523542,5.130533858133881,24.739170130583204,240.17245055020106,-0.04241028785658045,0.9390619506666728,50.07739164179055,18.192100516596586,84.95951642926859,code.exe,0,none
19.459816293280294,5.0646450171219,31.06379516591528,305.7239837778541,-0.146023915351761,2.0908532253401018,63.021033836696645,24.527851464815313,106.9174673570541,teams.exe,0,none
15.745410292568126,4.811525648129923,26.07954137346718,239.10111780279684,-0.020499409848006658,1.0836294434400875,50.45810947911606,21.11771720770184,85.08636529180069,code.exe,0,none
18.055779530102324,6.403702574856716,37.26586071367312,179.40276901307672,-0.04268321198211898,1.0889520767842433,45.66579858128007,17.44222005141922,79.62150895824215,python.exe,0,none
19.85637272522341,6.698011649433144,32.50935209451232,308.7018149182977,-0.07900047629236534,0.9927451430059572,63.133886421301256,26.438717734869844,108.17366087271579,teams.exe,0,none
13.142043758524835,4.345024041707376,20.033763522487376,241.82471293547752,3.4540359882371234,28.37163734682132,34.13558983508931,15.277044271241282,63.19551716865361,slack.exe,1,memory_leak
8.071980303263564,2.524710932871432,12.817992731128268,120.68372320910095,-0.011744678002644567,0.5599007059491093,33.94193735609183,14.527579830596755,59.63628832936491,explorer.exe,0,none
18.595201168078685,6.435542680059544,30.074894577444077,179.45139221569994,0.015429597537773058,0.4913628037331857,40.184158760596254,17.95714432587671,68.42826192415814,python.exe,0,none
16.47776844506423,6.5856162598073515,31.744394312524214,239.9433448466237,-0.092091637317165,1.345546822424947,42.244952302244776,19.841748699061714,84.2249803712028,code.exe,0,none
12.338978583175017,4.329962514753131,21.594995740195095,199.49989302637601,-0.0590757668939735,1.108378996128509,34.28550559432618,16.981657444710237,67.71130631283124,slack.exe,0,none
18.636695340435704,7.816282517650854,39.872511661188256,238.5386665938452,-0.09392196798335041,1.3323069426705876,50.772492110539346,20.71097126993507,108.08178515849247,code.exe,0,none
5.696416791228805,2.248197519180071,9.744039177247604,90.6809937585868,0.024744704557789512,0.42808164532295556,25.963282154567846,10.250665952995353,51.9535057014874,svchost.exe,0,none
21.440633350672975,7.522434425701406,35.676149624596206,307.8010650619995,-0.13485364745642225,1.161240502841074,55.27036213941118,22.009428027086866,102.53626231854076,teams.exe,0,none
6.397063728413412,1.5632749864328455,9.416488500356074,90.41203000243162,0.03055051499176642,0.4910377306574773,24.880225854252433,11.27449061282563,57.25062931346131,svchost.exe,0,none
11.866226660621647,4.5219602442619,22.532050781860598,201.1911786517761,-0.079394556309587,1.7220142486662713,36.0009874399741,15.547305019020172,60.4928644765623,slack.exe,0,none
15.974089291559698,4.853681332690873,26.453120331638583,238.075246219511,0.03125618561742935,1.3626862121156122,42.13022407231337,21.297303081828904,99.9401270603725,code.exe,0,none
21.211098071653097,8.295689223030758,41.88321059954742,312.6195714148926,0.019063198601128307,1.677966125506698,62.72929787314101,26.70172767363383,113.62914637321725,teams.exe,0,none
18.976961307223224,7.077354358469876,31.183075446804178,185.1130030402824,0.13863300040981888,1.8228858162740058,44.97768154022952,14.62288241823783,69.24100944930954,python.exe,0,none
25.48230306807856,8.093146660749179,42.737989916312166,424.812718211998,0.3647645136123648,4.461194694331425,62.116720571815776,33.97067251675905,126.452175478599,chrome.exe,1,cpu_spike
5.974274292662824,2.4612694496565037,10.983211552657316,89.95631705431967,0.04470238111989365,0.5706446891784679,27.290509958594935,10.346195390580872,49.79249500723262,svchost.exe,0,none
17.67324448939804,5.802788894763731,28.079520182259877,347.914240429336,-0.26585931887075653,2.4682367633923876,66.8379959151934,32.08368952727503,142.20633948388115,edge.exe,0,none
13.401039541241692,4.031944729900075,21.07797578817008,199.29588547999649,0.014227016487612331,0.8357860925107714,36.20340912536893,18.615980446245572,65.59661002621002,slack.exe,0,none
19.078959176829073,6.77975239191282,31.927304035254352,413.8932965151059,-0.16564776823480923,3.356950500219159,154.5001216084327,189.66999836121605,660.0826348667041,chrome.exe,1,disk_spike
31.65647992267001,29.110611308849577,91.18264962841685,181.88010859667074,0.09477133913306848,1.1348400067768698,43.931204746022,17.1309663409213,84.46153289745351,python.exe,1,cpu_spike
16.105461780802987,5.86013073058093,29.038919979908563,240.64253515985607,0.08272932139847171,1.7503758845433095,46.08541128100041,21.558707975544394,85.62786437007756,code.exe,0,none
18.10801508277605,5.98845754436931,27.849496033239554,353.6619597502218,0.12250785030348273,1.2208742639537256,60.62087872249507,29.592642702559992,115.97849355808984,edge.exe,0,none
22.932758268212563,8.984191389238138,49.854559519205964,309.9737123868346,0.03070646006491605,1.122639544290226,64.50655504556266,34.75464877408987,152.58489896509658,teams.exe,0,none
19.67141233899546,4.548278120659505,27.20808241692029,313.1050439936715,0.10777575157310745,1.0876791158124581,63.81457401671398,27.771638368614738,123.08511498055995,teams.exe,0,none
16.212687001904452,4.242765459360094,24.072707347532912,236.71208722140184,-0.17702365100503623,1.9943023833000229,39.66797053865661,19.855822544149397,92.57995345658065,code.exe,0,none
6.657133794004395,2.2685581384065547,11.091584639807973,91.43780830312332,0.0757198859264984,0.77446229990601,23.208973715059575,12.263325542978896,46.41392818141448,svchost.exe,0,none
8.038333263120165,3.0525556285541406,14.517428680969036,119.09082221715948,-0.06970921398771755,1.0091739415297902,32.01794921738547,13.205395840604774,58.039237142225666,explorer.exe,0,none
5.789009250506225,1.664728253170352,9.663767343362165,90.27250262487473,-0.02719349925984839,1.0931979682723076,26.42485114614268,12.599026226245579,53.525304209559394,svchost.exe,0,none
18.035136319172658,5.801833276569047,32.2732433197994,305.83424428795814,-0.39414700652214946,4.060162656449231,58.08190279459381,24.435600650717884,129.1228924321321,teams.exe,0,none
17.74497384498827,5.830821668751165,26.26772985539896,176.57041993958475,-0.13471362774700804,1.6936426745979214,42.32073657300965,17.6901925208438,86.12547844290822,python.exe,0,none
13.316118840220959,4.3926435488341475,24.455194915126683,260.9192448916023,0.07435049994235783,0.7300502706667422,48.111121027710325,18.89798110027158,97.68663481853976,outlook.exe,0,none
23.757979648679733,13.660960213374697,67.70496736419939,345.2653783341837,-0.2668076929521741,2.7016027721615217,69.2712550401161,20.455534233775456,119.87616690571372,edge.exe,0,none
7.373713237457739,1.9633699882898998,12.014609917304025,120.94261824337079,0.06041246791187215,1.0922452418044302,25.88473244089936,11.80081140886211,48.31676712547153,explorer.exe,0,none
13.354739917210322,4.268564263807106,20.80482299110527,254.66537961730603,-0.24338930677036028,2.423087464008973,54.75145044141427,23.22757554115891,112.45463073196922,outlook.exe,0,none
20.890232971074738,9.212378628339037,42.64464152487634,348.2147771197666,0.06721604752346859,1.9494315852735107,65.87369985642114,24.876436888174197,117.90853012448436,edge.exe,0,none
18.101174738459353,5.484585447149086,29.178377064208693,353.4747927325423,0.14910059239375262,1.7686877847068958,67.9612375281808,28.710996242630312,129.62341558823462,edge.exe,0,none
13.341185053767987,5.0576930661456165,25.42659559793084,198.60091638757487,-0.02758953015026009,0.7237188157239062,37.57935400742274,12.641269653575911,59.88131088342059,slack.exe,0,none
21.681607445931775,9.43404816960448,48.6005266703676,182.13216729735166,0.11029499123789606,1.6478940076478283,40.55742164374816,19.655303684408427,68.7772474906659,python.exe,0,none
5.719768419668013,2.5736256956076202,10.315567320370008,90.29312137918866,-0.0036417233971116993,0.35264318412384293,29.49127607835538,10.440310277620961,54.320683897359515,svchost.exe,0,none
16.685624599057487,4.6007455986266645,26.60027841885054,241.6492060518008,0.038129807830666586,0.8984448720728169,44.26833955570633,18.824451861202355,85.36635495536984,code.exe,0,none
17.61306026887078,6.698098524170187,30.927849367089514,179.192915373436,-0.02635542390782746,0.5553141418018286,48.935042202860764,14.365388425598582,75.2797168264195,python.exe,0,none
6.266098760649632,1.837340606251532,9.01906140739911,89.63897829319423,-0.04066367832011034,0.610997865382435,27.44956286183888,12.539424227463044,49.12740973910489,svchost.exe,0,none
13.152071941408188,4.300616027943236,25.6018484076262,198.75796453135024,-0.06466523081993217,1.4621030010700986,37.43503071462352,14.310625986629441,62.10728197192623,slack.exe,0,none
13.133744692973087,3.8174163232619622,20.821203332660122,200.19852413287904,0.004066164567881477,0.6179174506678228,37.496437021091495,15.980477313284396,65.8852913196595,slack.exe,0,none
15.646124024534846,4.172399547395942,25.70054033715007,258.1698235907113,0.054550693441810454,2.3646232943319294,64.49315964356029,24.282697930609096,128.9627623807824,outlook.exe,0,none
13.892400607584953,4.489051875075883,23.301528526616615,263.9282014486634,0.05410356793257733,1.126101018835702,43.95312904872469,21.972760149861287,82.9605082027279,outlook.exe,0,none
6.593929684477155,2.4841614232850326,12.120986522358468,88.08233149334515,-0.05455606607187349,0.7224886769878974,28.121131637676942,9.524785722905218,49.5409010728784,svchost.exe,0,none
11.582114050272734,5.234224014382895,21.48491317012843,198.9793349523545,0.020420141235642102,1.0491772957223893,34.80414309192214,14.4098439530042,63.12364216474831,slack.exe,0,none
24.74385210681252,6.701027786812193,39.96967472651963,415.9176164996491,-0.07538268370058177,2.361182372248352,76.80883079781752,30.40836356557856,127.50640404465565,chrome.exe,0,none
13.315352293127914,5.013617508814654,22.050068565172488,261.1475816451278,0.007341357387885713,0.7105766455974815,51.461535243727326,22.107509482084588,101.65029366200574,outlook.exe,0,none
11.77303639135835,4.278929769760692,24.19141275813458,200.16517096108774,0.08332824567403066,0.8854841538354911,35.52278435185903,12.964933108096812,67.25834432462011,slack.exe,0,none
10.468381033489168,9.275843961352457,38.63901859571031,118.76225372166779,-0.03617869456148573,0.5241335063145013,31.51841984701015,12.064141609694671,55.55109241479809,explorer.exe,0,none
17.756836516569994,6.531055038425806,30.282609890581085,181.80902427844993,0.06798256628989728,0.7967166013704967,42.50780141352104,21.2163164923733,89.19676128855639,python.exe,0,none
21.292146190531337,8.66354925996128,39.19493795541014,419.83300671025984,-0.19625119915287617,1.7762242269646753,78.6874280170936,31.98543831572822,143.54751880102378,chrome.exe,0,none
7.733056308312845,2.77844758071408,14.182987494707511,118.5495421241276,-0.1556136578887068,1.5698229805624475,29.825909590653772,13.72372988228746,56.669510270883485,explorer.exe,0,none
14.397214830908215,6.084914304815504,30.35903705979042,242.18909205769904,0.10909571352864873,2.3480722496685003,43.5125017931641,21.904814131313614,90.0415484285217,code.exe,0,none
18.325124854223983,7.789190166775607,36.76458116329022,351.48963580412925,0.2658524396991254,3.7612223922457906,62.281632889562886,26.116678863062344,114.91497903810122,edge.exe,0,none
16.9930355178247,4.81025511199155,27.220156553909185,237.38726899988313,-0.05197992111428675,0.9035114789001468,44.28224088773614,18.88927027604517,103.36506073226903,code.exe,0,none
23.795949572498905,7.096436396981141,38.02827610700621,416.7269601600488,-0.16429531310641135,2.4620236951643135,74.59237454474663,27.387460074652903,140.9008103559687,chrome.exe,0,none
5.955202390266693,1.632633344034514,10.18180233533346,89.5059963056903,-0.026070842404377476,0.5122107330277099,22.999798410071836,10.926359311839906,42.56954320402794,svchost.exe,0,none
16.85009255521371,6.939825798530932,34.1279161257105,181.49600758063062,0.10644811501833829,0.9893790161217648,35.51809478352841,17.062231347011622,76.59672543965331,python.exe,0,none
16.791335238312104,5.908859890359237,27.158890629778284,351.6500343199785,0.12261826040350267,1.1087396729194925,70.62156646938418,20.826345318347993,119.6074010798778,edge.exe,0,none
21.69104634714923,5.674248398228073,33.27973284187931,413.57739030270386,-0.47364905654655065,7.128231400598485,72.85856119972219,24.883694760162545,120.12643771393418,chrome.exe,0,none
7.59596839640827,2.518980770769268,14.36163573698995,119.28901614655973,-0.009736663698746402,0.4072576023492067,32.605313726908676,13.887763188426478,54.95478266746929,explorer.exe,0,none
17.153790124135924,6.111692794621092,30.793858494998524,177.40845698911158,-0.09279327087152467,0.9651076733529365,37.573327677583784,13.02504273260319,62.71290411998419,python.exe,0,none
16.664337946290452,5.2240599844642075,28.974143470353624,238.38834864807106,-0.03993993406935393,0.8655022083205904,41.87914333321759,18.852638518292757,74.57420640083623,code.exe,0,none
21.703491057381754,6.814522527949498,37.24763240755925,313.8592951506906,0.26735233228534033,3.6640849479943483,135.30940619081122,213.80937260108968,775.4109697874958,teams.exe,1,disk_spike
7.895837783241993,2.526756900952837,13.37616321033649,119.5436354040647,-0.01600616332193899,0.44784776444796615,33.72948046436725,15.726610164065551,65.31550304124227,explorer.exe,0,none
16.054110785389362,4.822595932360591,26.430929404443155,237.11646312726216,-0.22091896810141803,1.6945361719704624,42.428034504334185,19.648227012172644,80.81569956822247,code.exe,0,none
8.013323539278955,2.8086659470349673,14.633676657713888,118.17549212994079,-0.07026632324635453,0.7920715667520608,28.206380208101518,10.870046180095558,48.89522772168313,explorer.exe,0,none
22.500560143551557,5.486774035153073,37.91254673088356,421.25737901541396,0.25540570096637033,3.9094610958951033,69.6946974053638,25.968615358163497,122.3866827857244,chrome.exe,0,none
13.880275450932334,3.7659062905151774,21.75825480850017,200.9837762380458,0.07317281103912782,0.712520382154423,36.61628334339012,15.874320287621853,72.09604411684535,slack.exe,0,none
14.015691315933735,5.462455963981598,25.12735392754596,260.66057073147834,0.021073610562331167,0.7207000044700164,49.0631723074322,30.908202746914498,120.10396950172073,outlook.exe,0,none
7.071847814973017,2.7866932157454456,13.421087840847038,120.04846337051654,0.008658889538357074,0.6686104637294605,31.42717148008247,14.331601055987264,61.39980817565674,explorer.exe,0,none
6.077970746273208,1.846660043406817,9.973052873942786,91.32410985031414,0.045365177665113755,0.4874281879924281,25.619484035299486,9.901561000729052,50.79335290544337,svchost.exe,0,none
13.995555284904604,5.079847975691161,29.903783304402555,259.5644420113384,0.11355858679737214,2.858907172898124,53.15204356094604,20.867575797340987,96.0779325956768,outlook.exe,0,none
21.831643464669774,7.277500320628265,37.107789603207365,353.6525912111517,0.31563236798643857,3.6949957494764183,102.7419533461043,120.96876157104407,494.11251818152334,edge.exe,1,disk_spike
17.612340940529204,4.45562844147939,29.96075160629276,239.61793982492796,-0.033498886355197516,0.9337775103832194,41.13591131081671,16.22710180400534,67.70933254422665,code.exe,0,none
16.825378092337964,5.432717670329865,30.140204965446177,239.02076391262497,-0.0877582742750036,1.2638676386054637,46.74355131216089,20.080486091568368,77.7192182566055,code.exe,0,none
17.870848920363127,5.4233802851874735,27.590884407225772,347.9602875456363,-0.15002110579380884,2.6516046390097308,65.62432774939383,22.62417034298582,114.26647910279726,edge.exe,0,none
18.325580657795175,7.172676089098003,30.146416084274968,179.871808634723,-0.05713606155058528,0.784331077281416,38.62608714015262,17.04715820930934,71.39877508166256,python.exe,0,none
19.774411350910388,5.593347253698878,27.39842061968534,182.50912249739176,0.0787179698675061,1.2000923420265024,37.54847583726602,20.192841279117975,80.9027557096052,python.exe,0,none
5.225877470823547,2.3246575156845313,10.992012296847331,89.83785923541662,0.013846540294014649,0.559401198779157,27.73213498258328,10.285233957926197,51.08201441279934,svchost.exe,0,none
16.351746507916353,24.06443090366054,90.98140185373043,119.44264714874205,-0.03737507632337109,0.48659761874110824,30.26292542453571,14.57396082558958,65.41367704829295,explorer.exe,1,cpu_spike
7.0158290840110835,1.936700128668905,9.958707711396062,92.03538046158334,0.1043087563230453,1.0914540434573785,27.754697799912677,10.758588300257067,46.24084647114223,svchost.exe,0,none
16.350461515569897,6.003285322317487,27.31493496435379,238.96056722617962,-0.08597274504748688,1.5695824237356348,47.98687253110647,22.724183012901154,98.99099641116254,code.exe,0,none
19.903743234041183,5.417386808970544,34.04768141251885,346.6043387483163,-0.2093502938524485,2.7423281875766374,67.04884939121777,27.173968807767054,109.49443832051244,edge.exe,0,none
12.753408127221967,4.476460449979214,21.881724257133904,198.41237476374718,-0.0325335362652756,1.243828965631429,34.915324166409086,15.88549366910735,66.72163622509338,slack.exe,0,none
24.348292209405194,24.812476178829233,100.0,181.0394003275588,0.032932767156620454,0.818603666096165,40.67455950300787,18.810969539806635,88.64066560974882,python.exe,1,cpu_spike
13.527180584208908,4.560427260912971,21.620584988452727,196.99051357526523,-0.08236507293115665,1.7199679422430176,32.67512337264166,13.020427979471025,56.00571395731865,slack.exe,0,none
15.30730147648242,5.415692835555039,23.98015157082454,240.13259266025247,0.04905827709274414,1.1594439359639528,36.42752773033446,20.727293507600837,79.73861917005553,code.exe,0,none
12.884099108386899,4.227067858447212,20.115871324846296,199.55842260033816,-0.043053397148913555,1.1595716699070833,47.16072728083051,54.36207878121658,269.4766195478817,slack.exe,1,disk_spike
6.920952197841803,1.8108256605407382,9.619979461233473,89.56059531072947,0.023838653129691068,0.3755241905433484,26.998023596675907,9.29296393727281,52.854888033107414,svchost.exe,0,none
23.74874197176631,9.130749287610445,42.46595513274515,419.3864473834267,-0.05273472841332894,1.6436085918732184,65.77651406800743,32.83895942367185,122.8567098753879,chrome.exe,0,none
14.128023498290238,3.728959732023316,22.395457726554106,202.5330792375947,0.13251469220584322,0.8789178201937443,33.894145691268896,16.261719394946457,80.30632186604234,slack.exe,0,none
11.522366832201767,4.135773051459936,22.620570797795473,201.42678108040542,0.04693504526519234,0.9874714197350917,39.638228240662414,14.839690826773747,71.97376529773749,slack.exe,0,none
16.637371739178917,6.30345240530211,31.204792126420266,177.95137367323358,-0.1735834591888903,1.5836030895309479,38.532842494674135,19.162444665150623,76.1575969513325,python.exe,0,none
5.854427599004364,1.873081081361468,9.156587684595266,90.62068034577855,0.0120208901440364,0.6725104161012241,26.069234783925197,9.85180710128324,44.56357754938198,svchost.exe,0,none
19.460494163765865,8.846260881527813,34.55994459229925,392.41159223842885,6.537576700986845,59.77250345192374,71.36234433464342,26.35136798783467,134.40774803204616,teams.exe,1,memory_leak
21.28362353573112,6.361860028187162,33.30250329447041,423.887516129188,0.48136197967489236,5.573697852169539,60.13533283131745,27.701071052733358,116.55614073097834,chrome.exe,0,none
19.667177937207676,6.233679545446417,33.39745070335991,308.91785351444685,0.0022516422357000466,1.1669778695352513,58.10183992759121,22.100603822458307,101.36666480268715,teams.exe,0,none
34.54374693049288,28.03421117168095,100.0,414.25836914501525,-0.2528704075233899,2.0345691353546753,65.46761937680897,27.294816287763116,136.98907092324907,chrome.exe,1,cpu_spike
20.965516950171207,9.83736448211581,44.02072778043224,413.5009612070557,-0.5269259766772545,5.422706934193612,64.910216712117,25.865618751009848,102.47232385312252,chrome.exe,0,none
17.292032745307672,6.105065441238773,29.48202303204977,350.66536537524155,0.01333527366809335,1.6057398102284959,56.96413090940159,26.75905851638993,119.78132162535101,edge.exe,0,none
18.880935317924745,5.711858771576579,34.3066814248191,346.2357097717256,-0.1346206297173694,1.8885931207081406,70.24836903106444,33.14511699229166,131.46448668827534,edge.exe,0,none
13.40919302423166,5.339472857830783,25.586181928775176,197.98129291341652,-0.09393926815649252,1.3332407836911995,33.97308261943485,18.066094415748633,70.31992963801476,slack.exe,0,none
9.969741690819472,7.019012388573225,28.842408890770727,121.86329777470488,0.08916041888787968,1.1226334182485154,28.76917598555991,14.255777985082618,71.28960774104206,explorer.exe,0,none
14.196947223522505,4.396505244299091,25.554159050083094,201.73048027365488,0.11357902780190822,1.4130101277941742,30.196121757437286,14.96151968642222,59.155990557097496,slack.exe,0,none
14.51585029292396,5.675157521440871,24.276531129586388,240.60764023998001,0.03357043451755999,0.6501049548909148,48.25568789249404,23.05236772916179,97.57710222539977,code.exe,0,none
20.40110244235027,8.16903000693155,34.49241332283451,349.4099861364071,-0.1273249306397891,3.6949987921692946,64.61999327559586,25.099905664550946,126.7343743504544,edge.exe,0,none
20.39767730366132,10.101520198514981,49.19189103248363,244.81622130762082,0.3182960249372125,3.1327761534690355,50.14522517376483,14.728132439326373,78.30248565426541,code.exe,0,none
21.935624618700025,8.93599679194268,38.32591367639817,442.00239371161746,2.108786856124999,21.117237199680876,62.053898096408254,29.39200229744737,132.18829157119282,chrome.exe,1,memory_leak
18.690184408076274,5.664461254478905,34.48355600086256,181.5677761518804,0.00811889268084182,1.3421605116786943,40.96016701136448,21.11691020310229,82.1929861422253,python.exe,0,none
21.856304505291742,7.945696261094189,36.72907683755375,422.9871771482757,0.014718034816896382,1.479483499461136,101.639586580535,86.79393342365925,371.77627176917315,chrome.exe,1,disk_spike
17.012969397558688,5.222147291833639,24.154721797570577,178.2436186290875,-0.07693790638030104,1.0036504178588608,43.71241318540011,17.096213617916437,78.46449978689549,python.exe,0,none
27.72979831875526,9.874119542439823,51.753055119574604,422.49598758058227,0.0515540971566035,1.730091094493231,237.73616463841518,364.6874744264727,1263.8419810209512,chrome.exe,1,disk_spike
18.857386574880522,10.314960704853643,52.168621556080346,179.90046030879185,0.04323633936399555,0.9549883325391869,40.030078759789745,18.311524488075307,75.77924003523671,python.exe,1,cpu_spike
29.68312255602986,19.37612150093035,71.85950901889522,423.75912193686213,0.19118964317329984,3.5473573717517124,71.65396069536902,32.77973065515082,167.39696595885601,chrome.exe,1,cpu_spike
18.687429286245038,8.299971954694865,35.150901368330295,349.8197582768627,-0.06738617624980445,2.2426095803049435,61.187552357170475,25.80721880258026,115.81871226753157,edge.exe,0,none
16.20180737158286,8.230540682434983,38.52416307014683,262.8137260751797,0.22011933766863004,2.4938563917169088,54.59335839314465,30.204169133572908,119.0693065212283,outlook.exe,0,none
5.751446318055838,1.9806344019836915,9.862440466581774,86.95147124779872,-0.1453753439915938,1.7797112534238548,25.231501418460073,11.609172183056312,45.46886914003723,svchost.exe,0,none
16.34127865981131,6.601776007552916,27.672230072814152,179.24531388969635,0.012216086579423783,0.754732485229639,40.624633525046434,17.20665169419835,69.71298660186164,python.exe,0,none
16.546826362471744,5.695895857034677,27.144026271938444,182.5826136140913,0.1903070499121308,1.2076054039902275,131.69985672662173,197.7697186213849,606.5793048934584,python.exe,1,disk_spike
19.185538688301204,7.158440905832036,33.56633667960544,315.09803161675353,0.2014997769720291,2.9649020755548343,66.47314012675703,31.124068399256302,124.93795561774726,teams.exe,0,none
16.37683394719038,5.981046696229195,28.37224520656048,242.12431243187174,0.09522939020193823,0.9218422532978099,47.35050868235999,21.855428162098633,95.99821935800297,code.exe,0,none
19.404630312156428,7.522749686900282,29.917372885313554,316.5078124704658,0.26654695139822404,3.3536953898068873,62.664789343660495,30.57068633926049,123.11785415775883,teams.exe,0,none
13.507237854490944,5.966021247083907,28.32331825334732,254.10082280505878,-0.4354272980644235,4.115345114546892,53.42978424172169,22.149093308837596,94.49872866424295,outlook.exe,0,none
18.510884333991257,5.968238442403619,31.74201474432982,183.07366644406466,0.013266930024426908,1.4565890991156525,41.13768042526491,14.997697264696175,67.06000975714994,python.exe,0,none
13.281696506145634,3.8616402252740123,20.652433650703795,258.97996877951846,-0.12752790072379033,1.2560789954404448,54.48128026919468,22.6657018092215,105.19517947453105,outlook.exe,0,none
19.682489836146697,6.27186026810047,32.479408592892,347.72240137987217,0.11228217781356117,2.0601978455235743,65.59327578569784,26.489225754121044,128.11888426544243,edge.exe,0,none
12.529478709912471,5.549194091871537,24.74859175929035,261.08464782481667,0.12066498185043126,1.714147741734251,67.31336589012687,24.79300216973528,124.86810644892168,outlook.exe,0,none
21.793597663895515,6.319133981244626,32.38583018410503,419.97564893709466,-0.02521721828891638,1.585370838981374,73.97474169343896,33.51937055247834,131.30706069200647,chrome.exe,0,none
8.385839050836713,3.145995234869858,15.367912906983456,118.97021934555555,-0.033302188823480586,0.915852761451224,31.818511381502358,12.140294480011102,57.40763860095183,explorer.exe,0,none
18.131947736537956,8.250979260926625,31.520058295327466,311.7741246324287,0.2033457520853195,2.679867277120333,66.12215561823288,29.538354261574742,152.77004563158204,teams.exe,0,none
17.127652975875613,6.711447910395547,36.45792935009108,180.94542826988257,-0.044822557572617445,0.4794810588282779,44.873454290821236,18.44472292647927,70.22045651224654,python.exe,0,none
6.522778851514493,2.196845554102785,11.918209000481074,90.96445821583593,-0.007606907151084386,0.7042069969333591,23.13586354100584,11.531172969616279,49.962724024248566,svchost.exe,0,none
24.703699221744753,11.04158543634403,52.98206472438077,418.9712327753413,-0.06751323680304419,2.158836174546706,78.97465929782385,23.761957339869728,130.84189886844902,chrome.exe,0,none
18.412611366811777,5.777359146729963,30.826577131507847,178.02394739454377,-0.034238621916515895,0.6539643141564732,39.13778115393438,18.377953951901404,84.1297122388674,python.exe,0,none
20.683795293593896,6.767021024871488,41.33759865728318,176.91683096743523,-0.2792276366955766,2.7115109267375925,45.45900149013804,17.230042300813032,77.67553638472688,python.exe,0,none
15.57744874097654,4.765542282116558,23.2573490343739,239.67375271424177,-0.1303462468420463,1.4602761892920655,49.08351600152198,19.01319032923594,79.62611082627016,code.exe,0,none
21.65624356497703,7.780685225983376,34.442337362781814,421.16809604913317,0.17819243437157867,3.000195086279519,72.19901520017922,35.17242878962664,152.02737818426522,chrome.exe,0,none
20.77538708523915,14.35302967136104,73.71998719369726,238.4749193065863,-0.0031937216781509885,1.284075688054489,44.12594501031984,20.38182111498464,77.405105410434,code.exe,1,cpu_spike
10.688254494961855,16.19788697754998,63.78292651304082,90.29295656090304,-0.0006907376976035569,0.38816501341538184,23.208374259400646,11.149804816894342,45.49629540152982,svchost.exe,1,cpu_spike
8.05550509245433,6.53388819354917,29.381154193107363,91.0115944039497,0.04062148044833928,0.5569946023408634,23.188384074676822,9.503148902167947,44.63332423353786,svchost.exe,0,none
19.545655350039738,7.562562815996432,34.750759878001276,310.70123695861975,0.128132868305867,1.706912554291032,57.60066928289698,30.338029949031533,135.2334828979896,teams.exe,0,none
22.50210122383568,8.245647651281324,41.23448471828877,420.6989099014642,0.1774065161026802,2.6071173661270786,64.41587407442212,28.891657342321267,112.8900880149199,chrome.exe,0,none
20.016048256273667,5.10822966532622,31.52870932726048,313.7657713065549,0.2361403120677096,2.201907217809699,53.5870322792211,28.440302174423465,111.38493115607045,teams.exe,0,none
6.238889172837775,2.170590149747563,11.361296998879695,89.270825228002,-0.0033803636999915434,0.4532058366408646,26.333961667221143,9.610016254713143,45.36138123468203,svchost.exe,0,none
14.922992550442608,5.989484440086873,25.703643562679225,235.56362168863077,-0.2181185584452313,2.3372015611745827,46.689163376923744,22.366798739609226,102.39280790388672,code.exe,0,none
7.960396402958539,2.7712205277149247,13.090070953853054,122.39920389443732,0.07144389436630595,0.7765166160522631,29.511824275610298,13.804713803694165,53.61294786868642,explorer.exe,0,none
17.642675949635926,5.466717096622359,31.667687307468462,240.47551613561174,0.06896987711384857,1.7071186554232463,44.859849005309606,23.356547506483537,91.50043470771999,code.exe,0,none
12.453729619242731,4.313073951471775,22.909484264480106,201.86488105152318,0.1340752510470234,1.5520051502326617,35.18707203434863,12.381498714909027,54.99772969069267,slack.exe,0,none
20.32558364388363,8.187940363259413,34.88800929047438,423.6441792219144,-0.02445034013463972,1.2911565516257264,75.55133448710028,30.78629280528425,144.61532872803537,chrome.exe,0,none
10.546977986589217,8.116078340456449,37.825864414996,121.3776257399754,0.031218441971812182,0.36909024697918086,30.00177917523621,12.639918970021716,58.747872617187554,explorer.exe,0,none
16.288622049091767,6.747908296793945,30.309340027599116,422.0613478929862,10.876159071542354,97.94937825553986,54.306522731747144,25.46102260995614,102.756523754921,outlook.exe,1,memory_leak
5.927432184682706,2.293093482259033,9.921214714276168,90.59420624029913,0.019122419188281014,0.28115543257686326,27.057956650008816,12.077648465834736,50.9176331974752,svchost.exe,0,none
8.597704987799444,2.7081859586112778,15.233291085350654,118.9309481332312,-0.06328407901970033,0.7605592903079393,26.16827099185076,13.679448587314864,50.31392999746802,explorer.exe,0,none
20.671583681591517,7.516171045707002,34.09829797657184,347.68190871825794,-0.0653263480359063,2.1514020651123067,68.96673455668487,23.34270059657116,111.47237363973858,edge.exe,0,none
14.409217448104846,5.847459473546227,24.992630837682345,262.9662741264672,0.17288995094926538,2.5439848863454633,88.73263880145343,129.2617328501045,590.1074414940988,outlook.exe,1,disk_spike
13.770996193932298,3.0878608415660556,21.42661883600323,198.24190205973818,-0.16723013065826536,1.9811511784800127,36.77876071261851,14.581322332958255,71.04078287659124,slack.exe,0,none
19.78905566641493,6.906435130271514,34.77595865679998,413.37513031201075,0.0014644428186007493,2.5265321173595137,67.72581115251563,29.627041910371776,135.9072351417275,chrome.exe,0,none
12.637551333534503,3.8523524711110038,19.03208821642799,198.65849866294695,-0.08902119639414442,1.2493389966680608,33.388108377971626,13.542446753009926,59.98326906696944,slack.exe,0,none
5.779753517154739,2.331804103870195,12.112828863103925,89.95263952521778,0.015316548642516636,0.3117954625585502,27.070105286453813,12.240596128188274,51.665060646837475,svchost.exe,0,none
16.96242582173982,6.131406570468041,34.346292618925354,239.04959982826995,-0.05644426571830744,1.1319595537244558,47.19932580197208,15.645489730851269,79.14021908922118,code.exe,0,none
21.4329958530622,10.878288225150936,48.27305329311791,307.62121927872323,-0.06548511714777495,1.1360495090201046,54.78258158259421,22.003879905151607,99.81936147956537,teams.exe,1,cpu_spike
24.66188590104608,7.271121266962399,39.566900782269514,414.3237340158784,-0.15332507765248807,2.0264087355605143,93.57447559620442,65.49756586795405,343.6743098817213,chrome.exe,1,disk_spike
15.930049909772285,5.80225064845264,29.49192179524563,238.84793874145302,-0.12681233211553053,1.928687486609528,44.504841027279575,18.857716257105732,76.5848733837476,code.exe,0,none
19.15765221282591,5.528266537029118,31.599557368410323,314.1741796776163,0.18327885440821773,2.0598228163918493,71.12962509406425,28.918657859425316,128.55578157406578,teams.exe,0,none
17.59914706093537,4.912668499313118,26.144077918091075,236.2952830253125,-0.1100411974451229,1.0230096829141495,48.39583385149589,23.063728135269862,109.2468706995614,code.exe,0,none
17.737338370690328,6.74870008999754,34.660704551255286,309.806986884836,0.1574047770566305,1.7906704136975478,62.063493727439415,23.875905549502445,105.31710452509054,teams.exe,0,none
5.603321720527062,1.9445292955550357,9.695105278703466,89.30352303182833,-0.014521488745797248,0.34248685513358307,24.68372996572467,8.964356228552916,40.785497610883155,svchost.exe,0,none
5.920314368705095,2.4000604195931197,12.14051222667377,90.10507953458004,0.005849563370280937,0.30543537741217086,22.86920848637834,10.680524655717704,41.18321987282889,svchost.exe,0,none
21.722308209648418,7.870666824408692,35.05503698472644,309.69573464671544,-0.10908317219905825,1.5552827197622232,63.997468342052805,25.5662404860649,106.04395232736486,teams.exe,0,none
17.46901594128351,6.006977417066215,29.009827930178286,243.66317883893433,0.2119344228401578,1.6466989499124667,41.575009456340986,21.24456166151747,95.47247522577157,code.exe,0,none
17.60172361567139,7.712389589144521,34.56419384271473,176.70700039252364,-0.04153138068974916,1.0655659288771184,44.39275623524881,17.39698946151875,80.36933302461583,python.exe,0,none
17.60584202549816,7.750192964112215,33.84704794586489,352.03610315336965,0.11000720008982702,1.8970277555281048,62.27766261488613,26.020915234817373,103.24265841583838,edge.exe,0,none
20.10420044498055,7.0061098641050785,35.8650138008317,348.63263189638894,-0.14578348407667363,2.10781938571138,64.23784691654984,23.028731760316685,109.32920140541438,edge.exe,0,none
19.748321925841534,4.9308950062511485,29.629458171942282,180.34543407319023,0.038845423552574705,0.7994792741274852,36.60460044422324,18.443876730123865,77.34700825990572,python.exe,0,none
15.226453256447193,6.088913074127148,30.54716925294518,236.9791490360277,-0.14640697067076475,1.1408398084092966,49.41303984096557,17.666900021678305,92.25505514590208,code.exe,0,none
14.132101678746558,5.794274640717229,29.50672759573981,257.5341506843531,-0.19851335321923974,2.5423207478958205,54.83659596250797,24.697746780167186,109.99871749127763,outlook.exe,0,none
6.126780102871888,2.575611314182474,11.865506264044045,90.9574657725015,0.005323943498600177,0.492405178762562,19.752691018066418,11.090673208441249,40.01480632934931,svchost.exe,0,none
20.33839198329769,8.32708733134676,35.3791337319376,310.2289164201332,-0.1813932235335244,2.0209463122932925,70.68458554955178,20.566287157032054,122.69169567156388,teams.exe,0,none
6.466853822460904,2.450121954149354,12.252677767210788,89.95827686099187,0.012434252445342036,0.6056880412571954,25.150216061869042,10.902166119176126,46.57693650380472,svchost.exe,0,none
15.522357026584189,5.71450295644925,30.352671458990695,241.61464170794673,0.14110790260731582,1.7334190080357152,50.884843969679736,17.05710281329687,97.92068548960636,code.exe,0,none
18.396892886859714,5.5972495948460335,27.512363602912178,179.2495335858648,-0.05445044498089544,0.8252916370727018,42.71475573728239,19.02815293969092,84.82908666667244,python.exe,0,none
6.6946347734677945,1.7745761687933284,9.26303690638185,89.78702535326362,-0.008934122917301106,0.3414642500183802,27.834185592265587,10.770082556440027,50.133410938642115,svchost.exe,0,none
18.05836684415062,6.401577941501529,30.076173790141993,347.68457716448114,-0.10777305922770779,2.286347747433445,64.39677586854214,22.569260406953866,110.06240023517299,edge.exe,0,none
6.230643503498659,2.3054897249358923,12.387686026633391,90.4620616362167,0.01852505395070949,0.17997194263930835,24.84978257767028,9.950403763453789,43.53119651813516,svchost.exe,0,none
18.6348682519952,5.9831251898205045,28.1708595511266,185.00350825364598,0.3187455696673889,3.0669346998099085,49.50829395435059,16.51501856649492,78.57016791163488,python.exe,0,none
18.652979718060706,6.476508459252467,29.00248446274163,352.8086315479849,0.22803583589675328,2.5842585263061713,55.69371524549306,23.709469327617192,105.68733444894542,edge.exe,0,none
17.467663797963375,6.765004891755691,31.62436552471407,177.90608547056289,-0.04362265014348263,0.8431387441536851,37.83909309983658,15.879476482760921,63.93408930971259,python.exe,0,none
17.085192566701284,6.196101416640324,35.874689881383816,352.947180302179,0.10566424125583466,1.2126291011745585,67.62681917793886,28.94391511170848,109.91108314561049,edge.exe,0,none
18.280563360272556,6.571342596988305,34.51649271405098,180.90896134526852,0.0775066125139811,0.8103700564733851,37.251929842704804,15.363804165697417,66.81926408439611,python.exe,0,none
7.663578527438488,2.735820597053409,15.345726580558665,120.52035988256274,0.043672484015195794,0.8914818899932709,30.93938890741393,15.79694496488133,59.69533132085313,explorer.exe,0,none
5.667332850296637,1.952226459598948,10.166657269969894,91.09481968136667,0.016885323221901654,0.530230107642094,25.153602954084555,9.923345610251035,46.49727006473857,svchost.exe,0,none
5.194004480870167,1.754169446033921,8.842331541460677,90.68798077586976,0.0211091839252011,0.38616535794463164,22.315865584714555,11.194775823799265,41.734425345310676,svchost.exe,0,none
18.28544640735185,6.2131947102428,35.179159293121515,346.812764206388,-0.06048185842023486,1.3081358980617641,61.70077508513012,25.049656928195354,114.52478636106373,edge.exe,0,none
18.01824078272717,5.068388794577056,30.29096485576842,345.92389348090904,-0.06523014880995864,2.5903833015214053,74.39201330210807,26.51275970896926,126.89000035053485,edge.exe,0,none
21.425487056450052,6.657203989856246,34.33181639073814,311.655096366398,0.27722427353408724,2.9236491250607584,68.09710149487526,24.52859649896147,116.76512288238817,teams.exe,0,none
8.208353566456323,3.215979608840809,14.17172903816438,120.00762693695349,-0.031420528087954834,0.5219834782493638,31.656888218714222,12.544554617276411,58.4576998426333,explorer.exe,0,none
18.36424207936546,6.9937037213776305,31.148747583776803,303.91262596640405,-0.39858438076723246,2.925118842951592,63.053382656479506,21.48932968181758,116.51926475732786,teams.exe,0,none
20.86064896184085,5.763518759948448,32.940044553646516,416.83115820470744,-0.28668866392310405,3.880674972543811,67.04363606093679,28.610744788879806,123.84302349044012,chrome.exe,0,none
5.501624094039757,2.123673596687067,9.544926397512699,89.72681237439265,-0.003974415116611378,0.30826503384767623,21.03370133021864,11.925929796190788,43.20235453280047,svchost.exe,0,none
21.305335516675388,11.22248276365227,58.42203919532438,353.7114481579441,0.1403374969733041,2.4127867469681905,66.95353634571161,23.82182006537315,109.65635158467427,edge.exe,1,cpu_spike
5.455083052110234,1.7474840774055296,10.013143172114908,89.30414308025719,0.027530886539186856,0.7130596923947107,24.933539309268312,12.738466230659178,54.773786129772084,svchost.exe,0,none
20.65341457378566,5.259478550577456,33.19860090499574,350.6981046263579,0.15828546625995726,2.0497782905774478,57.825646429798695,30.33660445613326,127.01283911922769,edge.exe,0,none
13.701455111387475,4.519710776450039,21.628450507901547,260.3015336872525,-0.02193477805144918,0.911852195507127,47.90677432608485,21.04534537169611,87.13716584621775,outlook.exe,0,none
16.493712500796736,4.2162621145876775,28.331327355542534,240.6732624815795,0.2191583490663485,2.2528369486648683,100.35947364471093,140.0705285157432,464.4656662649224,code.exe,1,disk_spike
6.430344922793978,1.9824426521130274,10.210842767290778,89.5461915914793,-0.04627390069921944,0.42017449397674,24.250958371362813,10.738169383291357,44.32114642917891,svchost.exe,0,none
20.81519567543612,5.171116649822869,32.38150080978041,347.2858299001408,-0.0789548037865624,1.7664884781827317,63.4777366496488,27.046912158820632,111.23651260675973,edge.exe,0,none
12.64878094522748,4.427947195769909,22.670468366632733,193.96996147166095,-0.2667264145100319,2.998504856991994,36.91259546256187,14.195758989830829,62.852770645615195,slack.exe,0,none
14.342520845525343,5.5330478690229254,24.342067450782416,237.7377368579583,-0.12353236174520817,1.3031772844235971,47.636836323588824,16.916184016454057,83.68664283101171,code.exe,0,none
8.497477823082368,2.1305800449058485,12.160565546618635,120.83283772219878,0.10000777459083944,1.0390282265198267,30.326220425631526,10.530903193131397,50.21988304299472,explorer.exe,0,none
21.434958662989967,9.588982125305755,39.43832983585924,421.9475832099137,0.14183657893615115,2.161233130946171,75.85574691741495,31.422874041985995,123.50689745875457,chrome.exe,0,none
23.849796897044165,8.6954698818307,38.75305226445095,451.28998424646926,1.4801231282026757,28.976525665289774,63.43206322113317,24.719813874479943,117.4479209397922,chrome.exe,1,memory_leak
18.321948096705764,5.553958843367487,28.263545989818628,240.8742881794722,-0.007731504143586676,0.9045378205057111,38.51923993217153,21.09001182372236,87.02232752917544,code.exe,0,none
18.01246596210392,6.509488651163181,32.63703862078124,180.62236007212013,0.09784089380789661,0.8519413182241912,41.943498711649006,17.986675889386763,70.7744673432006,python.exe,0,none
18.820030487190497,7.4423879417419405,32.623923481275725,353.7469819021267,0.24573774402380574,2.3576754044179142,69.20629905846144,28.74331004061528,134.04088336619077,edge.exe,0,none
17.623477803608633,5.366172765053757,29.183834446001597,181.58794521984154,0.1945027804372908,1.7367591938201923,108.98162902670173,204.3022768832915,772.8150406306604,python.exe,1,disk_spike
20.00819295842152,6.315167625465795,34.14702861929288,418.09693850558364,-0.17823701581810003,2.3178306301339764,71.37769913313721,27.912879256405287,120.14643171419705,chrome.exe,0,none
19.951181227667057,6.015688579982398,29.30260740440742,349.98100537662066,-0.16990792490969586,2.322661040494677,68.56394868223592,28.0457174901705,117.17786691417982,edge.exe,0,none
15.384497734076401,5.474091065718226,30.250862687382536,241.52725828304153,-0.028189746257769835,1.6654732074988137,44.665550433969194,20.89021048973543,81.23644082278994,code.exe,0,none
24.989928208811087,6.531263757305548,38.918398277292226,422.4767201561319,0.13131684022996712,1.598602300393408,64.96538530269196,25.599319643079085,118.12510015326552,chrome.exe,0,none
19.745490125772246,21.369180263427694,94.58829799541108,201.49185252671094,0.15097318557684122,1.7780513831400404,36.55244460619858,15.334492697017392,70.0096051149091,slack.exe,1,cpu_spike
18.556018488806394,7.020752625790743,34.42914914686457,348.91180596513357,-0.19630575036075773,4.073081261658527,58.29990154281489,25.993464956220034,107.87959146073614,edge.exe,0,none
12.251969963328845,4.218969626938429,24.38552886790243,198.2900521495064,-0.20096852048368324,1.8054337336289996,38.07358705942429,16.64741783189995,70.97624343485245,slack.exe,0,none
23.177013013434774,16.154695978834514,65.96060753811805,238.85477862935332,-0.147017581355657,2.3873905202707064,48.44294778221045,22.379113955217427,82.49247370463993,code.exe,1,cpu_spike
17.619339795564663,7.110383300275339,30.93303648061932,179.39849815506483,-0.10150904161049538,1.0001122024125801,39.79709647816379,16.921989722781937,86.94200885069641,python.exe,0,none
23.58079782320794,6.500399677920113,39.568681442289005,420.61639769583155,-0.015395741999670538,0.8168498733122371,76.5259323968682,31.56684934663254,139.20420153611224,chrome.exe,0,none
15.24535919270871,4.496648754814182,26.719412143246082,258.6585973739969,-0.0012499348695162857,0.9156243295265175,49.82980406311244,23.14743171871104,116.4542471694536,outlook.exe,0,none
13.051600362513508,4.326571272490787,21.49137994990499,198.78965347317498,-0.029323773542305767,0.883062219134036,32.62491424693353,15.793016908641848,58.68213679575928,slack.exe,0,none
17.957320915895647,5.3600930864953895,30.654982145317803,351.1195236102555,-0.10569019617474472,1.7268088336344831,66.11330944393445,23.97059074615815,115.98474504300071,edge.exe,0,none
19.111141793679074,6.552462863282181,32.13897226977238,308.8930453247874,-0.055686471325888456,1.0831853279593355,65.06486052753925,24.05187829327541,102.99941030385801,teams.exe,0,none
19.506622633376967,7.317067602079742,36.36582514830388,348.1397296782706,-0.04783254237476437,3.288181534694497,61.83893538432192,25.06472307829675,113.8938327274126,edge.exe,0,none
7.967281865202154,2.561343093530762,13.276254378199905,122.19074635457473,0.07688901468446545,1.2165774385827632,30.58332548890214,14.030935195473969,53.77467609971525,explorer.exe,0,none
21.182935878718634,7.284149901126449,32.72321953292956,310.08691888267276,0.04093903764058761,1.231959818275181,68.52030787399961,20.638102060190224,110.49833266256779,teams.exe,0,none
14.334467114352757,4.44665801256841,24.20077602632923,258.9331641604377,0.01609154641926883,1.1953647630614925,59.23570352135899,25.177585315712893,113.14726962331588,outlook.exe,0,none
15.961732254221284,5.066364333745567,26.879353582797595,239.1905691659886,-0.04926362285574347,0.9811333644714253,165.970678774226,273.4914328306433,903.758115444844,code.exe,1,disk_spike
6.510080640311486,2.2773274415191915,10.667096401759508,89.33354668445257,0.010933077301500305,0.5543149633623612,127.08723077928283,258.9881362966021,883.338026087768,svchost.exe,1,disk_spike
14.564583184015499,4.838854535262472,22.025725353419617,238.56892106991867,-0.012935946014049666,1.2610517305930486,46.831068853642435,22.04423193169729,93.01417940696109,code.exe,0,none
19.57514921369824,7.081915781648899,32.36064696723248,311.9995996005355,0.17063837279102548,1.9072261746460182,56.277811022231994,21.506363191319963,107.60783799911755,teams.exe,0,none
16.415941621669663,4.8224632556327345,30.186626351490794,238.82821933698992,-0.025261709547869295,0.7670468814272999,46.27271953070821,23.001642332168057,91.74575740418578,code.exe,0,none
6.779953591521933,2.134092373597626,11.586327949342941,90.75163892019312,0.009815622843339138,0.3778755800787408,23.28950195126554,10.449702434830709,43.52023303574986,svchost.exe,0,none
13.925861828758547,4.495078506021189,22.68615205021122,257.36891787147295,-0.246999581892743,2.6071743764750024,49.08856602690259,20.930680290019502,101.58670709397771,outlook.exe,0,none
23.59991530570795,8.429812940685983,41.42574368034977,412.63430117369006,-0.3851428025048032,3.447089868339973,72.42228233979486,27.096983010411613,155.69043522195443,chrome.exe,0,none
16.564507994873882,8.612879871667108,39.36638586198584,200.53949102946873,-0.08802012485795577,1.4346773532428079,36.363543146311116,18.09006504689706,74.73410851381907,slack.exe,0,none
20.187671338875603,5.910376265236853,31.7756352193512,309.2961410789284,-0.07958697260539793,1.3225879308728712,58.62368846614465,25.357907777830135,116.67531023483457,teams.exe,0,none
20.568569723210995,7.146039565724637,34.34787811328969,307.9202925749973,0.07955570518732126,2.0687537951144077,58.699980007767614,28.42813691429848,121.70752178231524,teams.exe,0,none
8.579825327587631,2.441867296317165,13.732279282822043,120.3831438496209,0.017739297057903988,1.0340654431965461,29.041418228217086,12.959934329114924,52.918911483468115,explorer.exe,0,none
22.838850762300304,7.590999235380309,37.44046020627899,602.7890177197501,17.37064537146733,153.2235015406029,56.246383442288625,22.907432246873878,105.45750949505182,edge.exe,1,memory_leak
15.046676468319179,4.201975761497973,23.3231454963856,244.82377294347526,0.1950879928077948,2.464891427061095,42.4363219879292,17.98132856653996,79.13670353273494,code.exe,0,none
11.75415934362991,9.326485695770069,43.823076030686394,118.53190174241313,-0.06505093979880266,0.5727123058804363,30.48166130866937,10.965646208543768,49.02733426098905,explorer.exe,0,none
19.329752718764265,6.4689138580239876,33.27061390980661,356.2228276964374,0.32267171464980987,2.7680030867366123,81.36722591370427,19.31955820560998,129.64805334696223,edge.exe,0,none
14.045102305751131,4.731002247513359,22.97870404215425,260.8367188405508,0.1091390387084895,1.097809861062522,64.02203198273332,18.394482278680506,112.10523776888823,outlook.exe,0,none
18.1093479428873,5.53834006095863,29.02819145270462,238.84773608616393,-0.10178612142297633,1.8011122046164367,42.24362320858176,18.81477299390506,77.72386184120961,code.exe,0,none
5.878908163862346,1.98497194811648,10.519046787632046,88.53856900035386,-0.07183207498164279,0.6008118843790028,26.007974723402036,10.308423862453427,46.73937178275675,svchost.exe,0,none
21.205526577308856,8.072315450330027,37.10827211771681,424.07130005424744,0.16639257280702016,3.0071620098903358,65.49420968361584,29.93075154538359,128.1867922099713,chrome.exe,0,none
7.55546158669169,2.7822865888922204,13.096655285501152,120.66640088622616,0.0274728750063422,0.41394154253278254,28.80418973428522,11.583860696562922,45.994298173159265,explorer.exe,0,none
22.842497030480867,7.164627662838793,38.4168541900123,424.84922468219526,0.20034561700395745,1.8245590474507571,69.33052332794765,28.78181754329077,106.89428255458942,chrome.exe,0,none
17.841466825986284,5.400324206788813,27.934224703030637,179.70033557191203,0.012399601214445019,0.8550990945330138,32.003591834390065,19.794238769808064,74.40047186771781,python.exe,0,none
17.19761927607139,5.013373237616231,25.53721513526184,244.92193511142347,0.2454592349638214,2.0226641234483984,41.182857622674256,15.507060669448173,67.96063852995681,code.exe,0,none
22.354318219803655,7.753491339781117,37.79269391783858,416.0601944562774,-0.23306871421710298,2.786320117343008,63.720813220568985,29.600713857943678,135.99190420560325,chrome.exe,0,none
17.696729413744062,9.423210237811828,41.93804281918251,236.56670657863285,-0.17914231355134594,2.8566566794799324,45.48101530216153,15.975973936421799,74.92703232433058,code.exe,0,none
17.145699688579644,5.393066226485898,26.654258284589986,239.4973047002142,-0.14735188787085274,1.8928057378540797,41.39966769401509,14.894685111852409,77.5001669885425,code.exe,0,none
13.376184996310622,3.5274126667393095,19.181111664222616,202.2645558928278,0.09582964165376401,1.1191118864025376,35.28033965180954,10.87418645939622,60.54237567404854,slack.exe,0,none
13.562415709894506,5.263189345753117,22.599260340343022,200.48852867441303,-0.06067540169942068,1.4040204988841367,34.62109703588977,13.050134150209526,58.38372054757156,slack.exe,0,none
14.390973326128448,4.969653542524986,21.692293454662313,256.92543243062534,-0.05787393163895634,0.8562742691454575,51.892855914525285,23.648007840777442,98.71357108359814,outlook.exe,0,none
26.711238255728514,10.516680297985147,49.303827118669886,418.50954124715486,0.06803138586430653,1.2140331341425545,64.56161249682756,33.98967638717333,137.23924703232035,chrome.exe,0,none
16.02814499190548,4.902304298882932,24.494656852614483,177.364476788781,-0.18077556611379939,1.5852379872043516,40.50826281084793,14.57146667999934,65.65043455759341,python.exe,0,none
23.515994482188034,5.6763035293441,34.43029496417533,416.5413326722867,-0.1949436953354147,2.521701969523825,74.37986522049147,24.971790184979437,125.47654045661972,chrome.exe,0,none
7.57622294373605,2.97419560701274,14.164285174302641,120.55173251737105,0.06740444697775985,0.874078470126214,26.754480680251927,12.342230846478056,50.86403078987986,explorer.exe,0,none
12.781517281338285,4.161797183471273,22.468972188006504,202.12632775636035,0.03871456427273377,0.8137641824331471,42.268246077162075,16.995488421640584,79.23189441967374,slack.exe,0,none
16.148252543433163,6.492178913805961,28.04412890917574,281.1731668346952,3.37983190532089,24.610909887684617,45.987862141819754,16.323121171134208,88.59128309356669,code.exe,1,memory_leak
14.813943568453928,4.367620075853369,23.425837111426823,260.348581892446,0.06571895117283853,1.1435279426297145,57.352512219912086,24.390411931980733,122.67822413488983,outlook.exe,0,none
16.054951720622547,5.217499311946304,28.603808979758558,237.2756090803521,-0.08139738780288232,0.8677056734905237,236.9164131899479,377.0100856038237,1073.5046528287983,code.exe,1,disk_spike
7.727722528475797,2.7986761894993144,12.824527206718445,119.71334655889642,0.007320561438981106,0.6827160540356805,28.47393096830611,14.466882737971556,57.928420044120884,explorer.exe,0,none
19.926984411010235,5.7837675760845375,35.25994293218339,178.8958632485457,-0.08374140807228798,1.1900737968317603,41.912379083887735,16.73514257264515,88.03869738062615,python.exe,0,none
6.7653043300744296,2.332290688933853,12.81691762598805,119.67986837170571,-0.07971037219717468,0.7092643713524038,33.028948635184875,11.285407331938016,64.55928825246794,explorer.exe,0,none
14.456343354154882,4.729194628994344,23.700806872732517,255.45922957379264,-0.03883921250290238,2.0193115029534408,41.68501319007102,22.10730072597595,102.79375116657724,outlook.exe,0,none
7.028736973385735,2.559135093185531,11.28756045123966,121.6751835959546,0.08898137888295518,1.1637073346358462,32.02719493560616,13.379563748363346,55.977507634013946,explorer.exe,0,none
18.552488361759483,6.561423324798502,34.12079787010596,275.03894610209284,6.393758369884566,60.62532416471888,38.71235315164047,17.393231838061173,66.91817062385662,python.exe,1,memory_leak
22.02287364472557,7.701110412358986,35.34962163106985,310.9228687068893,0.08004763537759345,1.309610042311028,64.97610339325193,30.055673128316005,149.31760178007914,teams.exe,0,none
20.757698974054485,8.487384714847622,34.36275785912102,420.2726975570803,-0.04372351046615487,1.5097557068378493,84.95919016585167,23.909291114424686,137.09486031320068,chrome.exe,0,none
19.614975570828115,6.069244628861739,32.136213339031414,349.88915401185585,0.04544579851652012,1.3976877718282275,66.70514465590536,31.292535830061667,121.51654711504123,edge.exe,0,none
19.111508323686905,8.548768620042466,46.860353992773476,178.2348459215273,-0.13020118236619,1.29898830002552,41.70641428749697,15.011662344314347,84.8060146395769,python.exe,0,none
15.679420311511343,5.424571351561707,25.09152657878471,235.7709742444372,-0.21113765623649292,1.9330592219170903,44.668989930563505,21.20143931152718,100.8253919627183,code.exe,0,none
25.256111430185847,7.598394716512876,40.848081202665384,432.3830135702182,0.5277519282159081,4.606528923263731,66.20681645680624,42.8616199442744,171.05706878836958,chrome.exe,0,none
9.04496905908981,2.2622408658718087,13.30305203856867,120.43468181042739,0.03712296789806307,0.703130714221363,33.23190324631205,14.833723076053994,54.502220491006184,explorer.exe,0,none
13.409097625276436,4.507134545824984,24.76009522961339,263.0348373532627,0.0596114657289282,1.2345700816431213,57.90796257306599,24.358563777988785,134.47945152712146,outlook.exe,0,none
6.3887369241461816,2.4561793385702844,10.937713588133985,88.74389233410085,-0.08862899008832036,0.7143910245087922,20.65031475044736,9.44226713834701,34.782346339931706,svchost.exe,0,none
8.476475719197119,3.0639670603881033,15.680337148606995,120.14370089767718,-0.012742060636673122,0.5747755996924809,34.17829105124497,12.479059672482395,66.8248665536558,explorer.exe,0,none
6.3257274266923185,1.978741648208933,12.705578511088468,89.66690659846843,-0.014285593077766615,0.5212694606010735,92.66832895462746,140.88207299320752,434.3899133557524,svchost.exe,1,disk_spike
14.206356367958175,8.028217935298734,33.10179236091453,264.3893249711819,0.2791565877033918,2.37643155210193,54.396318151526046,23.87260435222878,101.56758605368873,outlook.exe,0,none
21.49160877233168,7.095142482179455,32.27355751672076,423.7100568030118,-0.06556504163484457,1.9842306251888393,97.53959783469395,77.97821794553526,330.8536711506924,chrome.exe,1,disk_spike
14.243410031935086,6.052407326584638,25.87035440941525,238.04461372964397,-0.04135659963585283,1.3185014112633184,38.224080049551254,22.509966401295912,78.36838321991686,code.exe,0,none
16.072915748865817,4.853954093514136,25.124541451936363,240.33007204672492,-0.07808591953750958,0.8130752854360602,44.80769675174384,17.63159433506519,76.11733266109587,code.exe,0,none
19.829190181205995,6.528928611360362,32.868269811727444,313.7496984221663,0.2532127057233538,2.1081604666810723,57.785581586631785,27.28154327751091,106.17834532425475,teams.exe,0,none
17.729104422489634,5.898433840561947,27.218810285538844,177.34932954442328,-0.17403616876241018,1.7122701343353344,38.29400368425422,16.669910971193172,69.27509514343024,python.exe,0,none
18.747683500509417,4.463638600648617,29.263642799593644,177.5921743889495,-0.13574939295096064,1.5028622254777866,38.09852897031646,20.465053184149273,83.36843639910741,python.exe,0,none
6.65173674432466,2.14840866746385,10.540588622636974,91.24598021085065,0.09843389366157046,0.9722746153565395,25.31508005847679,10.133646260651899,47.07847387375942,svchost.exe,0,none
7.973101973495412,3.6421321506513524,13.898392329878185,167.59172418695107,3.3105329163376482,28.150046799249072,29.063343258540826,13.609463371726767,51.515263677442306,explorer.exe,1,memory_leak
13.711291210135785,4.776406979459974,26.03360613824254,261.2401010638236,0.19687156995815183,2.369048679160279,59.047631520973226,24.59587423547619,105.2435155419283,outlook.exe,0,none
5.901521373847933,2.035049444292897,9.890012855189093,89.31156066402814,-0.0869340158390429,0.9868339278733437,122.85018677360429,300.75528040086164,1182.7570589803665,svchost.exe,1,disk_spike
17.686485179178348,6.0151075981745725,29.19262652336008,178.98855588582228,0.05631801330927904,1.1688880336650311,34.58790356307568,18.10195338616002,66.5816200256414,python.exe,0,none
18.274167351331958,6.47551815107106,31.234737108601617,311.88771384801987,0.025507257376530864,1.9609441520216633,62.09090603596294,30.40580968146918,117.47196449061796,teams.exe,0,none
20.17916971221313,6.986336187498506,35.32429499523158,344.4078593748507,-0.10139669976579171,2.3352732790771165,78.95039808411288,28.89399487443832,126.90295559073151,edge.exe,0,none
12.734347824212795,4.4995802493565735,23.373415669660574,200.4694325406241,0.016329421481583496,1.4159721511143746,34.85318062432475,15.000206208051436,74.04636955192403,slack.exe,0,none
28.692917536330786,21.596022821713618,94.8346817077714,421.12968609570584,0.21728566049122264,3.2823186496471273,69.10313339014631,28.137631566844753,130.8703115847825,chrome.exe,1,cpu_spike
6.692306924629807,2.2121564539484826,12.011455028216547,89.48671359549034,-0.016107495527072992,0.46516490663989085,27.259265180278515,12.520880097417997,48.26208323389709,svchost.exe,0,none
11.984008854282758,5.085930715436542,21.357791742454943,197.2103879366384,-0.09015353882218259,1.103269413139587,35.091804731481616,18.05468249861823,62.43037675383181,slack.exe,0,none
16.799963656814192,5.604013567038106,26.922515184994865,350.50792357272525,0.11945891248073698,2.1295821351870035,66.60584036767882,29.822515253646575,118.9845099399439,edge.exe,0,none
8.027807563523288,2.301563077585109,12.411188872188685,121.01047149076042,0.05584064513249747,0.8777562944067756,30.990372291723236,12.459931630125627,57.215948921006806,explorer.exe,0,none
24.241247165019107,9.005689949191005,46.64849146390281,411.98358284064284,-0.4448279872700349,4.651248783727197,73.48792948846956,24.07321790582633,142.93175897970036,chrome.exe,0,none
20.463294456630624,6.9322031040360965,32.66036196599019,346.307561293005,-0.379690038629667,3.676505860372979,55.02026090551192,24.769498567856964,106.50289808701783,edge.exe,0,none
6.005942518478987,1.9911038306384206,10.30626728723206,90.35533573712942,0.03355485136018548,0.9018553388038183,27.779389990414845,13.911159265310827,59.25987482261704,svchost.exe,0,none
12.21668153440755,3.6429407145932764,19.010641173554802,199.79202632934272,0.06320632968864856,0.9154920769666988,33.52236753546489,13.088141470885603,60.596734640807185,slack.exe,0,none
18.358567344798278,6.192175600027414,29.478513726785458,310.52322255474616,0.09663074588803701,0.9242357532311659,57.56766901104741,25.573078319153105,121.45536869460943,teams.exe,0,none
19.406424798787018,5.019552543990185,27.843499201881855,347.50230134327114,-0.04681890457908745,1.0454123296348619,56.295760683609146,27.32411296826294,109.90429796518825,edge.exe,0,none
20.48965393638672,5.898015250127799,39.16122006048572,352.0424201335376,0.06631208851748056,1.2885858802389878,56.570936452603995,25.253461771150498,99.03225256846436,edge.exe,0,none
7.870834239611585,5.294149601887452,23.64849758414397,88.43648695002837,-0.07999276254193953,0.5841363474954661,23.505216114793956,12.182521510427248,43.583032608200185,svchost.exe,0,none
17.182852906804975,5.9100392592168935,27.487831816624677,179.0440318279586,-0.06707811007765846,0.6411729314435487,39.65474665206056,17.78207438596853,88.79671814358022,python.exe,0,none
25.552231134742886,10.556394951460662,49.61049840164496,420.0792273019326,-0.18795216108860396,2.6509483785370573,72.63179535258469,36.268817831486004,166.44794931068034,chrome.exe,0,none
12.42717379678692,3.679106282534961,19.496201875174705,199.11281256756124,-0.0003820188118908163,0.593568383414728,34.2726517803349,15.237171145100758,74.19458016018072,slack.exe,0,none
14.01258301278898,4.128117084605956,21.852678323961758,262.55284646341465,0.19193841640442316,2.3889603594271596,57.60254280041104,21.56279364277142,99.29113462199055,outlook.exe,0,none
24.237770220311166,6.263585141939658,37.37318575655749,416.85555476426197,0.09191313777966456,2.45541704984314,71.44205340682977,24.878199074241348,119.96319386415192,chrome.exe,0,none
17.121879310189353,5.290162471839041,30.808588358338532,176.84301836571922,-0.18739922114956567,1.6764002670437088,36.99032885692815,17.92409481932639,69.4228832824059,python.exe,0,none
12.904032735689432,4.334850738992579,21.877542819912463,199.7111503813847,-0.04435222637357678,1.9348319331059154,36.732366380433724,14.468120205397874,75.45042840802114,slack.exe,0,none
14.979544664834561,4.557094913596342,25.868711140137233,256.06352198225585,-0.23094732073901697,3.3631397511980508,57.60204811549774,23.303639618591063,118.04020882310772,outlook.exe,0,none
14.598169506425023,4.994752999158251,26.11680411617172,262.26467764631604,0.037962109112720556,2.098334268734536,53.0470027996736,23.399415091826157,96.82512445203321,outlook.exe,0,none
19.223610738515745,6.926870297836747,32.45543839709828,307.6760469115324,-0.10922520806793538,2.231309628941,58.34658593765473,25.4138120380573,96.27086105893548,teams.exe,0,none
17.67978609152889,4.917259503891232,27.172644369763752,178.77035083456352,-0.06945154210443055,0.613159152394014,37.88139141074091,21.14582074135046,92.40013831633101,python.exe,0,none
21.904900845055423,5.99920646833216,33.62677006848406,304.85822895024853,-0.2139711990397643,1.9368474957931658,56.76410271726518,23.39964752958697,110.35556730173019,teams.exe,0,none
7.697886047081631,2.4919059171347193,12.80128747848752,118.65956023931604,-0.03027862351372761,0.7557167535366797,29.79140510861966,12.888404540415094,56.38867199864896,explorer.exe,0,none
21.63217108907736,8.043879500306105,42.544922393311936,422.09229361371274,-0.1450904171373054,2.114745894905347,75.52749281370248,27.784238074686556,120.29708112253721,chrome.exe,0,none
20.416375775260867,6.305331187009701,36.90484241140909,299.674598847052,-0.4147100405379736,4.019634376456424,63.75875782786515,30.67739355381263,129.8999330879833,teams.exe,0,none
12.656132399119555,4.859122343926085,22.252493484343375,199.7052370559313,-0.004235168254010091,1.2713088926365135,35.18105444585678,15.81460149498114,73.72432085669641,slack.exe,0,none
7.411472760506958,3.2294418040091544,12.682578244047818,122.44143852487096,0.037828228070171596,0.7691862728343012,32.22699146487758,10.827044849583483,62.49963172966626,explorer.exe,0,none
16.176287329498525,6.143988690748109,30.522763669257365,177.91077903510808,-0.10244747099562991,0.6596880327144274,45.928852541642776,21.132393474739438,97.61212703801192,python.exe,0,none
17.099815549159278,6.014134759411438,28.50696898992986,183.69880583746283,0.12444362018066689,1.2145391337283473,38.663233005653716,18.729346685654754,79.15379239255095,python.exe,0,none
17.127699566426504,5.675022593707908,25.817994760756488,238.17275698701584,-0.2624315783387544,2.7254912424146163,47.713603537825485,19.722914928260618,85.54534557990041,code.exe,0,none
21.10238863872928,5.902891787786777,37.23990410427821,333.9760733216512,2.128398000688689,19.747079605060577,55.15661526032194,26.17457002112864,112.30411479166597,teams.exe,1,memory_leak
7.708879762655675,2.1743977805658754,12.542415914013525,119.94146500159948,0.03558787758500159,0.9320160492813945,28.7693800519761,13.243097453823378,53.99836140104574,explorer.exe,0,none
13.91497124334803,3.7109637539472358,21.60989208721181,260.30233217514274,0.11753132311195032,1.1777581142525508,58.684752021733075,24.317448652768277,98.52951414520288,outlook.exe,0,none
19.75908632195702,5.147699697558835,29.750020932478268,309.3377165013646,-0.09297303204343545,1.5920123906957686,58.086835296995346,31.990655687766193,135.51943227436698,teams.exe,0,none
22.266252013114304,8.81339468340073,51.54419036430773,345.8862779789409,-0.23653707024574827,3.258791987644374,62.84331184797297,30.547421748873322,121.0614320275091,edge.exe,0,none
21.102747363546978,7.238226578167081,35.887102255167946,416.68463848192,-0.19114043104563622,2.136562778761483,68.61468132461943,28.835879854339893,129.63101716520669,chrome.exe,0,none
21.57376750443263,5.642654239829518,31.545263023343765,305.9386044749682,-0.13237868555220114,2.0443310571752935,60.89600375724548,31.188194396142773,119.94357973449118,teams.exe,0,none
19.573714795847515,8.82740102494726,40.8983509695302,177.65071050793628,-0.07684351245079313,1.1123383715857524,40.169605315878115,15.933485830599093,69.15450718220534,python.exe,0,none
21.99763405253103,7.172904676144147,36.227646640293855,434.70835007835814,0.59205939340661,6.508827751087739,70.91954264507864,25.27076827708381,133.53099890931185,chrome.exe,0,none
18.760655705441174,7.6914964859160415,32.6040766153035,311.55625546178356,0.04623307293503179,0.9166136406502505,58.70749179168197,25.085737361607016,111.47285814683613,teams.exe,0,none
13.994554174744726,5.215787831160015,21.33289999754915,261.6327962274524,0.10212981575878265,1.7657606568787327,53.32374844252583,24.037613501307685,107.83121507950074,outlook.exe,0,none
22.00481666850633,8.095431755840593,40.65859308885628,425.15810914057124,0.22569623506966158,3.20882819369908,71.36772086626387,33.56578450490555,141.3515748664603,chrome.exe,0,none
8.323456307575496,2.6426412995694113,13.620604530366633,118.74768321583825,-0.0570462433661073,0.9863782794362322,48.027467638437166,45.31436331738973,193.6497416959184,explorer.exe,1,disk_spike
13.6269868424231,4.92859035278992,27.19056564505683,199.14026034387584,-0.08016911217649844,1.0764395263177642,35.779723477104945,16.503987962676305,69.77214740637869,slack.exe,0,none
20.76272942388434,6.794286464243611,38.28625589092979,424.62516077271636,0.10194222093042717,1.4006195219547812,64.96211182636827,27.102251999081624,123.65025038617902,chrome.exe,0,none
19.195388809287373,5.477662556320924,26.806687989786163,252.26995047326835,4.649121734513813,45.37351404567891,47.45735048056645,19.217663588824102,83.6250415603632,python.exe,1,memory_leak
5.921161775414844,2.229579768721702,11.525274416441405,90.37846904687238,-0.0004906519137819032,0.776525866193451,25.547845310413418,9.704757260464026,44.833732122288495,svchost.exe,0,none
19.624488317605913,4.966056108026948,28.2322624080657,344.7809160542429,-0.3217502651305836,3.7967527942477166,58.580094976228466,26.542898569597227,118.72345414543241,edge.exe,0,none
21.233334078495595,7.499221236501778,38.35388573891402,310.22348135488977,-0.10292860152501551,1.190652830939176,59.84187838323832,25.156090645141983,108.76597847212355,teams.exe,0,none
5.899752518121455,2.4228682318364583,10.318141964574028,88.17031684508396,-0.1103535371502692,1.1355080227562737,23.97135452217298,11.968154371938159,54.52691795019523,svchost.exe,0,none
7.574646733377604,2.995377217128614,13.458956502791589,119.75050314606254,-0.0035957843912006143,0.44305433446876014,31.81453050044913,12.444566432168909,53.035914270193544,explorer.exe,0,none
17.195893527223344,5.29248992830899,35.09996279130734,352.7480713366867,0.21404095550638544,2.8624328029392965,61.77799781212616,24.210689120344412,109.46359239290135,edge.exe,0,none
20.782419060641836,7.225293326866773,36.6694165038292,312.19855004203487,0.3141368089378015,3.2685771313489322,61.82342528785712,17.777025822594155,96.8715918031818,teams.exe,0,none
23.531478283514346,7.308271168908294,36.955863671791164,418.94158560603137,0.010339600886745378,3.1365124261629918,65.83449974067713,32.82745251953033,124.30850407253482,chrome.exe,0,none
12.069300945611753,4.598159211336656,20.715186315586376,257.7442158115694,-0.0768611494455835,1.7275327247443386,52.029274161331536,22.896158445307318,107.81040644209767,outlook.exe,0,none
16.902186864192313,7.3956366429142,31.461072391964436,357.20913171520675,0.17897611902229565,2.1734312137305483,66.02845907377058,24.76168595832851,122.47647691429742,edge.exe,0,none
15.364478674215844,6.984151041874681,30.10603516307777,237.38413734802717,-0.23076139486624925,1.9213472338618105,43.88239527433023,18.69453125376229,72.5131556161626,code.exe,0,none
15.739960430574463,5.230316666725953,24.568111508284783,241.49636116648873,0.12744377014101835,1.7359771553846677,55.27624028582598,18.126432250831638,94.93354357627395,code.exe,0,none
22.482357249989217,7.493958986539403,33.79405659359629,311.55755337423204,0.0017856575974008137,1.520266904909706,64.10150633239446,30.83101292662805,145.53845246076736,teams.exe,0,none
14.543167137996447,5.657279401728554,30.937059168994207,259.80544301449623,-0.14222689454621218,2.2370288317806692,46.838444658421544,17.479555601907883,80.1001396380286,outlook.exe,0,none
